ordinal,phase,cell,group,title,kind,mode,server,client,repetition,corpus,profile,connections,window,rate,arrival,socket_buffer,retain_batches,duration,warmup,runner_error,background_cpu_fraction,server_sibling_busy_fraction,server_gc,gc_dynamic_adaptation,builds,path,valid,records_per_second,mib_per_second,process_cpu_seconds,process_seconds,allocated_bytes_per_record,exclusion,eligible,load_model,offered,admitted,rejected,acknowledged,failed,unresolved,timedout,p50_ms,p99_ms,p999_ms,max_acknowledged_ms,p99_acknowledged_ms,latency_samples,client_delay_p99_ms,misses_over_1ms,misses_over_5ms,lateness_p99_us,lateness_max_us,late_over_1ms,client_cpu_utilization,strict_v1_adequate,server_cores_used,server_cpu_us_per_frame,server_cpu_ns_per_record,allocations_per_frame,gc_gen0,gc_gen1,gc_gen2,gc_pause_ms,server_peak_working_set_mib,owned_capacity_peak_mib,receive_stage_p50_us,processing_stage_p50_us,stage_samples
1,library-processing-controls,library-proc-easy-aggregate,"Library parsers (System.Text.Json vs simdjson): Processing only (one core, no sockets)",EASY aggregate,process,aggregate,csharp,,0,easy64k,easy,16,64,0,steady,4194304,8,10,5,,0.0679176521620307,0.09629910762041913,True,0,"{""cpp"": ""5aba1177016454e405f0deb3d882aa68d47eaedf2d2b6ca94a619ca0bc771fd1"", ""csharp"": ""b58a9a1b31084f2f1ce2fa1470d92bcac471fae8ad853cb87b3acb64634d819d""}",F:\SocketServerClient\results\fair-2x2-20260930\0001-library-proc-easy-aggregate-csharp,True,4313646.036483465,673.7586965140403,10.609375,10.6398118,0.0,,True,,,,,,,,,,,,,,,,,,,,,,,,,,,,,,,,,,,
2,library-processing-controls,library-proc-easy-aggregate,"Library parsers (System.Text.Json vs simdjson): Processing only (one core, no sockets)",EASY aggregate,process,aggregate,cpp,,0,easy64k,easy,16,64,0,steady,4194304,8,10,5,,0.14467556502563883,0.19345327347845268,,,"{""cpp"": ""5aba1177016454e405f0deb3d882aa68d47eaedf2d2b6ca94a619ca0bc771fd1"", ""csharp"": ""b58a9a1b31084f2f1ce2fa1470d92bcac471fae8ad853cb87b3acb64634d819d""}",F:\SocketServerClient\results\fair-2x2-20260930\0002-library-proc-easy-aggregate-cpp,True,4354193.048452422,680.0918313379664,10.4375,10.540732,0.0,,True,,,,,,,,,,,,,,,,,,,,,,,,,,,,,,,,,,,
3,library-processing-controls,library-proc-hardmix-allocate,"Library parsers (System.Text.Json vs simdjson): Processing only (one core, no sockets)","HARD mixed frames, retain-allocate",process,retain-allocate,csharp,,0,hardmix,hard,16,64,0,steady,4194304,64,10,5,,0.10563871012183255,0.13286254661655206,True,0,"{""cpp"": ""5aba1177016454e405f0deb3d882aa68d47eaedf2d2b6ca94a619ca0bc771fd1"", ""csharp"": ""b58a9a1b31084f2f1ce2fa1470d92bcac471fae8ad853cb87b3acb64634d819d""}",F:\SocketServerClient\results\fair-2x2-20260930\0003-library-proc-hardmix-allocate-csharp,True,544048.0364532997,397.6286738952808,10.203125,10.3014433,829.4146168779263,partner_excluded,False,,,,,,,,,,,,,,,,,,,,,,,,,,,,,,,,,,,
4,library-processing-controls,library-proc-hardmix-allocate,"Library parsers (System.Text.Json vs simdjson): Processing only (one core, no sockets)","HARD mixed frames, retain-allocate",process,retain-allocate,cpp,,0,hardmix,hard,16,64,0,steady,4194304,64,10,5,,0.20055629352828666,0.22298077628552893,,,"{""cpp"": ""5aba1177016454e405f0deb3d882aa68d47eaedf2d2b6ca94a619ca0bc771fd1"", ""csharp"": ""b58a9a1b31084f2f1ce2fa1470d92bcac471fae8ad853cb87b3acb64634d819d""}",F:\SocketServerClient\results\fair-2x2-20260930\0004-library-proc-hardmix-allocate-cpp,True,719108.578815685,525.5752643558072,11.484375,11.6904738,828.8016244147539,background_cpu_over_15pct,False,,,,,,,,,,,,,,,,,,,,,,,,,,,,,,,,,,,
5,library-processing-controls,library-proc-hardmix-aggregate,"Library parsers (System.Text.Json vs simdjson): Processing only (one core, no sockets)","HARD mixed frames, aggregate",process,aggregate,csharp,,0,hardmix,hard,16,64,0,steady,4194304,8,10,5,,0.20464149889389394,0.21846314278305728,True,0,"{""cpp"": ""5aba1177016454e405f0deb3d882aa68d47eaedf2d2b6ca94a619ca0bc771fd1"", ""csharp"": ""b58a9a1b31084f2f1ce2fa1470d92bcac471fae8ad853cb87b3acb64634d819d""}",F:\SocketServerClient\results\fair-2x2-20260930\0005-library-proc-hardmix-aggregate-csharp,True,698654.3294912498,510.62585641856026,9.984375,10.0272763,0.0,background_cpu_over_15pct,False,,,,,,,,,,,,,,,,,,,,,,,,,,,,,,,,,,,
6,library-processing-controls,library-proc-hardmix-aggregate,"Library parsers (System.Text.Json vs simdjson): Processing only (one core, no sockets)","HARD mixed frames, aggregate",process,aggregate,cpp,,0,hardmix,hard,16,64,0,steady,4194304,8,10,5,,0.22435926500754086,0.2188415688390439,,,"{""cpp"": ""5aba1177016454e405f0deb3d882aa68d47eaedf2d2b6ca94a619ca0bc771fd1"", ""csharp"": ""b58a9a1b31084f2f1ce2fa1470d92bcac471fae8ad853cb87b3acb64634d819d""}",F:\SocketServerClient\results\fair-2x2-20260930\0006-library-proc-hardmix-aggregate-cpp,True,1018514.7728148759,744.4024264792952,10.890625,11.0052012,0.0,background_cpu_over_15pct,False,,,,,,,,,,,,,,,,,,,,,,,,,,,,,,,,,,,
7,library-processing-controls,library-proc-hardmix-reuse,"Library parsers (System.Text.Json vs simdjson): Processing only (one core, no sockets)","HARD mixed frames, retain-reuse",process,retain-reuse,csharp,,0,hardmix,hard,16,64,0,steady,4194304,64,10,5,,0.21566297452658395,0.24515888920568868,True,0,"{""cpp"": ""5aba1177016454e405f0deb3d882aa68d47eaedf2d2b6ca94a619ca0bc771fd1"", ""csharp"": ""b58a9a1b31084f2f1ce2fa1470d92bcac471fae8ad853cb87b3acb64634d819d""}",F:\SocketServerClient\results\fair-2x2-20260930\0007-library-proc-hardmix-reuse-csharp,True,518005.9204743419,378.5952589239744,10.65625,10.8193358,0.07034943473792395,background_cpu_over_15pct,False,,,,,,,,,,,,,,,,,,,,,,,,,,,,,,,,,,,
8,library-processing-controls,library-proc-hardmix-reuse,"Library parsers (System.Text.Json vs simdjson): Processing only (one core, no sockets)","HARD mixed frames, retain-reuse",process,retain-reuse,cpp,,0,hardmix,hard,16,64,0,steady,4194304,64,10,5,,0.14979331736530407,0.19248352974652422,,,"{""cpp"": ""5aba1177016454e405f0deb3d882aa68d47eaedf2d2b6ca94a619ca0bc771fd1"", ""csharp"": ""b58a9a1b31084f2f1ce2fa1470d92bcac471fae8ad853cb87b3acb64634d819d""}",F:\SocketServerClient\results\fair-2x2-20260930\0008-library-proc-hardmix-reuse-cpp,True,727878.6631311153,531.9850604815831,11.5,11.5496173,0.0078003073731490995,partner_excluded,False,,,,,,,,,,,,,,,,,,,,,,,,,,,,,,,,,,,
9,library-processing-controls,library-proc-hard64k-aggregate,"Library parsers (System.Text.Json vs simdjson): Processing only (one core, no sockets)","HARD content, 64 KiB frames, aggregate",process,aggregate,csharp,,0,hard64k,hard,16,64,0,steady,4194304,8,10,5,,0.1703165568319623,0.21362094718199406,True,0,"{""cpp"": ""5aba1177016454e405f0deb3d882aa68d47eaedf2d2b6ca94a619ca0bc771fd1"", ""csharp"": ""b58a9a1b31084f2f1ce2fa1470d92bcac471fae8ad853cb87b3acb64634d819d""}",F:\SocketServerClient\results\fair-2x2-20260930\0009-library-proc-hard64k-aggregate-csharp,True,628580.450166039,459.2547728101771,11.0625,11.1491218,0.0,background_cpu_over_15pct,False,,,,,,,,,,,,,,,,,,,,,,,,,,,,,,,,,,,
10,library-processing-controls,library-proc-hard64k-aggregate,"Library parsers (System.Text.Json vs simdjson): Processing only (one core, no sockets)","HARD content, 64 KiB frames, aggregate",process,aggregate,cpp,,0,hard64k,hard,16,64,0,steady,4194304,8,10,5,,0.11889374316646838,0.15538432847942904,,,"{""cpp"": ""5aba1177016454e405f0deb3d882aa68d47eaedf2d2b6ca94a619ca0bc771fd1"", ""csharp"": ""b58a9a1b31084f2f1ce2fa1470d92bcac471fae8ad853cb87b3acb64634d819d""}",F:\SocketServerClient\results\fair-2x2-20260930\0010-library-proc-hard64k-aggregate-cpp,True,995063.3322544199,727.0152682373886,10.53125,10.5643326,0.0,partner_excluded,False,,,,,,,,,,,,,,,,,,,,,,,,,,,,,,,,,,,
11,library-processing-controls,library-proc-easy-reuse,"Library parsers (System.Text.Json vs simdjson): Processing only (one core, no sockets)",EASY retain-reuse,process,retain-reuse,csharp,,0,easy64k,easy,16,64,0,steady,4194304,8,10,5,,0.09495032522758239,0.1280938380088695,True,0,"{""cpp"": ""5aba1177016454e405f0deb3d882aa68d47eaedf2d2b6ca94a619ca0bc771fd1"", ""csharp"": ""b58a9a1b31084f2f1ce2fa1470d92bcac471fae8ad853cb87b3acb64634d819d""}",F:\SocketServerClient\results\fair-2x2-20260930\0011-library-proc-easy-reuse-csharp,True,3255715.8899369203,508.5180554156385,10.015625,10.0694075,0.0,,True,,,,,,,,,,,,,,,,,,,,,,,,,,,,,,,,,,,
12,library-processing-controls,library-proc-easy-reuse,"Library parsers (System.Text.Json vs simdjson): Processing only (one core, no sockets)",EASY retain-reuse,process,retain-reuse,cpp,,0,easy64k,easy,16,64,0,steady,4194304,8,10,5,,0.09948090406208232,0.11790192743105733,,,"{""cpp"": ""5aba1177016454e405f0deb3d882aa68d47eaedf2d2b6ca94a619ca0bc771fd1"", ""csharp"": ""b58a9a1b31084f2f1ce2fa1470d92bcac471fae8ad853cb87b3acb64634d819d""}",F:\SocketServerClient\results\fair-2x2-20260930\0012-library-proc-easy-reuse-cpp,True,3226226.381625256,503.91201854732276,10.15625,10.1614475,0.0,,True,,,,,,,,,,,,,,,,,,,,,,,,,,,,,,,,,,,
13,library-processing-controls,library-proc-hard64k-aggregate,"Library parsers (System.Text.Json vs simdjson): Processing only (one core, no sockets)","HARD content, 64 KiB frames, aggregate",process,aggregate,csharp,,1,hard64k,hard,16,64,0,steady,4194304,8,10,5,,0.09429522168732389,0.11698036099722067,True,0,"{""cpp"": ""5aba1177016454e405f0deb3d882aa68d47eaedf2d2b6ca94a619ca0bc771fd1"", ""csharp"": ""b58a9a1b31084f2f1ce2fa1470d92bcac471fae8ad853cb87b3acb64634d819d""}",F:\SocketServerClient\results\fair-2x2-20260930\0013-library-proc-hard64k-aggregate-csharp,True,676793.2635655252,494.48012011213604,10.328125,10.3548903,0.0,,True,,,,,,,,,,,,,,,,,,,,,,,,,,,,,,,,,,,
14,library-processing-controls,library-proc-hard64k-aggregate,"Library parsers (System.Text.Json vs simdjson): Processing only (one core, no sockets)","HARD content, 64 KiB frames, aggregate",process,aggregate,cpp,,1,hard64k,hard,16,64,0,steady,4194304,8,10,5,,0.13164739810145248,0.14854851011109527,,,"{""cpp"": ""5aba1177016454e405f0deb3d882aa68d47eaedf2d2b6ca94a619ca0bc771fd1"", ""csharp"": ""b58a9a1b31084f2f1ce2fa1470d92bcac471fae8ad853cb87b3acb64634d819d""}",F:\SocketServerClient\results\fair-2x2-20260930\0014-library-proc-hard64k-aggregate-cpp,True,1012467.5461165678,739.7311716370076,10.296875,10.3827328,0.0,,True,,,,,,,,,,,,,,,,,,,,,,,,,,,,,,,,,,,
15,library-processing-controls,library-proc-hardmix-allocate,"Library parsers (System.Text.Json vs simdjson): Processing only (one core, no sockets)","HARD mixed frames, retain-allocate",process,retain-allocate,cpp,,1,hardmix,hard,16,64,0,steady,4194304,64,10,5,,0.11058578831418917,0.12844832754408456,,,"{""cpp"": ""5aba1177016454e405f0deb3d882aa68d47eaedf2d2b6ca94a619ca0bc771fd1"", ""csharp"": ""b58a9a1b31084f2f1ce2fa1470d92bcac471fae8ad853cb87b3acb64634d819d""}",F:\SocketServerClient\results\fair-2x2-20260930\0015-library-proc-hardmix-allocate-cpp,True,731044.0558586349,534.2985527254053,11.46875,11.4996079,828.8016244147539,,True,,,,,,,,,,,,,,,,,,,,,,,,,,,,,,,,,,,
16,library-processing-controls,library-proc-hardmix-allocate,"Library parsers (System.Text.Json vs simdjson): Processing only (one core, no sockets)","HARD mixed frames, retain-allocate",process,retain-allocate,csharp,,1,hardmix,hard,16,64,0,steady,4194304,64,10,5,,0.10907791965914503,0.14482884129718973,True,0,"{""cpp"": ""5aba1177016454e405f0deb3d882aa68d47eaedf2d2b6ca94a619ca0bc771fd1"", ""csharp"": ""b58a9a1b31084f2f1ce2fa1470d92bcac471fae8ad853cb87b3acb64634d819d""}",F:\SocketServerClient\results\fair-2x2-20260930\0016-library-proc-hardmix-allocate-csharp,True,513425.25020191714,375.2473820382316,10.875,10.9158636,829.4146168779263,,True,,,,,,,,,,,,,,,,,,,,,,,,,,,,,,,,,,,
17,library-processing-controls,library-proc-easy-aggregate,"Library parsers (System.Text.Json vs simdjson): Processing only (one core, no sockets)",EASY aggregate,process,aggregate,cpp,,1,easy64k,easy,16,64,0,steady,4194304,8,10,5,,0.0792477488651814,0.10887441768407137,,,"{""cpp"": ""5aba1177016454e405f0deb3d882aa68d47eaedf2d2b6ca94a619ca0bc771fd1"", ""csharp"": ""b58a9a1b31084f2f1ce2fa1470d92bcac471fae8ad853cb87b3acb64634d819d""}",F:\SocketServerClient\results\fair-2x2-20260930\0017-library-proc-easy-aggregate-cpp,True,4449615.64796659,694.9961154917626,10.28125,10.3146846,0.0,,True,,,,,,,,,,,,,,,,,,,,,,,,,,,,,,,,,,,
18,library-processing-controls,library-proc-easy-aggregate,"Library parsers (System.Text.Json vs simdjson): Processing only (one core, no sockets)",EASY aggregate,process,aggregate,csharp,,1,easy64k,easy,16,64,0,steady,4194304,8,10,5,,0.12486623612891976,0.1635621139979285,True,0,"{""cpp"": ""5aba1177016454e405f0deb3d882aa68d47eaedf2d2b6ca94a619ca0bc771fd1"", ""csharp"": ""b58a9a1b31084f2f1ce2fa1470d92bcac471fae8ad853cb87b3acb64634d819d""}",F:\SocketServerClient\results\fair-2x2-20260930\0018-library-proc-easy-aggregate-csharp,True,4224229.117276182,659.7924539383021,10.8125,10.8650314,0.0,,True,,,,,,,,,,,,,,,,,,,,,,,,,,,,,,,,,,,
19,library-processing-controls,library-proc-hardmix-reuse,"Library parsers (System.Text.Json vs simdjson): Processing only (one core, no sockets)","HARD mixed frames, retain-reuse",process,retain-reuse,cpp,,1,hardmix,hard,16,64,0,steady,4194304,64,10,5,,0.20242203544827833,0.2439351677635199,,,"{""cpp"": ""5aba1177016454e405f0deb3d882aa68d47eaedf2d2b6ca94a619ca0bc771fd1"", ""csharp"": ""b58a9a1b31084f2f1ce2fa1470d92bcac471fae8ad853cb87b3acb64634d819d""}",F:\SocketServerClient\results\fair-2x2-20260930\0019-library-proc-hardmix-reuse-cpp,True,738980.6249475545,540.099157140189,11.328125,11.3761034,0.0078003073731490995,background_cpu_over_15pct,False,,,,,,,,,,,,,,,,,,,,,,,,,,,,,,,,,,,
20,library-processing-controls,library-proc-hardmix-reuse,"Library parsers (System.Text.Json vs simdjson): Processing only (one core, no sockets)","HARD mixed frames, retain-reuse",process,retain-reuse,csharp,,1,hardmix,hard,16,64,0,steady,4194304,64,10,5,,0.08809741341559044,0.11534794899854128,True,0,"{""cpp"": ""5aba1177016454e405f0deb3d882aa68d47eaedf2d2b6ca94a619ca0bc771fd1"", ""csharp"": ""b58a9a1b31084f2f1ce2fa1470d92bcac471fae8ad853cb87b3acb64634d819d""}",F:\SocketServerClient\results\fair-2x2-20260930\0020-library-proc-hardmix-reuse-csharp,True,534439.8838808513,390.60635838271645,10.453125,10.4866425,0.07034943473792395,partner_excluded,False,,,,,,,,,,,,,,,,,,,,,,,,,,,,,,,,,,,
21,library-processing-controls,library-proc-hardmix-aggregate,"Library parsers (System.Text.Json vs simdjson): Processing only (one core, no sockets)","HARD mixed frames, aggregate",process,aggregate,csharp,,1,hardmix,hard,16,64,0,steady,4194304,8,10,5,,0.1302078980048011,0.16073489743908248,True,0,"{""cpp"": ""5aba1177016454e405f0deb3d882aa68d47eaedf2d2b6ca94a619ca0bc771fd1"", ""csharp"": ""b58a9a1b31084f2f1ce2fa1470d92bcac471fae8ad853cb87b3acb64634d819d""}",F:\SocketServerClient\results\fair-2x2-20260930\0021-library-proc-hardmix-aggregate-csharp,True,658327.7173532305,481.1523242436006,10.609375,10.6415085,0.0,,True,,,,,,,,,,,,,,,,,,,,,,,,,,,,,,,,,,,
22,library-processing-controls,library-proc-hardmix-aggregate,"Library parsers (System.Text.Json vs simdjson): Processing only (one core, no sockets)","HARD mixed frames, aggregate",process,aggregate,cpp,,1,hardmix,hard,16,64,0,steady,4194304,8,10,5,,0.13681112869309758,0.15960279331860106,,,"{""cpp"": ""5aba1177016454e405f0deb3d882aa68d47eaedf2d2b6ca94a619ca0bc771fd1"", ""csharp"": ""b58a9a1b31084f2f1ce2fa1470d92bcac471fae8ad853cb87b3acb64634d819d""}",F:\SocketServerClient\results\fair-2x2-20260930\0022-library-proc-hardmix-aggregate-cpp,True,1003583.9059127194,733.4898959514491,11.109375,11.1689316,0.0,,True,,,,,,,,,,,,,,,,,,,,,,,,,,,,,,,,,,,
23,library-processing-controls,library-proc-easy-reuse,"Library parsers (System.Text.Json vs simdjson): Processing only (one core, no sockets)",EASY retain-reuse,process,retain-reuse,cpp,,1,easy64k,easy,16,64,0,steady,4194304,8,10,5,,0.10736582956810058,0.12307095850972255,,,"{""cpp"": ""5aba1177016454e405f0deb3d882aa68d47eaedf2d2b6ca94a619ca0bc771fd1"", ""csharp"": ""b58a9a1b31084f2f1ce2fa1470d92bcac471fae8ad853cb87b3acb64634d819d""}",F:\SocketServerClient\results\fair-2x2-20260930\0023-library-proc-easy-reuse-cpp,True,3245245.3775111274,506.8826410250811,9.984375,10.1018956,0.0,,True,,,,,,,,,,,,,,,,,,,,,,,,,,,,,,,,,,,
24,library-processing-controls,library-proc-easy-reuse,"Library parsers (System.Text.Json vs simdjson): Processing only (one core, no sockets)",EASY retain-reuse,process,retain-reuse,csharp,,1,easy64k,easy,16,64,0,steady,4194304,8,10,5,,0.09132384378565694,0.12337681017297651,True,0,"{""cpp"": ""5aba1177016454e405f0deb3d882aa68d47eaedf2d2b6ca94a619ca0bc771fd1"", ""csharp"": ""b58a9a1b31084f2f1ce2fa1470d92bcac471fae8ad853cb87b3acb64634d819d""}",F:\SocketServerClient\results\fair-2x2-20260930\0024-library-proc-easy-reuse-csharp,True,3143888.1399771636,491.0514115580434,10.421875,10.4275752,0.0,,True,,,,,,,,,,,,,,,,,,,,,,,,,,,,,,,,,,,
25,library-processing-controls,library-proc-hardmix-allocate,"Library parsers (System.Text.Json vs simdjson): Processing only (one core, no sockets)","HARD mixed frames, retain-allocate",process,retain-allocate,cpp,,2,hardmix,hard,16,64,0,steady,4194304,64,10,5,,0.14495618398092636,0.16299475523087464,,,"{""cpp"": ""5aba1177016454e405f0deb3d882aa68d47eaedf2d2b6ca94a619ca0bc771fd1"", ""csharp"": ""b58a9a1b31084f2f1ce2fa1470d92bcac471fae8ad853cb87b3acb64634d819d""}",F:\SocketServerClient\results\fair-2x2-20260930\0025-library-proc-hardmix-allocate-cpp,True,720701.3938059348,526.739405883571,11.53125,11.6646368,828.8016244147539,partner_excluded,False,,,,,,,,,,,,,,,,,,,,,,,,,,,,,,,,,,,
26,library-processing-controls,library-proc-hardmix-allocate,"Library parsers (System.Text.Json vs simdjson): Processing only (one core, no sockets)","HARD mixed frames, retain-allocate",process,retain-allocate,csharp,,2,hardmix,hard,16,64,0,steady,4194304,64,10,5,,0.29066807167541275,0.33450358753510906,True,0,"{""cpp"": ""5aba1177016454e405f0deb3d882aa68d47eaedf2d2b6ca94a619ca0bc771fd1"", ""csharp"": ""b58a9a1b31084f2f1ce2fa1470d92bcac471fae8ad853cb87b3acb64634d819d""}",F:\SocketServerClient\results\fair-2x2-20260930\0026-library-proc-hardmix-allocate-csharp,True,430475.2063830472,314.6216399837725,11.96875,13.0192864,829.4146168779263,background_cpu_over_15pct,False,,,,,,,,,,,,,,,,,,,,,,,,,,,,,,,,,,,
27,library-processing-controls,library-proc-hardmix-aggregate,"Library parsers (System.Text.Json vs simdjson): Processing only (one core, no sockets)","HARD mixed frames, aggregate",process,aggregate,cpp,,2,hardmix,hard,16,64,0,steady,4194304,8,10,5,,0.138031252286055,0.1783002099751369,,,"{""cpp"": ""5aba1177016454e405f0deb3d882aa68d47eaedf2d2b6ca94a619ca0bc771fd1"", ""csharp"": ""b58a9a1b31084f2f1ce2fa1470d92bcac471fae8ad853cb87b3acb64634d819d""}",F:\SocketServerClient\results\fair-2x2-20260930\0027-library-proc-hardmix-aggregate-cpp,True,1002642.4001711359,732.8017771560368,11.140625,11.1794195,0.0,partner_excluded,False,,,,,,,,,,,,,,,,,,,,,,,,,,,,,,,,,,,
28,library-processing-controls,library-proc-hardmix-aggregate,"Library parsers (System.Text.Json vs simdjson): Processing only (one core, no sockets)","HARD mixed frames, aggregate",process,aggregate,csharp,,2,hardmix,hard,16,64,0,steady,4194304,8,10,5,,0.16298529757124475,0.2008467573253997,True,0,"{""cpp"": ""5aba1177016454e405f0deb3d882aa68d47eaedf2d2b6ca94a619ca0bc771fd1"", ""csharp"": ""b58a9a1b31084f2f1ce2fa1470d92bcac471fae8ad853cb87b3acb64634d819d""}",F:\SocketServerClient\results\fair-2x2-20260930\0028-library-proc-hardmix-aggregate-csharp,True,651565.6511731641,476.2101293861384,10.609375,10.751948,0.0,background_cpu_over_15pct,False,,,,,,,,,,,,,,,,,,,,,,,,,,,,,,,,,,,
29,library-processing-controls,library-proc-hard64k-aggregate,"Library parsers (System.Text.Json vs simdjson): Processing only (one core, no sockets)","HARD content, 64 KiB frames, aggregate",process,aggregate,csharp,,2,hard64k,hard,16,64,0,steady,4194304,8,10,5,,0.116894845301577,0.14829075504319872,True,0,"{""cpp"": ""5aba1177016454e405f0deb3d882aa68d47eaedf2d2b6ca94a619ca0bc771fd1"", ""csharp"": ""b58a9a1b31084f2f1ce2fa1470d92bcac471fae8ad853cb87b3acb64634d819d""}",F:\SocketServerClient\results\fair-2x2-20260930\0029-library-proc-hard64k-aggregate-csharp,True,675838.9727423515,493.7828941403838,10.296875,10.3695115,0.0,,True,,,,,,,,,,,,,,,,,,,,,,,,,,,,,,,,,,,
30,library-processing-controls,library-proc-hard64k-aggregate,"Library parsers (System.Text.Json vs simdjson): Processing only (one core, no sockets)","HARD content, 64 KiB frames, aggregate",process,aggregate,cpp,,2,hard64k,hard,16,64,0,steady,4194304,8,10,5,,0.1153720058779062,0.13402463246370513,,,"{""cpp"": ""5aba1177016454e405f0deb3d882aa68d47eaedf2d2b6ca94a619ca0bc771fd1"", ""csharp"": ""b58a9a1b31084f2f1ce2fa1470d92bcac471fae8ad853cb87b3acb64634d819d""}",F:\SocketServerClient\results\fair-2x2-20260930\0030-library-proc-hard64k-aggregate-cpp,True,1016518.4514279596,742.6908526101709,10.234375,10.3413568,0.0,,True,,,,,,,,,,,,,,,,,,,,,,,,,,,,,,,,,,,
31,library-processing-controls,library-proc-hardmix-reuse,"Library parsers (System.Text.Json vs simdjson): Processing only (one core, no sockets)","HARD mixed frames, retain-reuse",process,retain-reuse,cpp,,2,hardmix,hard,16,64,0,steady,4194304,64,10,5,,0.12003004706952106,0.153817465807923,,,"{""cpp"": ""5aba1177016454e405f0deb3d882aa68d47eaedf2d2b6ca94a619ca0bc771fd1"", ""csharp"": ""b58a9a1b31084f2f1ce2fa1470d92bcac471fae8ad853cb87b3acb64634d819d""}",F:\SocketServerClient\results\fair-2x2-20260930\0031-library-proc-hardmix-reuse-cpp,True,739145.0013489604,540.2192950069422,11.3125,11.3735735,0.0078003073731490995,,True,,,,,,,,,,,,,,,,,,,,,,,,,,,,,,,,,,,
32,library-processing-controls,library-proc-hardmix-reuse,"Library parsers (System.Text.Json vs simdjson): Processing only (one core, no sockets)","HARD mixed frames, retain-reuse",process,retain-reuse,csharp,,2,hardmix,hard,16,64,0,steady,4194304,64,10,5,,0.1421299132622034,0.18889067209874746,True,0,"{""cpp"": ""5aba1177016454e405f0deb3d882aa68d47eaedf2d2b6ca94a619ca0bc771fd1"", ""csharp"": ""b58a9a1b31084f2f1ce2fa1470d92bcac471fae8ad853cb87b3acb64634d819d""}",F:\SocketServerClient\results\fair-2x2-20260930\0032-library-proc-hardmix-reuse-csharp,True,518237.474762591,378.7644951281366,10.75,10.8145016,0.07034943473792395,,True,,,,,,,,,,,,,,,,,,,,,,,,,,,,,,,,,,,
33,library-processing-controls,library-proc-easy-reuse,"Library parsers (System.Text.Json vs simdjson): Processing only (one core, no sockets)",EASY retain-reuse,process,retain-reuse,cpp,,2,easy64k,easy,16,64,0,steady,4194304,8,10,5,,0.17432766490488738,0.22580863843831608,,,"{""cpp"": ""5aba1177016454e405f0deb3d882aa68d47eaedf2d2b6ca94a619ca0bc771fd1"", ""csharp"": ""b58a9a1b31084f2f1ce2fa1470d92bcac471fae8ad853cb87b3acb64634d819d""}",F:\SocketServerClient\results\fair-2x2-20260930\0033-library-proc-easy-reuse-cpp,True,3181234.60388944,496.8846451224405,10.203125,10.3051595,0.0,background_cpu_over_15pct,False,,,,,,,,,,,,,,,,,,,,,,,,,,,,,,,,,,,
34,library-processing-controls,library-proc-easy-reuse,"Library parsers (System.Text.Json vs simdjson): Processing only (one core, no sockets)",EASY retain-reuse,process,retain-reuse,csharp,,2,easy64k,easy,16,64,0,steady,4194304,8,10,5,,0.07652279387255383,0.09839382822903703,True,0,"{""cpp"": ""5aba1177016454e405f0deb3d882aa68d47eaedf2d2b6ca94a619ca0bc771fd1"", ""csharp"": ""b58a9a1b31084f2f1ce2fa1470d92bcac471fae8ad853cb87b3acb64634d819d""}",F:\SocketServerClient\results\fair-2x2-20260930\0034-library-proc-easy-reuse-csharp,True,3272220.7793530007,511.0959935879027,9.90625,10.018618,0.0,partner_excluded,False,,,,,,,,,,,,,,,,,,,,,,,,,,,,,,,,,,,
35,library-processing-controls,library-proc-easy-aggregate,"Library parsers (System.Text.Json vs simdjson): Processing only (one core, no sockets)",EASY aggregate,process,aggregate,csharp,,2,easy64k,easy,16,64,0,steady,4194304,8,10,5,,0.07702866375524163,0.10375835432266639,True,0,"{""cpp"": ""5aba1177016454e405f0deb3d882aa68d47eaedf2d2b6ca94a619ca0bc771fd1"", ""csharp"": ""b58a9a1b31084f2f1ce2fa1470d92bcac471fae8ad853cb87b3acb64634d819d""}",F:\SocketServerClient\results\fair-2x2-20260930\0035-library-proc-easy-aggregate-csharp,True,4218641.632259472,658.9197312833112,10.078125,10.1023203,0.0,,True,,,,,,,,,,,,,,,,,,,,,,,,,,,,,,,,,,,
36,library-processing-controls,library-proc-easy-aggregate,"Library parsers (System.Text.Json vs simdjson): Processing only (one core, no sockets)",EASY aggregate,process,aggregate,cpp,,2,easy64k,easy,16,64,0,steady,4194304,8,10,5,,0.11989546287911748,0.1457180389200602,,,"{""cpp"": ""5aba1177016454e405f0deb3d882aa68d47eaedf2d2b6ca94a619ca0bc771fd1"", ""csharp"": ""b58a9a1b31084f2f1ce2fa1470d92bcac471fae8ad853cb87b3acb64634d819d""}",F:\SocketServerClient\results\fair-2x2-20260930\0036-library-proc-easy-aggregate-cpp,True,4358962.596810789,680.8367985090589,10.453125,10.5291984,0.0,,True,,,,,,,,,,,,,,,,,,,,,,,,,,,,,,,,,,,
37,fast-processing-controls,fast-proc-easy-reuse,"Specialized parsers (FastJson vs its C++ port): Processing only (one core, no sockets)",EASY retain-reuse,process,retain-reuse,cpp,,0,easy64k,easy,16,64,0,steady,4194304,8,10,5,,0.18021932378724656,0.21530661853165348,,,"{""cpp"": ""5aba1177016454e405f0deb3d882aa68d47eaedf2d2b6ca94a619ca0bc771fd1"", ""csharp"": ""b58a9a1b31084f2f1ce2fa1470d92bcac471fae8ad853cb87b3acb64634d819d""}",F:\SocketServerClient\results\fair-2x2-20260930\0037-fast-proc-easy-reuse-cpp,True,5153888.242716471,804.998137311816,10.140625,10.1773662,0.0,background_cpu_over_15pct,False,,,,,,,,,,,,,,,,,,,,,,,,,,,,,,,,,,,
38,fast-processing-controls,fast-proc-easy-reuse,"Specialized parsers (FastJson vs its C++ port): Processing only (one core, no sockets)",EASY retain-reuse,process,retain-reuse,csharp,,0,easy64k,easy,16,64,0,steady,4194304,8,10,5,,0.11673488378110047,0.15612477689705195,True,0,"{""cpp"": ""5aba1177016454e405f0deb3d882aa68d47eaedf2d2b6ca94a619ca0bc771fd1"", ""csharp"": ""b58a9a1b31084f2f1ce2fa1470d92bcac471fae8ad853cb87b3acb64634d819d""}",F:\SocketServerClient\results\fair-2x2-20260930\0038-fast-proc-easy-reuse-csharp,True,5355817.810679105,836.5379997269202,10.296875,10.4057537,0.0,partner_excluded,False,,,,,,,,,,,,,,,,,,,,,,,,,,,,,,,,,,,
39,fast-processing-controls,fast-proc-hard64k-aggregate,"Specialized parsers (FastJson vs its C++ port): Processing only (one core, no sockets)","HARD content, 64 KiB frames, aggregate",process,aggregate,cpp,,0,hard64k,hard,16,64,0,steady,4194304,8,10,5,,0.22187697959282396,0.2737537508637114,,,"{""cpp"": ""5aba1177016454e405f0deb3d882aa68d47eaedf2d2b6ca94a619ca0bc771fd1"", ""csharp"": ""b58a9a1b31084f2f1ce2fa1470d92bcac471fae8ad853cb87b3acb64634d819d""}",F:\SocketServerClient\results\fair-2x2-20260930\0039-fast-proc-hard64k-aggregate-cpp,True,1269093.1984366684,927.2275464008101,10.453125,10.4920805,0.0,background_cpu_over_15pct,False,,,,,,,,,,,,,,,,,,,,,,,,,,,,,,,,,,,
40,fast-processing-controls,fast-proc-hard64k-aggregate,"Specialized parsers (FastJson vs its C++ port): Processing only (one core, no sockets)","HARD content, 64 KiB frames, aggregate",process,aggregate,csharp,,0,hard64k,hard,16,64,0,steady,4194304,8,10,5,,0.1767641097384589,0.19866230713512287,True,0,"{""cpp"": ""5aba1177016454e405f0deb3d882aa68d47eaedf2d2b6ca94a619ca0bc771fd1"", ""csharp"": ""b58a9a1b31084f2f1ce2fa1470d92bcac471fae8ad853cb87b3acb64634d819d""}",F:\SocketServerClient\results\fair-2x2-20260930\0040-fast-proc-hard64k-aggregate-csharp,True,1247880.9120343304,911.7293810189296,10,10.10883,0.0,background_cpu_over_15pct,False,,,,,,,,,,,,,,,,,,,,,,,,,,,,,,,,,,,
41,fast-processing-controls,fast-proc-easy-aggregate,"Specialized parsers (FastJson vs its C++ port): Processing only (one core, no sockets)",EASY aggregate,process,aggregate,csharp,,0,easy64k,easy,16,64,0,steady,4194304,8,10,5,,0.12311135678477247,0.2118182357520111,True,0,"{""cpp"": ""5aba1177016454e405f0deb3d882aa68d47eaedf2d2b6ca94a619ca0bc771fd1"", ""csharp"": ""b58a9a1b31084f2f1ce2fa1470d92bcac471fae8ad853cb87b3acb64634d819d""}",F:\SocketServerClient\results\fair-2x2-20260930\0041-fast-proc-easy-aggregate-csharp,True,8551455.012792774,1335.6722211298202,10.328125,10.3508059,0.0,,True,,,,,,,,,,,,,,,,,,,,,,,,,,,,,,,,,,,
42,fast-processing-controls,fast-proc-easy-aggregate,"Specialized parsers (FastJson vs its C++ port): Processing only (one core, no sockets)",EASY aggregate,process,aggregate,cpp,,0,easy64k,easy,16,64,0,steady,4194304,8,10,5,,0.059829417950662156,0.08377238036221626,,,"{""cpp"": ""5aba1177016454e405f0deb3d882aa68d47eaedf2d2b6ca94a619ca0bc771fd1"", ""csharp"": ""b58a9a1b31084f2f1ce2fa1470d92bcac471fae8ad853cb87b3acb64634d819d""}",F:\SocketServerClient\results\fair-2x2-20260930\0042-fast-proc-easy-aggregate-cpp,True,9192376.80486097,1435.7793294875892,10.328125,10.3423825,0.0,,True,,,,,,,,,,,,,,,,,,,,,,,,,,,,,,,,,,,
43,fast-processing-controls,fast-proc-hardmix-reuse,"Specialized parsers (FastJson vs its C++ port): Processing only (one core, no sockets)","HARD mixed frames, retain-reuse",process,retain-reuse,cpp,,0,hardmix,hard,16,64,0,steady,4194304,64,10,5,,0.08196056414958167,0.10594946181659869,,,"{""cpp"": ""5aba1177016454e405f0deb3d882aa68d47eaedf2d2b6ca94a619ca0bc771fd1"", ""csharp"": ""b58a9a1b31084f2f1ce2fa1470d92bcac471fae8ad853cb87b3acb64634d819d""}",F:\SocketServerClient\results\fair-2x2-20260930\0043-fast-proc-hardmix-reuse-cpp,True,869380.6043465609,635.404658511757,11.203125,11.2814111,0.0,,True,,,,,,,,,,,,,,,,,,,,,,,,,,,,,,,,,,,
44,fast-processing-controls,fast-proc-hardmix-reuse,"Specialized parsers (FastJson vs its C++ port): Processing only (one core, no sockets)","HARD mixed frames, retain-reuse",process,retain-reuse,csharp,,0,hardmix,hard,16,64,0,steady,4194304,64,10,5,,0.1179135069273578,0.14278305228474494,True,0,"{""cpp"": ""5aba1177016454e405f0deb3d882aa68d47eaedf2d2b6ca94a619ca0bc771fd1"", ""csharp"": ""b58a9a1b31084f2f1ce2fa1470d92bcac471fae8ad853cb87b3acb64634d819d""}",F:\SocketServerClient\results\fair-2x2-20260930\0044-fast-proc-hardmix-reuse-csharp,True,864888.454156597,632.1214783451338,11.296875,11.3400057,0.0,,True,,,,,,,,,,,,,,,,,,,,,,,,,,,,,,,,,,,
45,fast-processing-controls,fast-proc-hardmix-allocate,"Specialized parsers (FastJson vs its C++ port): Processing only (one core, no sockets)","HARD mixed frames, retain-allocate",process,retain-allocate,csharp,,0,hardmix,hard,16,64,0,steady,4194304,64,10,5,,0.05544458669182046,0.0692621318353983,True,0,"{""cpp"": ""5aba1177016454e405f0deb3d882aa68d47eaedf2d2b6ca94a619ca0bc771fd1"", ""csharp"": ""b58a9a1b31084f2f1ce2fa1470d92bcac471fae8ad853cb87b3acb64634d819d""}",F:\SocketServerClient\results\fair-2x2-20260930\0045-fast-proc-hardmix-allocate-csharp,True,859539.9882175898,628.2124422376502,11.3125,11.4105686,829.4146168779263,,True,,,,,,,,,,,,,,,,,,,,,,,,,,,,,,,,,,,
46,fast-processing-controls,fast-proc-hardmix-allocate,"Specialized parsers (FastJson vs its C++ port): Processing only (one core, no sockets)","HARD mixed frames, retain-allocate",process,retain-allocate,cpp,,0,hardmix,hard,16,64,0,steady,4194304,64,10,5,,0.09099420357919734,0.11788406122744317,,,"{""cpp"": ""5aba1177016454e405f0deb3d882aa68d47eaedf2d2b6ca94a619ca0bc771fd1"", ""csharp"": ""b58a9a1b31084f2f1ce2fa1470d92bcac471fae8ad853cb87b3acb64634d819d""}",F:\SocketServerClient\results\fair-2x2-20260930\0046-fast-proc-hardmix-allocate-cpp,True,861760.2811071344,629.8351888669445,11.28125,11.3811697,828.8016244147539,,True,,,,,,,,,,,,,,,,,,,,,,,,,,,,,,,,,,,
47,fast-processing-controls,fast-proc-hardmix-aggregate,"Specialized parsers (FastJson vs its C++ port): Processing only (one core, no sockets)","HARD mixed frames, aggregate",process,aggregate,cpp,,0,hardmix,hard,16,64,0,steady,4194304,8,10,5,,0.11375419296484177,0.14971364064652998,,,"{""cpp"": ""5aba1177016454e405f0deb3d882aa68d47eaedf2d2b6ca94a619ca0bc771fd1"", ""csharp"": ""b58a9a1b31084f2f1ce2fa1470d92bcac471fae8ad853cb87b3acb64634d819d""}",F:\SocketServerClient\results\fair-2x2-20260930\0047-fast-proc-hardmix-aggregate-cpp,True,1283587.3253556923,938.1361420533048,10.828125,10.9156578,0.0,,True,,,,,,,,,,,,,,,,,,,,,,,,,,,,,,,,,,,
48,fast-processing-controls,fast-proc-hardmix-aggregate,"Specialized parsers (FastJson vs its C++ port): Processing only (one core, no sockets)","HARD mixed frames, aggregate",process,aggregate,csharp,,0,hardmix,hard,16,64,0,steady,4194304,8,10,5,,0.050455029015549484,0.07217772460777862,True,0,"{""cpp"": ""5aba1177016454e405f0deb3d882aa68d47eaedf2d2b6ca94a619ca0bc771fd1"", ""csharp"": ""b58a9a1b31084f2f1ce2fa1470d92bcac471fae8ad853cb87b3acb64634d819d""}",F:\SocketServerClient\results\fair-2x2-20260930\0048-fast-proc-hardmix-aggregate-csharp,True,1299391.7382864489,949.6871216254727,10.703125,10.7828914,0.0,,True,,,,,,,,,,,,,,,,,,,,,,,,,,,,,,,,,,,
49,fast-processing-controls,fast-proc-easy-reuse,"Specialized parsers (FastJson vs its C++ port): Processing only (one core, no sockets)",EASY retain-reuse,process,retain-reuse,cpp,,1,easy64k,easy,16,64,0,steady,4194304,8,10,5,,0.07007670642083742,0.09335546469822428,,,"{""cpp"": ""5aba1177016454e405f0deb3d882aa68d47eaedf2d2b6ca94a619ca0bc771fd1"", ""csharp"": ""b58a9a1b31084f2f1ce2fa1470d92bcac471fae8ad853cb87b3acb64634d819d""}",F:\SocketServerClient\results\fair-2x2-20260930\0049-fast-proc-easy-reuse-cpp,True,5599488.400389988,874.5974922105105,10.515625,10.5383974,0.0,partner_excluded,False,,,,,,,,,,,,,,,,,,,,,,,,,,,,,,,,,,,
50,fast-processing-controls,fast-proc-easy-reuse,"Specialized parsers (FastJson vs its C++ port): Processing only (one core, no sockets)",EASY retain-reuse,process,retain-reuse,csharp,,1,easy64k,easy,16,64,0,steady,4194304,8,10,5,,0.15073616323839445,0.21495430861037804,True,0,"{""cpp"": ""5aba1177016454e405f0deb3d882aa68d47eaedf2d2b6ca94a619ca0bc771fd1"", ""csharp"": ""b58a9a1b31084f2f1ce2fa1470d92bcac471fae8ad853cb87b3acb64634d819d""}",F:\SocketServerClient\results\fair-2x2-20260930\0050-fast-proc-easy-reuse-csharp,True,5146572.352723112,803.8554509476415,10.125,10.1918334,0.0,background_cpu_over_15pct,False,,,,,,,,,,,,,,,,,,,,,,,,,,,,,,,,,,,
51,fast-processing-controls,fast-proc-hard64k-aggregate,"Specialized parsers (FastJson vs its C++ port): Processing only (one core, no sockets)","HARD content, 64 KiB frames, aggregate",process,aggregate,cpp,,1,hard64k,hard,16,64,0,steady,4194304,8,10,5,,0.10258437158206576,0.1573061895623014,,,"{""cpp"": ""5aba1177016454e405f0deb3d882aa68d47eaedf2d2b6ca94a619ca0bc771fd1"", ""csharp"": ""b58a9a1b31084f2f1ce2fa1470d92bcac471fae8ad853cb87b3acb64634d819d""}",F:\SocketServerClient\results\fair-2x2-20260930\0051-fast-proc-hard64k-aggregate-cpp,True,1237333.2307994417,904.0230119329623,10.1875,10.195003,0.0,,True,,,,,,,,,,,,,,,,,,,,,,,,,,,,,,,,,,,
52,fast-processing-controls,fast-proc-hard64k-aggregate,"Specialized parsers (FastJson vs its C++ port): Processing only (one core, no sockets)","HARD content, 64 KiB frames, aggregate",process,aggregate,csharp,,1,hard64k,hard,16,64,0,steady,4194304,8,10,5,,0.07000157288157269,0.09081859526769374,True,0,"{""cpp"": ""5aba1177016454e405f0deb3d882aa68d47eaedf2d2b6ca94a619ca0bc771fd1"", ""csharp"": ""b58a9a1b31084f2f1ce2fa1470d92bcac471fae8ad853cb87b3acb64634d819d""}",F:\SocketServerClient\results\fair-2x2-20260930\0052-fast-proc-hard64k-aggregate-csharp,True,1301657.1170563782,951.0194652292648,10.15625,10.2295972,0.0,,True,,,,,,,,,,,,,,,,,,,,,,,,,,,,,,,,,,,
53,fast-processing-controls,fast-proc-hardmix-allocate,"Specialized parsers (FastJson vs its C++ port): Processing only (one core, no sockets)","HARD mixed frames, retain-allocate",process,retain-allocate,csharp,,1,hardmix,hard,16,64,0,steady,4194304,64,10,5,,0.0977809286708225,0.11706221878118216,True,0,"{""cpp"": ""5aba1177016454e405f0deb3d882aa68d47eaedf2d2b6ca94a619ca0bc771fd1"", ""csharp"": ""b58a9a1b31084f2f1ce2fa1470d92bcac471fae8ad853cb87b3acb64634d819d""}",F:\SocketServerClient\results\fair-2x2-20260930\0053-fast-proc-hardmix-allocate-csharp,True,854904.4343678515,624.8244525629557,11.5,11.4724402,829.4146168779263,partner_excluded,False,,,,,,,,,,,,,,,,,,,,,,,,,,,,,,,,,,,
54,fast-processing-controls,fast-proc-hardmix-allocate,"Specialized parsers (FastJson vs its C++ port): Processing only (one core, no sockets)","HARD mixed frames, retain-allocate",process,retain-allocate,cpp,,1,hardmix,hard,16,64,0,steady,4194304,64,10,5,,0.31741764029892106,0.3513632392342031,,,"{""cpp"": ""5aba1177016454e405f0deb3d882aa68d47eaedf2d2b6ca94a619ca0bc771fd1"", ""csharp"": ""b58a9a1b31084f2f1ce2fa1470d92bcac471fae8ad853cb87b3acb64634d819d""}",F:\SocketServerClient\results\fair-2x2-20260930\0054-fast-proc-hardmix-allocate-cpp,True,678641.9353462199,495.99938740815156,8.578125,10.3229695,828.8016244147539,background_cpu_over_15pct,False,,,,,,,,,,,,,,,,,,,,,,,,,,,,,,,,,,,
55,fast-processing-controls,fast-proc-hardmix-reuse,"Specialized parsers (FastJson vs its C++ port): Processing only (one core, no sockets)","HARD mixed frames, retain-reuse",process,retain-reuse,cpp,,1,hardmix,hard,16,64,0,steady,4194304,64,10,5,,0.7330293888982411,0.7902912885285017,,,"{""cpp"": ""5aba1177016454e405f0deb3d882aa68d47eaedf2d2b6ca94a619ca0bc771fd1"", ""csharp"": ""b58a9a1b31084f2f1ce2fa1470d92bcac471fae8ad853cb87b3acb64634d819d""}",F:\SocketServerClient\results\fair-2x2-20260930\0055-fast-proc-hardmix-reuse-cpp,True,696197.9716088845,508.83057684408664,8.578125,10.062655,0.05616221308667352,background_cpu_over_15pct,False,,,,,,,,,,,,,,,,,,,,,,,,,,,,,,,,,,,
56,fast-processing-controls,fast-proc-hardmix-reuse,"Specialized parsers (FastJson vs its C++ port): Processing only (one core, no sockets)","HARD mixed frames, retain-reuse",process,retain-reuse,csharp,,1,hardmix,hard,16,64,0,steady,4194304,64,10,5,,0.08731709693338768,0.12462271416001634,True,0,"{""cpp"": ""5aba1177016454e405f0deb3d882aa68d47eaedf2d2b6ca94a619ca0bc771fd1"", ""csharp"": ""b58a9a1b31084f2f1ce2fa1470d92bcac471fae8ad853cb87b3acb64634d819d""}",F:\SocketServerClient\results\fair-2x2-20260930\0056-fast-proc-hardmix-reuse-csharp,True,862860.8463219411,630.6395595430188,11.28125,11.3666532,0.006699946165516567,partner_excluded,False,,,,,,,,,,,,,,,,,,,,,,,,,,,,,,,,,,,
57,fast-processing-controls,fast-proc-hardmix-aggregate,"Specialized parsers (FastJson vs its C++ port): Processing only (one core, no sockets)","HARD mixed frames, aggregate",process,aggregate,cpp,,1,hardmix,hard,16,64,0,steady,4194304,8,10,5,,0.06540077480645232,0.08781001934683427,,,"{""cpp"": ""5aba1177016454e405f0deb3d882aa68d47eaedf2d2b6ca94a619ca0bc771fd1"", ""csharp"": ""b58a9a1b31084f2f1ce2fa1470d92bcac471fae8ad853cb87b3acb64634d819d""}",F:\SocketServerClient\results\fair-2x2-20260930\0057-fast-proc-hardmix-aggregate-cpp,True,1305967.848594973,954.4934068175195,10.671875,10.7285949,0.0,partner_excluded,False,,,,,,,,,,,,,,,,,,,,,,,,,,,,,,,,,,,
58,fast-processing-controls,fast-proc-hardmix-aggregate,"Specialized parsers (FastJson vs its C++ port): Processing only (one core, no sockets)","HARD mixed frames, aggregate",process,aggregate,csharp,,1,hardmix,hard,16,64,0,steady,4194304,8,10,5,,0.40835136202435196,0.5096126822152636,True,0,"{""cpp"": ""5aba1177016454e405f0deb3d882aa68d47eaedf2d2b6ca94a619ca0bc771fd1"", ""csharp"": ""b58a9a1b31084f2f1ce2fa1470d92bcac471fae8ad853cb87b3acb64634d819d""}",F:\SocketServerClient\results\fair-2x2-20260930\0058-fast-proc-hardmix-aggregate-csharp,True,1160208.6544281654,847.9623080887632,10.671875,10.8688036,0.0,background_cpu_over_15pct,False,,,,,,,,,,,,,,,,,,,,,,,,,,,,,,,,,,,
59,fast-processing-controls,fast-proc-easy-aggregate,"Specialized parsers (FastJson vs its C++ port): Processing only (one core, no sockets)",EASY aggregate,process,aggregate,csharp,,1,easy64k,easy,16,64,0,steady,4194304,8,10,5,,0.17691232232582654,0.276424600565401,True,0,"{""cpp"": ""5aba1177016454e405f0deb3d882aa68d47eaedf2d2b6ca94a619ca0bc771fd1"", ""csharp"": ""b58a9a1b31084f2f1ce2fa1470d92bcac471fae8ad853cb87b3acb64634d819d""}",F:\SocketServerClient\results\fair-2x2-20260930\0059-fast-proc-easy-aggregate-csharp,True,8161265.9761942215,1274.7276618244807,9.984375,10.0422931,0.0,background_cpu_over_15pct,False,,,,,,,,,,,,,,,,,,,,,,,,,,,,,,,,,,,
60,fast-processing-controls,fast-proc-easy-aggregate,"Specialized parsers (FastJson vs its C++ port): Processing only (one core, no sockets)",EASY aggregate,process,aggregate,cpp,,1,easy64k,easy,16,64,0,steady,4194304,8,10,5,,0.15132826581496167,0.23179193418286997,,,"{""cpp"": ""5aba1177016454e405f0deb3d882aa68d47eaedf2d2b6ca94a619ca0bc771fd1"", ""csharp"": ""b58a9a1b31084f2f1ce2fa1470d92bcac471fae8ad853cb87b3acb64634d819d""}",F:\SocketServerClient\results\fair-2x2-20260930\0060-fast-proc-easy-aggregate-cpp,True,7810604.647195638,1219.9570297545927,10.015625,10.0734214,0.0,background_cpu_over_15pct,False,,,,,,,,,,,,,,,,,,,,,,,,,,,,,,,,,,,
61,fast-processing-controls,fast-proc-hardmix-aggregate,"Specialized parsers (FastJson vs its C++ port): Processing only (one core, no sockets)","HARD mixed frames, aggregate",process,aggregate,csharp,,2,hardmix,hard,16,64,0,steady,4194304,8,10,5,,0.24732117825851604,0.32596075635594257,True,0,"{""cpp"": ""5aba1177016454e405f0deb3d882aa68d47eaedf2d2b6ca94a619ca0bc771fd1"", ""csharp"": ""b58a9a1b31084f2f1ce2fa1470d92bcac471fae8ad853cb87b3acb64634d819d""}",F:\SocketServerClient\results\fair-2x2-20260930\0061-fast-proc-hardmix-aggregate-csharp,True,1195932.1871867634,874.07158522219,10.4375,10.544143,0.0,background_cpu_over_15pct,False,,,,,,,,,,,,,,,,,,,,,,,,,,,,,,,,,,,
62,fast-processing-controls,fast-proc-hardmix-aggregate,"Specialized parsers (FastJson vs its C++ port): Processing only (one core, no sockets)","HARD mixed frames, aggregate",process,aggregate,cpp,,2,hardmix,hard,16,64,0,steady,4194304,8,10,5,,0.1552568723043175,0.22454172954475415,,,"{""cpp"": ""5aba1177016454e405f0deb3d882aa68d47eaedf2d2b6ca94a619ca0bc771fd1"", ""csharp"": ""b58a9a1b31084f2f1ce2fa1470d92bcac471fae8ad853cb87b3acb64634d819d""}",F:\SocketServerClient\results\fair-2x2-20260930\0062-fast-proc-hardmix-aggregate-cpp,True,1256814.9511193282,918.5690028462001,10.015625,10.0333625,0.0,background_cpu_over_15pct,False,,,,,,,,,,,,,,,,,,,,,,,,,,,,,,,,,,,
63,fast-processing-controls,fast-proc-hard64k-aggregate,"Specialized parsers (FastJson vs its C++ port): Processing only (one core, no sockets)","HARD content, 64 KiB frames, aggregate",process,aggregate,cpp,,2,hard64k,hard,16,64,0,steady,4194304,8,10,5,,0.15505964893166221,0.2352032264245672,,,"{""cpp"": ""5aba1177016454e405f0deb3d882aa68d47eaedf2d2b6ca94a619ca0bc771fd1"", ""csharp"": ""b58a9a1b31084f2f1ce2fa1470d92bcac471fae8ad853cb87b3acb64634d819d""}",F:\SocketServerClient\results\fair-2x2-20260930\0063-fast-proc-hard64k-aggregate-cpp,True,1230501.0372322614,899.0312602746634,10.21875,10.2516094,0.0,background_cpu_over_15pct,False,,,,,,,,,,,,,,,,,,,,,,,,,,,,,,,,,,,
64,fast-processing-controls,fast-proc-hard64k-aggregate,"Specialized parsers (FastJson vs its C++ port): Processing only (one core, no sockets)","HARD content, 64 KiB frames, aggregate",process,aggregate,csharp,,2,hard64k,hard,16,64,0,steady,4194304,8,10,5,,0.14316144727173483,0.2244112697247156,True,0,"{""cpp"": ""5aba1177016454e405f0deb3d882aa68d47eaedf2d2b6ca94a619ca0bc771fd1"", ""csharp"": ""b58a9a1b31084f2f1ce2fa1470d92bcac471fae8ad853cb87b3acb64634d819d""}",F:\SocketServerClient\results\fair-2x2-20260930\0064-fast-proc-hard64k-aggregate-csharp,True,1228147.5212565803,897.3117294740618,10.21875,10.2712547,0.0,partner_excluded,False,,,,,,,,,,,,,,,,,,,,,,,,,,,,,,,,,,,
65,fast-processing-controls,fast-proc-hardmix-reuse,"Specialized parsers (FastJson vs its C++ port): Processing only (one core, no sockets)","HARD mixed frames, retain-reuse",process,retain-reuse,csharp,,2,hardmix,hard,16,64,0,steady,4194304,64,10,5,,0.15976198118270882,0.2807941912643323,True,0,"{""cpp"": ""5aba1177016454e405f0deb3d882aa68d47eaedf2d2b6ca94a619ca0bc771fd1"", ""csharp"": ""b58a9a1b31084f2f1ce2fa1470d92bcac471fae8ad853cb87b3acb64634d819d""}",F:\SocketServerClient\results\fair-2x2-20260930\0065-fast-proc-hardmix-reuse-csharp,True,815876.7468964425,596.3002661407004,10.265625,10.3039093,0.007816603859769327,background_cpu_over_15pct,False,,,,,,,,,,,,,,,,,,,,,,,,,,,,,,,,,,,
66,fast-processing-controls,fast-proc-hardmix-reuse,"Specialized parsers (FastJson vs its C++ port): Processing only (one core, no sockets)","HARD mixed frames, retain-reuse",process,retain-reuse,cpp,,2,hardmix,hard,16,64,0,steady,4194304,64,10,5,,0.13060298261824455,0.22181127485704916,,,"{""cpp"": ""5aba1177016454e405f0deb3d882aa68d47eaedf2d2b6ca94a619ca0bc771fd1"", ""csharp"": ""b58a9a1b31084f2f1ce2fa1470d92bcac471fae8ad853cb87b3acb64634d819d""}",F:\SocketServerClient\results\fair-2x2-20260930\0066-fast-proc-hardmix-reuse-cpp,True,841846.0481198056,615.2804629533754,11.609375,11.6503962,0.0,partner_excluded,False,,,,,,,,,,,,,,,,,,,,,,,,,,,,,,,,,,,
67,fast-processing-controls,fast-proc-hardmix-allocate,"Specialized parsers (FastJson vs its C++ port): Processing only (one core, no sockets)","HARD mixed frames, retain-allocate",process,retain-allocate,cpp,,2,hardmix,hard,16,64,0,steady,4194304,64,10,5,,0.12715205682030553,0.22059125772925664,,,"{""cpp"": ""5aba1177016454e405f0deb3d882aa68d47eaedf2d2b6ca94a619ca0bc771fd1"", ""csharp"": ""b58a9a1b31084f2f1ce2fa1470d92bcac471fae8ad853cb87b3acb64634d819d""}",F:\SocketServerClient\results\fair-2x2-20260930\0067-fast-proc-hardmix-allocate-cpp,True,830169.1892178376,606.7461909601883,10.078125,10.1265141,828.8016244147539,,True,,,,,,,,,,,,,,,,,,,,,,,,,,,,,,,,,,,
68,fast-processing-controls,fast-proc-hardmix-allocate,"Specialized parsers (FastJson vs its C++ port): Processing only (one core, no sockets)","HARD mixed frames, retain-allocate",process,retain-allocate,csharp,,2,hardmix,hard,16,64,0,steady,4194304,64,10,5,,0.12067900977700005,0.19683333846278653,True,0,"{""cpp"": ""5aba1177016454e405f0deb3d882aa68d47eaedf2d2b6ca94a619ca0bc771fd1"", ""csharp"": ""b58a9a1b31084f2f1ce2fa1470d92bcac471fae8ad853cb87b3acb64634d819d""}",F:\SocketServerClient\results\fair-2x2-20260930\0068-fast-proc-hardmix-allocate-csharp,True,826441.0000271131,604.0213673699725,10.15625,10.1721962,829.4146168779263,,True,,,,,,,,,,,,,,,,,,,,,,,,,,,,,,,,,,,
69,fast-processing-controls,fast-proc-easy-aggregate,"Specialized parsers (FastJson vs its C++ port): Processing only (one core, no sockets)",EASY aggregate,process,aggregate,csharp,,2,easy64k,easy,16,64,0,steady,4194304,8,10,5,,0.0986709705641154,0.15143247904724577,True,0,"{""cpp"": ""5aba1177016454e405f0deb3d882aa68d47eaedf2d2b6ca94a619ca0bc771fd1"", ""csharp"": ""b58a9a1b31084f2f1ce2fa1470d92bcac471fae8ad853cb87b3acb64634d819d""}",F:\SocketServerClient\results\fair-2x2-20260930\0069-fast-proc-easy-aggregate-csharp,True,9387933.70216985,1466.3238292241906,10.078125,10.1269438,0.0,,True,,,,,,,,,,,,,,,,,,,,,,,,,,,,,,,,,,,
70,fast-processing-controls,fast-proc-easy-aggregate,"Specialized parsers (FastJson vs its C++ port): Processing only (one core, no sockets)",EASY aggregate,process,aggregate,cpp,,2,easy64k,easy,16,64,0,steady,4194304,8,10,5,,0.055358971276526864,0.08614000210229147,,,"{""cpp"": ""5aba1177016454e405f0deb3d882aa68d47eaedf2d2b6ca94a619ca0bc771fd1"", ""csharp"": ""b58a9a1b31084f2f1ce2fa1470d92bcac471fae8ad853cb87b3acb64634d819d""}",F:\SocketServerClient\results\fair-2x2-20260930\0070-fast-proc-easy-aggregate-cpp,True,9012454.95749134,1407.6769056139365,10.15625,10.185101,0.0,,True,,,,,,,,,,,,,,,,,,,,,,,,,,,,,,,,,,,
71,fast-processing-controls,fast-proc-easy-reuse,"Specialized parsers (FastJson vs its C++ port): Processing only (one core, no sockets)",EASY retain-reuse,process,retain-reuse,cpp,,2,easy64k,easy,16,64,0,steady,4194304,8,10,5,,0.03894869679889804,0.05940660484818936,,,"{""cpp"": ""5aba1177016454e405f0deb3d882aa68d47eaedf2d2b6ca94a619ca0bc771fd1"", ""csharp"": ""b58a9a1b31084f2f1ce2fa1470d92bcac471fae8ad853cb87b3acb64634d819d""}",F:\SocketServerClient\results\fair-2x2-20260930\0071-fast-proc-easy-reuse-cpp,True,5604774.069975482,875.4230735910891,10.515625,10.528459,0.0,,True,,,,,,,,,,,,,,,,,,,,,,,,,,,,,,,,,,,
72,fast-processing-controls,fast-proc-easy-reuse,"Specialized parsers (FastJson vs its C++ port): Processing only (one core, no sockets)",EASY retain-reuse,process,retain-reuse,csharp,,2,easy64k,easy,16,64,0,steady,4194304,8,10,5,,0.10762425521818164,0.12540198195888969,True,0,"{""cpp"": ""5aba1177016454e405f0deb3d882aa68d47eaedf2d2b6ca94a619ca0bc771fd1"", ""csharp"": ""b58a9a1b31084f2f1ce2fa1470d92bcac471fae8ad853cb87b3acb64634d819d""}",F:\SocketServerClient\results\fair-2x2-20260930\0072-fast-proc-easy-reuse-csharp,True,5508472.983107526,860.3815763953817,10.046875,10.1173812,0.0,,True,,,,,,,,,,,,,,,,,,,,,,,,,,,,,,,,,,,
73,library-easy-saturation,library-easy-aggregate-sat,"Library parsers (System.Text.Json vs simdjson): EASY, closed-loop saturation (16 connections x 4 outstanding)",EASY aggregate,tcp,aggregate,csharp,cpp,0,easy64k,easy,16,64,0,steady,4194304,8,30,15,,0.12384672774862288,0.22104667752124493,True,0,"{""cpp"": ""5aba1177016454e405f0deb3d882aa68d47eaedf2d2b6ca94a619ca0bc771fd1"", ""csharp"": ""b58a9a1b31084f2f1ce2fa1470d92bcac471fae8ad853cb87b3acb64634d819d""}",F:\SocketServerClient\results\fair-2x2-20260930\0073-library-easy-aggregate-sat-csharp,True,12503245.7,1952.9092901229858,,,0.06105057782977045,partner_excluded,False,closed-loop,938632,938632,0,938632,0,0,0,1.884159,4.292607,6.897663,22.363,4.292607,938632,0.0,938171,7626,,,,0.6722034476813583,,3.723763189532898,119.47240771676226,298.94366416453937,,0,0,0,0,78.2890625,0.0,348.159,90.111,911
74,library-easy-saturation,library-easy-aggregate-sat,"Library parsers (System.Text.Json vs simdjson): EASY, closed-loop saturation (16 connections x 4 outstanding)",EASY aggregate,tcp,aggregate,cpp,cpp,0,easy64k,easy,16,64,0,steady,4194304,8,30,15,,0.19593499247632443,0.30848491991665605,,,"{""cpp"": ""5aba1177016454e405f0deb3d882aa68d47eaedf2d2b6ca94a619ca0bc771fd1"", ""csharp"": ""b58a9a1b31084f2f1ce2fa1470d92bcac471fae8ad853cb87b3acb64634d819d""}",F:\SocketServerClient\results\fair-2x2-20260930\0074-library-easy-aggregate-sat-cpp,True,12670166.933333334,1978.9767692883809,,,0.0,background_cpu_over_15pct,False,closed-loop,951160,951160,0,951160,0,0,0,1.781759,5.537791,9.863167,31.8402,5.537791,951160,0.0,948898,13543,,,,0.7199481353001982,,3.624917154949043,114.7776136507002,287.19569722204534,0.0,,,,,15.87109375,0.0,336.895,88.575,919
75,library-easy-saturation,library-easy-reuse-sat,"Library parsers (System.Text.Json vs simdjson): EASY, closed-loop saturation (16 connections x 4 outstanding)",EASY retain-reuse,tcp,retain-reuse,csharp,cpp,0,easy64k,easy,16,64,0,steady,4194304,8,30,15,,0.21638725367906034,0.29624795985791313,True,0,"{""cpp"": ""5aba1177016454e405f0deb3d882aa68d47eaedf2d2b6ca94a619ca0bc771fd1"", ""csharp"": ""b58a9a1b31084f2f1ce2fa1470d92bcac471fae8ad853cb87b3acb64634d819d""}",F:\SocketServerClient\results\fair-2x2-20260930\0075-library-easy-reuse-sat-csharp,True,10554618.366666667,1648.548056570689,,,0.0611937476363757,background_cpu_over_15pct,False,closed-loop,792356,792356,0,792356,0,0,0,2.195455,4.571135,7.651327,34.8632,4.571135,792356,0.0,792348,6088,,,,0.5726902942281544,,3.7660075794181904,143.14509513400543,358.1772271285705,,0,0,0,0,78.37890625,0.3515625,407.551,118.271,768
76,library-easy-saturation,library-easy-reuse-sat,"Library parsers (System.Text.Json vs simdjson): EASY, closed-loop saturation (16 connections x 4 outstanding)",EASY retain-reuse,tcp,retain-reuse,cpp,cpp,0,easy64k,easy,16,64,0,steady,4194304,8,30,15,,0.27758964735385855,0.38625019981701414,,,"{""cpp"": ""5aba1177016454e405f0deb3d882aa68d47eaedf2d2b6ca94a619ca0bc771fd1"", ""csharp"": ""b58a9a1b31084f2f1ce2fa1470d92bcac471fae8ad853cb87b3acb64634d819d""}",F:\SocketServerClient\results\fair-2x2-20260930\0076-library-easy-reuse-sat-cpp,True,9237050.066666666,1442.763565826416,,,0.0,background_cpu_over_15pct,False,closed-loop,693456,693456,0,693456,0,0,0,2.359295,7.241727,13.402111,44.773,7.241727,693456,0.0,691441,25874,,,,0.5760325891504987,,3.4581847841854967,150.1987869453866,375.8293508487278,0.0,,,,,21.89453125,0.3515625,449.535,122.111,671
77,library-easy-saturation,library-easy-aggregate-sat,"Library parsers (System.Text.Json vs simdjson): EASY, closed-loop saturation (16 connections x 4 outstanding)",EASY aggregate,tcp,aggregate,cpp,cpp,1,easy64k,easy,16,64,0,steady,4194304,8,30,15,,0.2407723663221595,0.3341366975668305,,,"{""cpp"": ""5aba1177016454e405f0deb3d882aa68d47eaedf2d2b6ca94a619ca0bc771fd1"", ""csharp"": ""b58a9a1b31084f2f1ce2fa1470d92bcac471fae8ad853cb87b3acb64634d819d""}",F:\SocketServerClient\results\fair-2x2-20260930\0077-library-easy-aggregate-sat-cpp,True,12168591.333333334,1900.6266913731893,,,0.0,background_cpu_over_15pct,False,closed-loop,913505,913505,0,913505,0,0,0,1.789951,5.931007,12.648447,37.4115,5.931007,913505,0.0,906443,14477,,,,0.7150423586956941,,3.5213580788377365,116.10500216200239,290.5158904830761,0.0,,,,,15.91015625,0.0,339.967,88.831,885
78,library-easy-saturation,library-easy-aggregate-sat,"Library parsers (System.Text.Json vs simdjson): EASY, closed-loop saturation (16 connections x 4 outstanding)",EASY aggregate,tcp,aggregate,csharp,cpp,1,easy64k,easy,16,64,0,steady,4194304,8,30,15,,0.10710969325755079,0.1538306488537959,True,0,"{""cpp"": ""5aba1177016454e405f0deb3d882aa68d47eaedf2d2b6ca94a619ca0bc771fd1"", ""csharp"": ""b58a9a1b31084f2f1ce2fa1470d92bcac471fae8ad853cb87b3acb64634d819d""}",F:\SocketServerClient\results\fair-2x2-20260930\0078-library-easy-aggregate-sat-csharp,True,12842827.266666668,2005.947021706899,,,0.061006379500919354,partner_excluded,False,closed-loop,964122,964122,0,964122,0,0,0,1.789951,3.170303,34.078719,70.3282,3.170303,964122,0.0,963715,3911,,,,0.6948870645607291,,3.7511232777058954,117.14025818309301,293.1078484901077,,0,0,0,0,78.640625,0.0,332.799,91.391,933
79,library-easy-saturation,library-easy-reuse-sat,"Library parsers (System.Text.Json vs simdjson): EASY, closed-loop saturation (16 connections x 4 outstanding)",EASY retain-reuse,tcp,retain-reuse,cpp,cpp,1,easy64k,easy,16,64,0,steady,4194304,8,30,15,,0.12664840301763197,0.17956660274998035,,,"{""cpp"": ""5aba1177016454e405f0deb3d882aa68d47eaedf2d2b6ca94a619ca0bc771fd1"", ""csharp"": ""b58a9a1b31084f2f1ce2fa1470d92bcac471fae8ad853cb87b3acb64634d819d""}",F:\SocketServerClient\results\fair-2x2-20260930\0079-library-easy-reuse-sat-cpp,True,10959797.8,1711.8293705940246,,,0.0,,True,closed-loop,822769,822769,0,822769,0,0,0,2.269183,3.063807,6.782975,85.6168,3.063807,822769,0.0,822727,1343,,,,0.6084422133444753,,3.894941180703747,142.56355672126685,356.7211885179138,0.0,,,,,21.796875,0.3515625,422.911,119.807,800
80,library-easy-saturation,library-easy-reuse-sat,"Library parsers (System.Text.Json vs simdjson): EASY, closed-loop saturation (16 connections x 4 outstanding)",EASY retain-reuse,tcp,retain-reuse,csharp,cpp,1,easy64k,easy,16,64,0,steady,4194304,8,30,15,,0.05965461466221046,0.1006668300980751,True,0,"{""cpp"": ""5aba1177016454e405f0deb3d882aa68d47eaedf2d2b6ca94a619ca0bc771fd1"", ""csharp"": ""b58a9a1b31084f2f1ce2fa1470d92bcac471fae8ad853cb87b3acb64634d819d""}",F:\SocketServerClient\results\fair-2x2-20260930\0080-library-easy-reuse-sat-csharp,True,10867507.433333334,1697.4244646072389,,,0.06116448561987167,,True,closed-loop,815846,815846,0,815846,0,0,0,2.195455,4.259839,6.143999,16.5759,4.259839,815846,0.0,815812,4490,,,,0.5600340500481114,,3.830177591548771,141.3984685835317,353.8080062720047,,0,0,0,0,80.9140625,0.3515625,409.599,118.271,784
81,library-easy-saturation,library-easy-aggregate-sat,"Library parsers (System.Text.Json vs simdjson): EASY, closed-loop saturation (16 connections x 4 outstanding)",EASY aggregate,tcp,aggregate,cpp,cpp,2,easy64k,easy,16,64,0,steady,4194304,8,30,15,,0.36945353117296004,0.4988823167545848,,,"{""cpp"": ""5aba1177016454e405f0deb3d882aa68d47eaedf2d2b6ca94a619ca0bc771fd1"", ""csharp"": ""b58a9a1b31084f2f1ce2fa1470d92bcac471fae8ad853cb87b3acb64634d819d""}",F:\SocketServerClient\results\fair-2x2-20260930\0081-library-easy-aggregate-sat-cpp,True,8784074.9,1372.0123803456625,,,0.0,background_cpu_over_15pct,False,closed-loop,659450,659450,0,659450,0,0,0,1.945599,10.649599,29.163519,168.8387,10.649599,659450,0.0,658087,55882,,,,0.550291451956747,,2.7131755434690312,123.87216619910531,309.9546674484942,0.0,,,,,15.91015625,0.0,401.407,101.631,640
82,library-easy-saturation,library-easy-aggregate-sat,"Library parsers (System.Text.Json vs simdjson): EASY, closed-loop saturation (16 connections x 4 outstanding)",EASY aggregate,tcp,aggregate,csharp,cpp,2,easy64k,easy,16,64,0,steady,4194304,8,30,15,,0.21547728971554767,0.28951579124277055,True,0,"{""cpp"": ""5aba1177016454e405f0deb3d882aa68d47eaedf2d2b6ca94a619ca0bc771fd1"", ""csharp"": ""b58a9a1b31084f2f1ce2fa1470d92bcac471fae8ad853cb87b3acb64634d819d""}",F:\SocketServerClient\results\fair-2x2-20260930\0082-library-easy-aggregate-sat-csharp,True,11330860.466666667,1769.7963863372802,,,0.06150187997402237,background_cpu_over_15pct,False,closed-loop,850627,850627,0,850627,0,0,0,1.855487,7.290879,13.074431,41.5508,7.290879,850627,0.0,847143,26113,,,,0.6598979884875145,,3.4581901831864594,122.39133603800491,306.24820330710395,,0,0,0,0,72.8828125,0.0,329.727,90.623,823
83,library-easy-saturation,library-easy-reuse-sat,"Library parsers (System.Text.Json vs simdjson): EASY, closed-loop saturation (16 connections x 4 outstanding)",EASY retain-reuse,tcp,retain-reuse,cpp,cpp,2,easy64k,easy,16,64,0,steady,4194304,8,30,15,,0.141513655477984,0.2159970363566963,,,"{""cpp"": ""5aba1177016454e405f0deb3d882aa68d47eaedf2d2b6ca94a619ca0bc771fd1"", ""csharp"": ""b58a9a1b31084f2f1ce2fa1470d92bcac471fae8ad853cb87b3acb64634d819d""}",F:\SocketServerClient\results\fair-2x2-20260930\0083-library-easy-reuse-sat-cpp,True,11117299.3,1736.4465659459431,,,0.0,,True,closed-loop,834600,834600,0,834600,0,0,0,2.252799,2.940927,6.045695,48.3834,2.940927,834600,0.0,834540,1226,,,,0.5929671607079382,,3.934842035526295,142.00290558351307,355.3217498903827,0.0,,,,,21.8671875,0.3515625,421.887,119.807,800
84,library-easy-saturation,library-easy-reuse-sat,"Library parsers (System.Text.Json vs simdjson): EASY, closed-loop saturation (16 connections x 4 outstanding)",EASY retain-reuse,tcp,retain-reuse,csharp,cpp,2,easy64k,easy,16,64,0,steady,4194304,8,30,15,,0.07288415051602261,0.11298911541396825,True,0,"{""cpp"": ""5aba1177016454e405f0deb3d882aa68d47eaedf2d2b6ca94a619ca0bc771fd1"", ""csharp"": ""b58a9a1b31084f2f1ce2fa1470d92bcac471fae8ad853cb87b3acb64634d819d""}",F:\SocketServerClient\results\fair-2x2-20260930\0084-library-easy-reuse-sat-csharp,True,10828047.933333334,1691.2570315996807,,,0.06116812091973601,,True,closed-loop,812882,812882,0,812882,0,0,0,2.179071,4.571135,6.684671,18.5409,4.571135,812882,0.0,812847,5842,,,,0.5654747861368342,,3.828425018832282,141.85638259919645,354.9529488838418,,0,0,0,0,84.203125,0.3515625,408.575,117.503,784
85,library-easy-saturation,library-easy-reuse-sat,"Library parsers (System.Text.Json vs simdjson): EASY, closed-loop saturation (16 connections x 4 outstanding)",EASY retain-reuse,tcp,retain-reuse,csharp,cpp,3,easy64k,easy,16,64,0,steady,4194304,8,30,15,,0.05147279163496278,0.08249169892977982,True,0,"{""cpp"": ""5aba1177016454e405f0deb3d882aa68d47eaedf2d2b6ca94a619ca0bc771fd1"", ""csharp"": ""b58a9a1b31084f2f1ce2fa1470d92bcac471fae8ad853cb87b3acb64634d819d""}",F:\SocketServerClient\results\fair-2x2-20260930\0085-library-easy-reuse-sat-csharp,True,11234971.533333333,1754.815288702647,,,0.061130680345231565,,True,closed-loop,843428,843428,0,843428,0,0,0,2.162687,4.521983,6.651903,11.8537,4.521983,843428,0.0,843398,5011,,,,0.5668080639411841,,3.85636899803217,137.70069881483658,344.5545223402488,,0,0,0,0,85.09765625,0.3515625,408.575,117.759,816
86,library-easy-saturation,library-easy-reuse-sat,"Library parsers (System.Text.Json vs simdjson): EASY, closed-loop saturation (16 connections x 4 outstanding)",EASY retain-reuse,tcp,retain-reuse,cpp,cpp,3,easy64k,easy,16,64,0,steady,4194304,8,30,15,,0.07604107950006332,0.13927388480643185,,,"{""cpp"": ""5aba1177016454e405f0deb3d882aa68d47eaedf2d2b6ca94a619ca0bc771fd1"", ""csharp"": ""b58a9a1b31084f2f1ce2fa1470d92bcac471fae8ad853cb87b3acb64634d819d""}",F:\SocketServerClient\results\fair-2x2-20260930\0086-library-easy-reuse-sat-cpp,True,11204806.1,1750.0898755073547,,,0.0,,True,closed-loop,841156,841156,0,841156,0,0,0,2.244607,2.777087,4.014079,22.5026,2.777087,841156,0.0,841108,354,,,,0.5946754714233272,,3.952881460431344,141.5462767905121,354.17422219748863,0.0,,,,,21.8671875,0.3515625,419.839,119.551,816
87,library-easy-saturation,library-easy-aggregate-sat,"Library parsers (System.Text.Json vs simdjson): EASY, closed-loop saturation (16 connections x 4 outstanding)",EASY aggregate,tcp,aggregate,cpp,cpp,3,easy64k,easy,16,64,0,steady,4194304,8,30,15,,0.06763797538006466,0.13145414612858866,,,"{""cpp"": ""5aba1177016454e405f0deb3d882aa68d47eaedf2d2b6ca94a619ca0bc771fd1"", ""csharp"": ""b58a9a1b31084f2f1ce2fa1470d92bcac471fae8ad853cb87b3acb64634d819d""}",F:\SocketServerClient\results\fair-2x2-20260930\0087-library-easy-aggregate-sat-cpp,True,14478466.8,2261.411143461863,,,0.0,,True,closed-loop,1086898,1086898,0,1086898,0,0,0,1.720319,2.203647,2.940927,17.6559,2.203647,1086898,0.0,1086441,179,,,,0.7439427549208932,,3.9565936456575943,109.6152766864968,274.2776760101566,0.0,,,,,15.90625,0.0,324.607,88.319,1056
88,library-easy-saturation,library-easy-aggregate-sat,"Library parsers (System.Text.Json vs simdjson): EASY, closed-loop saturation (16 connections x 4 outstanding)",EASY aggregate,tcp,aggregate,csharp,cpp,3,easy64k,easy,16,64,0,steady,4194304,8,30,15,,0.07403485469943855,0.12514919560096818,True,0,"{""cpp"": ""5aba1177016454e405f0deb3d882aa68d47eaedf2d2b6ca94a619ca0bc771fd1"", ""csharp"": ""b58a9a1b31084f2f1ce2fa1470d92bcac471fae8ad853cb87b3acb64634d819d""}",F:\SocketServerClient\results\fair-2x2-20260930\0088-library-easy-aggregate-sat-csharp,True,13271161.033333333,2072.8528191884357,,,0.06102690441162895,,True,closed-loop,996277,996277,0,996277,0,0,0,1.748991,3.923967,6.176767,39.4727,3.923967,996277,0.0,994277,6534,,,,0.6982916243324171,,3.734820531244957,112.8890358805834,282.4709667440073,,0,0,0,0,76.09765625,0.0,326.655,89.855,961
89,library-easy-saturation,library-easy-aggregate-sat,"Library parsers (System.Text.Json vs simdjson): EASY, closed-loop saturation (16 connections x 4 outstanding)",EASY aggregate,tcp,aggregate,csharp,cpp,4,easy64k,easy,16,64,0,steady,4194304,8,30,15,,0.09766225325017318,0.16602738636141923,True,0,"{""cpp"": ""5aba1177016454e405f0deb3d882aa68d47eaedf2d2b6ca94a619ca0bc771fd1"", ""csharp"": ""b58a9a1b31084f2f1ce2fa1470d92bcac471fae8ad853cb87b3acb64634d819d""}",F:\SocketServerClient\results\fair-2x2-20260930\0089-library-easy-aggregate-sat-csharp,True,13146390.766666668,2053.3670970598855,,,0.060980265249871504,,True,closed-loop,986912,986912,0,986912,0,0,0,1.753087,5.308415,7.110655,28.1332,5.308415,986912,0.0,986640,10782,,,,0.6849453547441086,,3.7661782937837636,114.89436241529133,287.4889691389734,,0,0,0,0,78.84375,0.0,325.631,89.855,960
90,library-easy-saturation,library-easy-aggregate-sat,"Library parsers (System.Text.Json vs simdjson): EASY, closed-loop saturation (16 connections x 4 outstanding)",EASY aggregate,tcp,aggregate,cpp,cpp,4,easy64k,easy,16,64,0,steady,4194304,8,30,15,,0.0824030909306912,0.14497460305041798,,,"{""cpp"": ""5aba1177016454e405f0deb3d882aa68d47eaedf2d2b6ca94a619ca0bc771fd1"", ""csharp"": ""b58a9a1b31084f2f1ce2fa1470d92bcac471fae8ad853cb87b3acb64634d819d""}",F:\SocketServerClient\results\fair-2x2-20260930\0090-library-easy-aggregate-sat-cpp,True,14484863.933333334,2262.4224784533185,,,0.0,,True,closed-loop,1087384,1087384,0,1087384,0,0,0,1.732607,2.146303,3.661823,22.9417,2.146303,1087384,0.0,1087056,469,,,,0.7499596697731544,,3.949779445975744,109.40822193447761,273.76104337810824,0.0,,,,,15.91015625,0.0,324.607,88.319,1056
91,library-easy-saturation,library-easy-reuse-sat,"Library parsers (System.Text.Json vs simdjson): EASY, closed-loop saturation (16 connections x 4 outstanding)",EASY retain-reuse,tcp,retain-reuse,cpp,cpp,4,easy64k,easy,16,64,0,steady,4194304,8,30,15,,0.08929391636339135,0.1469819301800038,,,"{""cpp"": ""5aba1177016454e405f0deb3d882aa68d47eaedf2d2b6ca94a619ca0bc771fd1"", ""csharp"": ""b58a9a1b31084f2f1ce2fa1470d92bcac471fae8ad853cb87b3acb64634d819d""}",F:\SocketServerClient\results\fair-2x2-20260930\0091-library-easy-reuse-sat-cpp,True,10953130.5,1710.8034426689148,,,0.0,,True,closed-loop,822276,822276,0,822276,0,0,0,2.285567,3.022847,5.177343,75.7233,3.022847,822276,0.0,822207,886,,,,0.5974930495263076,,3.9144083082903367,143.3331083480486,358.6500347191872,0.0,,,,,21.8515625,0.3515625,425.983,119.807,800
92,library-easy-saturation,library-easy-reuse-sat,"Library parsers (System.Text.Json vs simdjson): EASY, closed-loop saturation (16 connections x 4 outstanding)",EASY retain-reuse,tcp,retain-reuse,csharp,cpp,4,easy64k,easy,16,64,0,steady,4194304,8,30,15,,0.09614528732262584,0.165570139822213,True,0,"{""cpp"": ""5aba1177016454e405f0deb3d882aa68d47eaedf2d2b6ca94a619ca0bc771fd1"", ""csharp"": ""b58a9a1b31084f2f1ce2fa1470d92bcac471fae8ad853cb87b3acb64634d819d""}",F:\SocketServerClient\results\fair-2x2-20260930\0092-library-easy-reuse-sat-csharp,True,10692754.766666668,1670.1229634602864,,,0.06118608901583147,,True,closed-loop,802725,802725,0,802725,0,0,0,2.203647,5.111807,7.815167,45.1077,5.111807,802725,0.0,802688,8193,,,,0.5763447768119118,,3.8269322630930693,143.5734529259709,359.24890514415284,,0,0,0,0,80.62890625,0.3515625,411.647,118.527,775
93,fast-easy-saturation,fast-easy-reuse-sat,"Specialized parsers (FastJson vs its C++ port): EASY, closed-loop saturation (16 connections x 4 outstanding)",EASY retain-reuse,tcp,retain-reuse,csharp,cpp,0,easy64k,easy,16,64,0,steady,4194304,8,30,15,,0.06391101109637566,0.11180149922274905,True,0,"{""cpp"": ""5aba1177016454e405f0deb3d882aa68d47eaedf2d2b6ca94a619ca0bc771fd1"", ""csharp"": ""b58a9a1b31084f2f1ce2fa1470d92bcac471fae8ad853cb87b3acb64634d819d""}",F:\SocketServerClient\results\fair-2x2-20260930\0093-fast-easy-reuse-sat-csharp,True,17252805.5,2694.754917017619,,,0.06084046818814204,client_cpu_over_85pct,False,closed-loop,1295163,1295163,0,1295163,0,0,0,1.380351,3.350527,5.193727,35.7766,3.350527,1295163,0.0,1291095,2360,,,,0.8794443308205597,,3.8478335880745465,89.47956743668557,223.89577859759243,,0,0,0,0,97.19921875,0.3515625,264.191,70.399,1257
94,fast-easy-saturation,fast-easy-reuse-sat,"Specialized parsers (FastJson vs its C++ port): EASY, closed-loop saturation (16 connections x 4 outstanding)",EASY retain-reuse,tcp,retain-reuse,cpp,cpp,0,easy64k,easy,16,64,0,steady,4194304,8,30,15,,0.0572616868565123,0.10242100197664872,,,"{""cpp"": ""5aba1177016454e405f0deb3d882aa68d47eaedf2d2b6ca94a619ca0bc771fd1"", ""csharp"": ""b58a9a1b31084f2f1ce2fa1470d92bcac471fae8ad853cb87b3acb64634d819d""}",F:\SocketServerClient\results\fair-2x2-20260930\0094-fast-easy-reuse-sat-cpp,True,17847374.3,2787.6327077547708,,,0.0,client_cpu_over_85pct,False,closed-loop,1339800,1339800,0,1339800,0,0,0,1.400831,1.777663,2.154495,19.0056,1.777663,1339800,0.0,1334054,70,,,,0.9034209454561787,,3.96127140601743,89.02914614121511,222.769561997423,0.0,,,,,20.859375,0.3515625,265.215,69.631,1296
95,fast-easy-saturation,fast-easy-aggregate-sat,"Specialized parsers (FastJson vs its C++ port): EASY, closed-loop saturation (16 connections x 4 outstanding)",EASY aggregate,tcp,aggregate,csharp,cpp,0,easy64k,easy,16,64,0,steady,4194304,8,30,15,,0.04320339379758466,0.07831242621450853,True,0,"{""cpp"": ""5aba1177016454e405f0deb3d882aa68d47eaedf2d2b6ca94a619ca0bc771fd1"", ""csharp"": ""b58a9a1b31084f2f1ce2fa1470d92bcac471fae8ad853cb87b3acb64634d819d""}",F:\SocketServerClient\results\fair-2x2-20260930\0095-fast-easy-aggregate-sat-csharp,True,20394400.766666666,3185.450220266978,,,0.0949597903009238,client_cpu_over_85pct,False,closed-loop,1530935,1530935,0,1530935,0,0,0,0.193535,1.323007,2.711551,15.6318,1.323007,1530935,0.0,48052,1139,,,,0.9876057505406863,,3.2118398034170452,63.1660553844546,158.05419850806953,,0,0,0,0,129.62109375,0.0,15.231,40.063,1489
96,fast-easy-saturation,fast-easy-aggregate-sat,"Specialized parsers (FastJson vs its C++ port): EASY, closed-loop saturation (16 connections x 4 outstanding)",EASY aggregate,tcp,aggregate,cpp,cpp,0,easy64k,easy,16,64,0,steady,4194304,8,30,15,,0.04170136963866683,0.08004596899621312,,,"{""cpp"": ""5aba1177016454e405f0deb3d882aa68d47eaedf2d2b6ca94a619ca0bc771fd1"", ""csharp"": ""b58a9a1b31084f2f1ce2fa1470d92bcac471fae8ad853cb87b3acb64634d819d""}",F:\SocketServerClient\results\fair-2x2-20260930\0096-fast-easy-aggregate-sat-cpp,True,20260414.033333335,3164.52051115036,,,0.0,client_cpu_over_85pct,False,closed-loop,1520875,1520875,0,1520875,0,0,0,0.185343,0.517119,6.127615,20.0737,0.517119,1520875,0.0,3654,1710,,,,0.9863847907602723,,3.2689702999259507,64.70370674776034,161.90159123559414,0.0,,,,,14.78515625,0.0,12.127,41.983,1477
97,fast-easy-saturation,fast-easy-aggregate-sat,"Specialized parsers (FastJson vs its C++ port): EASY, closed-loop saturation (16 connections x 4 outstanding)",EASY aggregate,tcp,aggregate,cpp,cpp,1,easy64k,easy,16,64,0,steady,4194304,8,30,15,,0.04609777191971368,0.09372472161836412,,,"{""cpp"": ""5aba1177016454e405f0deb3d882aa68d47eaedf2d2b6ca94a619ca0bc771fd1"", ""csharp"": ""b58a9a1b31084f2f1ce2fa1470d92bcac471fae8ad853cb87b3acb64634d819d""}",F:\SocketServerClient\results\fair-2x2-20260930\0097-fast-easy-aggregate-sat-cpp,True,20134319.3,3144.8280226389566,,,0.0,client_cpu_over_85pct,False,closed-loop,1511415,1511415,0,1511415,0,0,0,0.187391,0.540671,5.390335,26.1785,0.540671,1511415,0.0,3853,1557,,,,0.9881262262399046,,3.2528779562362486,64.7882117088953,162.11318724667527,0.0,,,,,14.78515625,0.0,12.223,41.983,1469
98,fast-easy-saturation,fast-easy-aggregate-sat,"Specialized parsers (FastJson vs its C++ port): EASY, closed-loop saturation (16 connections x 4 outstanding)",EASY aggregate,tcp,aggregate,csharp,cpp,1,easy64k,easy,16,64,0,steady,4194304,8,30,15,,0.042043953371651094,0.07967981425464783,True,0,"{""cpp"": ""5aba1177016454e405f0deb3d882aa68d47eaedf2d2b6ca94a619ca0bc771fd1"", ""csharp"": ""b58a9a1b31084f2f1ce2fa1470d92bcac471fae8ad853cb87b3acb64634d819d""}",F:\SocketServerClient\results\fair-2x2-20260930\0098-fast-easy-aggregate-sat-csharp,True,20346676.466666665,3177.9951294263205,,,0.09593966381832855,client_cpu_over_85pct,False,closed-loop,1527353,1527353,0,1527353,0,0,0,0.195583,1.310719,2.334719,24.9415,1.310719,1527353,0.0,57326,1093,,,,0.9898168664666752,,3.224183320561063,63.559717367236,159.0391650354653,,0,0,0,0,124.4765625,0.0,14.719,39.935,1483
99,fast-easy-saturation,fast-easy-reuse-sat,"Specialized parsers (FastJson vs its C++ port): EASY, closed-loop saturation (16 connections x 4 outstanding)",EASY retain-reuse,tcp,retain-reuse,csharp,cpp,1,easy64k,easy,16,64,0,steady,4194304,8,30,15,,0.032106941416336326,0.052946625147829024,True,0,"{""cpp"": ""5aba1177016454e405f0deb3d882aa68d47eaedf2d2b6ca94a619ca0bc771fd1"", ""csharp"": ""b58a9a1b31084f2f1ce2fa1470d92bcac471fae8ad853cb87b3acb64634d819d""}",F:\SocketServerClient\results\fair-2x2-20260930\0099-fast-easy-reuse-sat-csharp,True,17044065.533333335,2662.1563342730205,,,0.060847764591083014,client_cpu_over_85pct,False,closed-loop,1279496,1279496,0,1279496,0,0,0,1.400831,3.358719,5.275647,8.3083,3.358719,1279496,0.0,1275996,2682,,,,0.8540289937352693,,3.8380027609534713,90.3554016581529,226.0876920889189,,0,0,0,0,97.328125,0.3515625,269.311,71.679,1243
100,fast-easy-saturation,fast-easy-reuse-sat,"Specialized parsers (FastJson vs its C++ port): EASY, closed-loop saturation (16 connections x 4 outstanding)",EASY retain-reuse,tcp,retain-reuse,cpp,cpp,1,easy64k,easy,16,64,0,steady,4194304,8,30,15,,0.04469062012781563,0.08164930765705088,,,"{""cpp"": ""5aba1177016454e405f0deb3d882aa68d47eaedf2d2b6ca94a619ca0bc771fd1"", ""csharp"": ""b58a9a1b31084f2f1ce2fa1470d92bcac471fae8ad853cb87b3acb64634d819d""}",F:\SocketServerClient\results\fair-2x2-20260930\0100-fast-easy-reuse-sat-cpp,True,17698617.366666667,2764.386798636119,,,0.0,client_cpu_over_85pct,False,closed-loop,1328628,1328628,0,1328628,0,0,0,1.413119,1.773567,2.076671,29.9546,1.773567,1328628,0.0,1322930,65,,,,0.8964483622885011,,3.9631129395510043,89.82480423414229,224.75955664028024,0.0,,,,,20.76953125,0.3515625,267.263,69.631,1293
101,fast-easy-saturation,fast-easy-reuse-sat,"Specialized parsers (FastJson vs its C++ port): EASY, closed-loop saturation (16 connections x 4 outstanding)",EASY retain-reuse,tcp,retain-reuse,csharp,cpp,2,easy64k,easy,16,64,0,steady,4194304,8,30,15,,0.04977349415469131,0.0947175877035837,True,0,"{""cpp"": ""5aba1177016454e405f0deb3d882aa68d47eaedf2d2b6ca94a619ca0bc771fd1"", ""csharp"": ""b58a9a1b31084f2f1ce2fa1470d92bcac471fae8ad853cb87b3acb64634d819d""}",F:\SocketServerClient\results\fair-2x2-20260930\0101-fast-easy-reuse-sat-csharp,True,17044379.533333335,2662.201980463664,,,0.06088207381130829,client_cpu_over_85pct,False,closed-loop,1279518,1279518,0,1279518,0,0,0,1.388543,3.407871,5.357567,52.6684,3.407871,1279518,0.0,1273974,7162,,,,0.8747872065162827,,3.846081829449931,90.52481090535655,226.51129199362785,,0,0,0,0,97.390625,0.3515625,265.215,70.399,1245
102,fast-easy-saturation,fast-easy-reuse-sat,"Specialized parsers (FastJson vs its C++ port): EASY, closed-loop saturation (16 connections x 4 outstanding)",EASY retain-reuse,tcp,retain-reuse,cpp,cpp,2,easy64k,easy,16,64,0,steady,4194304,8,30,15,,0.06839395155053292,0.12213619639956316,,,"{""cpp"": ""5aba1177016454e405f0deb3d882aa68d47eaedf2d2b6ca94a619ca0bc771fd1"", ""csharp"": ""b58a9a1b31084f2f1ce2fa1470d92bcac471fae8ad853cb87b3acb64634d819d""}",F:\SocketServerClient\results\fair-2x2-20260930\0102-fast-easy-reuse-sat-cpp,True,17751527.033333335,2772.655616569519,,,0.0,client_cpu_over_85pct,False,closed-loop,1332602,1332602,0,1332602,0,0,0,1.400831,1.794047,2.162687,25.7016,1.794047,1332602,0.0,1299852,90,,,,0.8994825713500407,,3.96245701952553,89.53348411603764,224.03099167519142,0.0,,,,,20.76171875,0.3515625,266.239,69.631,1295
103,fast-easy-saturation,fast-easy-aggregate-sat,"Specialized parsers (FastJson vs its C++ port): EASY, closed-loop saturation (16 connections x 4 outstanding)",EASY aggregate,tcp,aggregate,csharp,cpp,2,easy64k,easy,16,64,0,steady,4194304,8,30,15,,0.032431438734528445,0.06604969031091963,True,0,"{""cpp"": ""5aba1177016454e405f0deb3d882aa68d47eaedf2d2b6ca94a619ca0bc771fd1"", ""csharp"": ""b58a9a1b31084f2f1ce2fa1470d92bcac471fae8ad853cb87b3acb64634d819d""}",F:\SocketServerClient\results\fair-2x2-20260930\0103-fast-easy-aggregate-sat-csharp,True,20477973.766666666,3198.50246108373,,,0.10213388107146047,client_cpu_over_85pct,False,closed-loop,1537221,1537221,0,1537221,0,0,0,0.186367,1.077247,2.162687,18.297,1.077247,1537221,0.0,19326,1164,,,,0.9901344960408227,,3.203787394328373,62.765454674376684,157.0517669465338,,0,0,0,0,131.30859375,0.0,12.319,39.295,1495
104,fast-easy-saturation,fast-easy-aggregate-sat,"Specialized parsers (FastJson vs its C++ port): EASY, closed-loop saturation (16 connections x 4 outstanding)",EASY aggregate,tcp,aggregate,cpp,cpp,2,easy64k,easy,16,64,0,steady,4194304,8,30,15,,0.03917753015760549,0.07385069015145326,,,"{""cpp"": ""5aba1177016454e405f0deb3d882aa68d47eaedf2d2b6ca94a619ca0bc771fd1"", ""csharp"": ""b58a9a1b31084f2f1ce2fa1470d92bcac471fae8ad853cb87b3acb64634d819d""}",F:\SocketServerClient\results\fair-2x2-20260930\0104-fast-easy-aggregate-sat-cpp,True,20336899.2,3176.4673340797426,,,0.0,client_cpu_over_85pct,False,closed-loop,1526616,1526616,0,1526616,0,0,0,0.185343,0.505855,4.833279,16.6121,0.505855,1526616,0.0,3220,1507,,,,0.9867006742509281,,3.2439545683425677,63.96909897446378,160.06351136557345,0.0,,,,,14.78125,0.0,12.127,41.983,1480
105,fast-easy-saturation,fast-easy-aggregate-sat,"Specialized parsers (FastJson vs its C++ port): EASY, closed-loop saturation (16 connections x 4 outstanding)",EASY aggregate,tcp,aggregate,cpp,cpp,3,easy64k,easy,16,64,0,steady,4194304,8,30,15,,0.04649853117001586,0.08845100519636391,,,"{""cpp"": ""5aba1177016454e405f0deb3d882aa68d47eaedf2d2b6ca94a619ca0bc771fd1"", ""csharp"": ""b58a9a1b31084f2f1ce2fa1470d92bcac471fae8ad853cb87b3acb64634d819d""}",F:\SocketServerClient\results\fair-2x2-20260930\0105-fast-easy-aggregate-sat-cpp,True,20181788.566666666,3152.241257953644,,,0.0,client_cpu_over_85pct,False,closed-loop,1514979,1514979,0,1514979,0,0,0,0.186367,0.962559,6.488063,47.7011,0.962559,1514979,0.0,14512,2061,,,,0.984776259786027,,3.241287190831298,64.4088960969096,161.16403331363227,0.0,,,,,14.78125,0.0,12.223,41.983,1472
106,fast-easy-saturation,fast-easy-aggregate-sat,"Specialized parsers (FastJson vs its C++ port): EASY, closed-loop saturation (16 connections x 4 outstanding)",EASY aggregate,tcp,aggregate,csharp,cpp,3,easy64k,easy,16,64,0,steady,4194304,8,30,15,,0.07830031608179293,0.1508785123733963,True,0,"{""cpp"": ""5aba1177016454e405f0deb3d882aa68d47eaedf2d2b6ca94a619ca0bc771fd1"", ""csharp"": ""b58a9a1b31084f2f1ce2fa1470d92bcac471fae8ad853cb87b3acb64634d819d""}",F:\SocketServerClient\results\fair-2x2-20260930\0106-fast-easy-aggregate-sat-csharp,True,19892355.933333334,3107.0377864837646,,,0.09356071082361284,client_cpu_over_85pct,False,closed-loop,1493274,1493274,0,1493274,0,0,0,0.213503,1.593343,4.087807,21.8313,1.593343,1493274,0.0,144596,1195,,,,0.9862968340390043,,3.2272695893969017,65.08350108553421,162.85219148026204,,0,0,0,0,121.27734375,0.0,23.359,40.319,1450
107,fast-easy-saturation,fast-easy-reuse-sat,"Specialized parsers (FastJson vs its C++ port): EASY, closed-loop saturation (16 connections x 4 outstanding)",EASY retain-reuse,tcp,retain-reuse,csharp,cpp,3,easy64k,easy,16,64,0,steady,4194304,8,30,15,,0.07020425634564555,0.11783263179546771,True,0,"{""cpp"": ""5aba1177016454e405f0deb3d882aa68d47eaedf2d2b6ca94a619ca0bc771fd1"", ""csharp"": ""b58a9a1b31084f2f1ce2fa1470d92bcac471fae8ad853cb87b3acb64634d819d""}",F:\SocketServerClient\results\fair-2x2-20260930\0107-fast-easy-reuse-sat-csharp,True,16756835.133333333,2617.2895093599955,,,0.06089729930365906,partner_excluded,False,closed-loop,1257933,1257933,0,1257933,0,0,0,1.396735,3.416063,5.406719,21.6051,3.416063,1257933,0.0,1253056,5087,,,,0.8458784871329045,,3.7600570639627273,90.00379988441355,225.20759493131553,,0,0,0,0,95.72265625,0.3515625,267.263,71.167,1217
108,fast-easy-saturation,fast-easy-reuse-sat,"Specialized parsers (FastJson vs its C++ port): EASY, closed-loop saturation (16 connections x 4 outstanding)",EASY retain-reuse,tcp,retain-reuse,cpp,cpp,3,easy64k,easy,16,64,0,steady,4194304,8,30,15,,0.044181283332358656,0.08632314417750044,,,"{""cpp"": ""5aba1177016454e405f0deb3d882aa68d47eaedf2d2b6ca94a619ca0bc771fd1"", ""csharp"": ""b58a9a1b31084f2f1ce2fa1470d92bcac471fae8ad853cb87b3acb64634d819d""}",F:\SocketServerClient\results\fair-2x2-20260930\0108-fast-easy-reuse-sat-cpp,True,17838619.033333335,2786.244865131378,,,0.0,client_cpu_over_85pct,False,closed-loop,1339133,1339133,0,1339133,0,0,0,1.400831,1.753087,2.162687,15.2359,1.753087,1339133,0.0,1332335,74,,,,0.9054509387682125,,3.971446503835625,89.30685002908598,223.46278995018127,0.0,,,,,20.73828125,0.3515625,266.239,69.375,1296
109,fast-easy-saturation,fast-easy-reuse-sat,"Specialized parsers (FastJson vs its C++ port): EASY, closed-loop saturation (16 connections x 4 outstanding)",EASY retain-reuse,tcp,retain-reuse,csharp,cpp,4,easy64k,easy,16,64,0,steady,4194304,8,30,15,,0.03627778713855212,0.0628078275878779,True,0,"{""cpp"": ""5aba1177016454e405f0deb3d882aa68d47eaedf2d2b6ca94a619ca0bc771fd1"", ""csharp"": ""b58a9a1b31084f2f1ce2fa1470d92bcac471fae8ad853cb87b3acb64634d819d""}",F:\SocketServerClient\results\fair-2x2-20260930\0109-fast-easy-reuse-sat-csharp,True,17387066.8,2715.726737944285,,,0.060936913460262615,client_cpu_over_85pct,False,closed-loop,1305241,1305241,0,1305241,0,0,0,1.384447,3.334143,5.292031,17.2779,3.334143,1305241,0.0,1297868,4896,,,,0.872117105622938,,3.8513161793235184,88.84853448520235,222.3168771988523,,0,0,0,0,97.59765625,0.3515625,266.239,70.655,1265
110,fast-easy-saturation,fast-easy-reuse-sat,"Specialized parsers (FastJson vs its C++ port): EASY, closed-loop saturation (16 connections x 4 outstanding)",EASY retain-reuse,tcp,retain-reuse,cpp,cpp,4,easy64k,easy,16,64,0,steady,4194304,8,30,15,,0.03330042913853159,0.06328757429248406,,,"{""cpp"": ""5aba1177016454e405f0deb3d882aa68d47eaedf2d2b6ca94a619ca0bc771fd1"", ""csharp"": ""b58a9a1b31084f2f1ce2fa1470d92bcac471fae8ad853cb87b3acb64634d819d""}",F:\SocketServerClient\results\fair-2x2-20260930\0110-fast-easy-reuse-sat-cpp,True,18099206.233333334,2826.9481279055276,,,0.0,client_cpu_over_85pct,False,closed-loop,1358694,1358694,0,1358694,0,0,0,1.392639,1.630207,1.826815,5.4817,1.630207,1358694,0.0,1354113,13,,,,0.9071910008884776,,3.967056005846282,87.90610689382598,219.9580016910712,0.0,,,,,20.76171875,0.3515625,265.215,69.375,1313
111,fast-easy-saturation,fast-easy-aggregate-sat,"Specialized parsers (FastJson vs its C++ port): EASY, closed-loop saturation (16 connections x 4 outstanding)",EASY aggregate,tcp,aggregate,cpp,cpp,4,easy64k,easy,16,64,0,steady,4194304,8,30,15,,0.0351462791089182,0.06260476323552276,,,"{""cpp"": ""5aba1177016454e405f0deb3d882aa68d47eaedf2d2b6ca94a619ca0bc771fd1"", ""csharp"": ""b58a9a1b31084f2f1ce2fa1470d92bcac471fae8ad853cb87b3acb64634d819d""}",F:\SocketServerClient\results\fair-2x2-20260930\0111-fast-easy-aggregate-sat-cpp,True,20524610.9,3205.7873442967734,,,0.0,client_cpu_over_85pct,False,closed-loop,1540714,1540714,0,1540714,0,0,0,0.184831,0.478207,5.570559,26.2286,0.478207,1540714,0.0,3125,1609,,,,0.9870112122071812,,3.2790249325434013,64.09366047170337,160.37521674791745,0.0,,,,,14.78515625,0.0,12.127,41.983,1499
112,fast-easy-saturation,fast-easy-aggregate-sat,"Specialized parsers (FastJson vs its C++ port): EASY, closed-loop saturation (16 connections x 4 outstanding)",EASY aggregate,tcp,aggregate,csharp,cpp,4,easy64k,easy,16,64,0,steady,4194304,8,30,15,,0.04368275501194746,0.07808187760869878,True,0,"{""cpp"": ""5aba1177016454e405f0deb3d882aa68d47eaedf2d2b6ca94a619ca0bc771fd1"", ""csharp"": ""b58a9a1b31084f2f1ce2fa1470d92bcac471fae8ad853cb87b3acb64634d819d""}",F:\SocketServerClient\results\fair-2x2-20260930\0112-fast-easy-aggregate-sat-csharp,True,20345788.866666667,3177.8535608291627,,,0.09785166520408588,client_cpu_over_85pct,False,closed-loop,1527286,1527286,0,1527286,0,0,0,0.179711,1.155071,3.293183,14.1515,1.155071,1527286,0.0,23202,1265,,,,0.9855792048882378,,3.2550695482809786,64.16610903262388,160.55633070040392,,0,0,0,0,127.14453125,0.0,9.823,40.063,1482
113,fast-easy-saturation-4-client-cores,fast-easy-aggregate-sat-4c,Specialized parsers (FastJson vs its C++ port): EASY saturation with a fourth load-generator core,"EASY aggregate, 4 client cores",tcp,aggregate,csharp,cpp,0,easy64k,easy,16,64,0,steady,4194304,8,30,15,,0.039127336837361804,0.08842831777371382,True,0,"{""cpp"": ""5aba1177016454e405f0deb3d882aa68d47eaedf2d2b6ca94a619ca0bc771fd1"", ""csharp"": ""b58a9a1b31084f2f1ce2fa1470d92bcac471fae8ad853cb87b3acb64634d819d""}",F:\SocketServerClient\results\fair-2x2-20260930\0113-fast-easy-aggregate-sat-4c-csharp,True,25902058.266666666,4045.6998799006146,,,0.07859186908333834,client_cpu_over_85pct,False,closed-loop,1944387,1944387,0,1944387,0,0,0,0.446463,2.424831,4.489215,20.1706,2.424831,1944387,0.0,260030,560,,,,0.954894484558021,,3.845078616776368,59.53033012460997,148.9567250497714,,0,0,0,0,124.44140625,0.0,92.927,39.935,1889
114,fast-easy-saturation-4-client-cores,fast-easy-aggregate-sat-4c,Specialized parsers (FastJson vs its C++ port): EASY saturation with a fourth load-generator core,"EASY aggregate, 4 client cores",tcp,aggregate,cpp,cpp,0,easy64k,easy,16,64,0,steady,4194304,8,30,15,,0.05222859114837603,0.09685301102253749,,,"{""cpp"": ""5aba1177016454e405f0deb3d882aa68d47eaedf2d2b6ca94a619ca0bc771fd1"", ""csharp"": ""b58a9a1b31084f2f1ce2fa1470d92bcac471fae8ad853cb87b3acb64634d819d""}",F:\SocketServerClient\results\fair-2x2-20260930\0114-fast-easy-aggregate-sat-4c-cpp,True,26284245.833333332,4105.402410666148,,,0.0,client_cpu_over_85pct,False,closed-loop,1973100,1973100,0,1973100,0,0,0,0.770047,1.163263,1.437695,10.7226,1.163263,1973100,0.0,143169,167,,,,0.9785608719381499,,3.963476618491827,60.4774846687953,151.32697236204854,0.0,,,,,14.78515625,0.0,170.495,41.855,1920
115,fast-easy-saturation-4-client-cores,fast-easy-reuse-sat-4c,Specialized parsers (FastJson vs its C++ port): EASY saturation with a fourth load-generator core,"EASY retain-reuse, 4 client cores",tcp,retain-reuse,csharp,cpp,0,easy64k,easy,16,64,0,steady,4194304,8,30,15,,0.03534726639874207,0.06535409181803993,True,0,"{""cpp"": ""5aba1177016454e405f0deb3d882aa68d47eaedf2d2b6ca94a619ca0bc771fd1"", ""csharp"": ""b58a9a1b31084f2f1ce2fa1470d92bcac471fae8ad853cb87b3acb64634d819d""}",F:\SocketServerClient\results\fair-2x2-20260930\0115-fast-easy-reuse-sat-4c-csharp,True,17035801.933333334,2660.8640714645385,,,0.060778804845870955,,True,closed-loop,1278875,1278875,0,1278875,0,0,0,1.384447,3.399679,5.292031,34.649,3.399679,1278875,0.0,1278287,4533,,,,0.6562220752347485,,3.791094077637277,89.27524191183657,223.38477814439537,,0,0,0,0,97.04296875,0.3515625,265.215,70.655,1242
116,fast-easy-saturation-4-client-cores,fast-easy-reuse-sat-4c,Specialized parsers (FastJson vs its C++ port): EASY saturation with a fourth load-generator core,"EASY retain-reuse, 4 client cores",tcp,retain-reuse,cpp,cpp,0,easy64k,easy,16,64,0,steady,4194304,8,30,15,,0.08386807066833858,0.16467665035110493,,,"{""cpp"": ""5aba1177016454e405f0deb3d882aa68d47eaedf2d2b6ca94a619ca0bc771fd1"", ""csharp"": ""b58a9a1b31084f2f1ce2fa1470d92bcac471fae8ad853cb87b3acb64634d819d""}",F:\SocketServerClient\results\fair-2x2-20260930\0116-fast-easy-reuse-sat-4c-cpp,True,17126466.3,2675.015125656128,,,0.0,,True,closed-loop,1285675,1285675,0,1285675,0,0,0,1.445887,1.945599,3.489791,18.0107,1.945599,1285675,0.0,1284861,382,,,,0.6985620226986395,,3.940696491289838,92.31532074591168,230.99081802375497,0.0,,,,,20.8125,0.3515625,270.335,69.631,1248
117,fast-easy-saturation-4-client-cores,fast-easy-aggregate-sat-4c,Specialized parsers (FastJson vs its C++ port): EASY saturation with a fourth load-generator core,"EASY aggregate, 4 client cores",tcp,aggregate,csharp,cpp,1,easy64k,easy,16,64,0,steady,4194304,8,30,15,,0.07494383005606114,0.15624191202388024,True,0,"{""cpp"": ""5aba1177016454e405f0deb3d882aa68d47eaedf2d2b6ca94a619ca0bc771fd1"", ""csharp"": ""b58a9a1b31084f2f1ce2fa1470d92bcac471fae8ad853cb87b3acb64634d819d""}",F:\SocketServerClient\results\fair-2x2-20260930\0117-fast-easy-aggregate-sat-4c-csharp,True,24855647.933333334,3882.2604599316915,,,0.0756602403673843,client_cpu_over_85pct,False,closed-loop,1865878,1865878,0,1865878,0,0,0,0.569343,2.662399,4.980735,68.5252,2.662399,1865878,0.0,364870,1745,,,,0.939191795239564,,3.776595219295264,60.963256976072394,152.54225637077948,,0,0,0,0,116.6796875,0.0,121.343,40.063,1814
118,fast-easy-saturation-4-client-cores,fast-easy-aggregate-sat-4c,Specialized parsers (FastJson vs its C++ port): EASY saturation with a fourth load-generator core,"EASY aggregate, 4 client cores",tcp,aggregate,cpp,cpp,1,easy64k,easy,16,64,0,steady,4194304,8,30,15,,0.052901761399504296,0.12883337472170894,,,"{""cpp"": ""5aba1177016454e405f0deb3d882aa68d47eaedf2d2b6ca94a619ca0bc771fd1"", ""csharp"": ""b58a9a1b31084f2f1ce2fa1470d92bcac471fae8ad853cb87b3acb64634d819d""}",F:\SocketServerClient\results\fair-2x2-20260930\0118-fast-easy-aggregate-sat-4c-cpp,True,25241795.666666668,3942.57675485611,,,0.0,client_cpu_over_85pct,False,closed-loop,1894846,1894846,0,1894846,0,0,0,0.843775,1.359871,2.940927,32.9335,1.359871,1894846,0.0,398228,609,,,,0.959231497660084,,3.9328632700419233,62.48858746304449,156.3590524952998,0.0,,,,,14.78125,0.0,179.711,41.983,1843
119,fast-easy-saturation-4-client-cores,fast-easy-reuse-sat-4c,Specialized parsers (FastJson vs its C++ port): EASY saturation with a fourth load-generator core,"EASY retain-reuse, 4 client cores",tcp,retain-reuse,csharp,cpp,1,easy64k,easy,16,64,0,steady,4194304,8,30,15,,0.061575709992295814,0.10566695888763915,True,0,"{""cpp"": ""5aba1177016454e405f0deb3d882aa68d47eaedf2d2b6ca94a619ca0bc771fd1"", ""csharp"": ""b58a9a1b31084f2f1ce2fa1470d92bcac471fae8ad853cb87b3acb64634d819d""}",F:\SocketServerClient\results\fair-2x2-20260930\0119-fast-easy-reuse-sat-4c-csharp,True,16639626.0,2598.985147635142,,,0.060782720016216214,,True,closed-loop,1249135,1249135,0,1249135,0,0,0,1.413119,3.440639,5.537791,37.8576,3.440639,1249135,0.0,1248682,5485,,,,0.6587367687328449,,3.791406421181455,91.40074931852843,228.70327749851288,,0,0,0,0,99.52734375,0.3515625,269.311,71.423,1216
120,fast-easy-saturation-4-client-cores,fast-easy-reuse-sat-4c,Specialized parsers (FastJson vs its C++ port): EASY saturation with a fourth load-generator core,"EASY retain-reuse, 4 client cores",tcp,retain-reuse,cpp,cpp,1,easy64k,easy,16,64,0,steady,4194304,8,30,15,,0.060743705361415455,0.11099860480501131,,,"{""cpp"": ""5aba1177016454e405f0deb3d882aa68d47eaedf2d2b6ca94a619ca0bc771fd1"", ""csharp"": ""b58a9a1b31084f2f1ce2fa1470d92bcac471fae8ad853cb87b3acb64634d819d""}",F:\SocketServerClient\results\fair-2x2-20260930\0120-fast-easy-reuse-sat-4c-cpp,True,17484367.766666666,2730.9223351160686,,,0.0,,True,closed-loop,1312545,1312545,0,1312545,0,0,0,1.413119,1.900543,4.341759,41.9617,1.900543,1312545,0.0,1311702,1078,,,,0.6858079143180758,,3.9173323277246195,89.87787085395168,224.89230143002288,0.0,,,,,20.73046875,0.3515625,268.287,69.631,1280
121,fast-easy-saturation-4-client-cores,fast-easy-aggregate-sat-4c,Specialized parsers (FastJson vs its C++ port): EASY saturation with a fourth load-generator core,"EASY aggregate, 4 client cores",tcp,aggregate,cpp,cpp,2,easy64k,easy,16,64,0,steady,4194304,8,30,15,,0.061969907963155386,0.13608686720231902,,,"{""cpp"": ""5aba1177016454e405f0deb3d882aa68d47eaedf2d2b6ca94a619ca0bc771fd1"", ""csharp"": ""b58a9a1b31084f2f1ce2fa1470d92bcac471fae8ad853cb87b3acb64634d819d""}",F:\SocketServerClient\results\fair-2x2-20260930\0121-fast-easy-aggregate-sat-4c-cpp,True,25078998.866666667,3917.1501437505085,,,0.0,client_cpu_over_85pct,False,closed-loop,1882590,1882590,0,1882590,0,0,0,0.776191,1.355775,2.875391,47.006,1.355775,1882590,0.0,326519,751,,,,0.9602678861792818,,3.8991315933841864,62.34761684700333,156.00636196535893,0.0,,,,,14.78515625,0.0,172.543,41.983,1830
122,fast-easy-saturation-4-client-cores,fast-easy-aggregate-sat-4c,Specialized parsers (FastJson vs its C++ port): EASY saturation with a fourth load-generator core,"EASY aggregate, 4 client cores",tcp,aggregate,csharp,cpp,2,easy64k,easy,16,64,0,steady,4194304,8,30,15,,0.09726469111156466,0.18872639684811196,True,0,"{""cpp"": ""5aba1177016454e405f0deb3d882aa68d47eaedf2d2b6ca94a619ca0bc771fd1"", ""csharp"": ""b58a9a1b31084f2f1ce2fa1470d92bcac471fae8ad853cb87b3acb64634d819d""}",F:\SocketServerClient\results\fair-2x2-20260930\0122-fast-easy-aggregate-sat-4c-csharp,True,23738433.8,3707.759871705373,,,0.07763387261752121,client_cpu_over_85pct,False,closed-loop,1782010,1782010,0,1782010,0,0,0,0.761855,2.727935,5.013503,73.103,2.727935,1782010,0.0,517434,1815,,,,0.9293512706444572,,3.6999345834547293,62.52595383864288,156.45242060341764,,0,0,0,0,116.328125,0.0,160.255,40.319,1735
123,fast-easy-saturation-4-client-cores,fast-easy-reuse-sat-4c,Specialized parsers (FastJson vs its C++ port): EASY saturation with a fourth load-generator core,"EASY retain-reuse, 4 client cores",tcp,retain-reuse,csharp,cpp,2,easy64k,easy,16,64,0,steady,4194304,8,30,15,,0.08865631200051217,0.16380937337530682,True,0,"{""cpp"": ""5aba1177016454e405f0deb3d882aa68d47eaedf2d2b6ca94a619ca0bc771fd1"", ""csharp"": ""b58a9a1b31084f2f1ce2fa1470d92bcac471fae8ad853cb87b3acb64634d819d""}",F:\SocketServerClient\results\fair-2x2-20260930\0123-fast-easy-reuse-sat-4c-csharp,True,16683927.333333334,2605.9037972132364,,,0.06078216741713534,,True,closed-loop,1252460,1252460,0,1252460,0,0,0,1.413119,3.530751,5.701631,29.2101,3.530751,1252460,0.0,1251974,3494,,,,0.6660083374550607,,3.8251750083775273,91.96900499816361,230.12508737685997,,0,0,0,0,96.64453125,0.3515625,266.239,70.655,1216
124,fast-easy-saturation-4-client-cores,fast-easy-reuse-sat-4c,Specialized parsers (FastJson vs its C++ port): EASY saturation with a fourth load-generator core,"EASY retain-reuse, 4 client cores",tcp,retain-reuse,cpp,cpp,2,easy64k,easy,16,64,0,steady,4194304,8,30,15,,0.08486069244275746,0.16148522745557273,,,"{""cpp"": ""5aba1177016454e405f0deb3d882aa68d47eaedf2d2b6ca94a619ca0bc771fd1"", ""csharp"": ""b58a9a1b31084f2f1ce2fa1470d92bcac471fae8ad853cb87b3acb64634d819d""}",F:\SocketServerClient\results\fair-2x2-20260930\0124-fast-easy-reuse-sat-4c-cpp,True,17216073.8,2689.024619992574,,,0.0,,True,closed-loop,1292409,1292409,0,1292409,0,0,0,1.433599,1.908735,4.038655,24.9985,1.908735,1292409,0.0,1291866,759,,,,0.7025443448293796,,3.938906062784464,91.79804922435545,229.69760131276365,0.0,,,,,20.76953125,0.3515625,269.311,69.631,1248
125,library-hard-saturation,library-hard-reuse-sat,"Library parsers (System.Text.Json vs simdjson): HARD, closed-loop saturation (16 x 4, 4 KiB-1 MiB frames)","HARD retain-reuse, 64 batches",tcp,retain-reuse,csharp,cpp,0,hardmix,hard,16,64,0,steady,4194304,64,60,20,,0.08625400928393993,0.13759570095139018,True,0,"{""cpp"": ""5aba1177016454e405f0deb3d882aa68d47eaedf2d2b6ca94a619ca0bc771fd1"", ""csharp"": ""b58a9a1b31084f2f1ce2fa1470d92bcac471fae8ad853cb87b3acb64634d819d""}",F:\SocketServerClient\results\fair-2x2-20260930\0125-library-hard-reuse-sat-csharp,True,1809955.4666666666,1322.857720597585,,,0.2265553947056424,,True,closed-loop,447711,447711,0,447711,0,0,0,8.208383,15.171583,24.182783,60.5361,15.171583,447711,0.0,447706,438870,,,,0.5316016006931311,,3.872205722497868,520.6693045290377,2146.327313463414,,0,0,0,0,824.59765625,42.65625,1482.751,274.431,432
126,library-hard-saturation,library-hard-reuse-sat,"Library parsers (System.Text.Json vs simdjson): HARD, closed-loop saturation (16 x 4, 4 KiB-1 MiB frames)","HARD retain-reuse, 64 batches",tcp,retain-reuse,cpp,cpp,0,hardmix,hard,16,64,0,steady,4194304,64,60,20,,0.08305948071361144,0.1473317031923837,,,"{""cpp"": ""5aba1177016454e405f0deb3d882aa68d47eaedf2d2b6ca94a619ca0bc771fd1"", ""csharp"": ""b58a9a1b31084f2f1ce2fa1470d92bcac471fae8ad853cb87b3acb64634d819d""}",F:\SocketServerClient\results\fair-2x2-20260930\0126-library-hard-reuse-sat-cpp,True,2469648.8833333333,1805.0111397107441,,,0.02389476513440899,,True,closed-loop,610842,610842,0,610842,0,0,0,6.094847,9.175039,12.550143,30.9582,9.175039,610842,0.0,610825,524435,,,,0.6984921303635643,,3.934767534563081,387.8611408514804,1598.7327369929271,8.840256563890499e-05,,,,,702.23046875,42.65625,1224.703,185.855,592
127,library-hard-saturation,library-hard-allocate-sat,"Library parsers (System.Text.Json vs simdjson): HARD, closed-loop saturation (16 x 4, 4 KiB-1 MiB frames)","HARD retain-allocate, 64 batches",tcp,retain-allocate,cpp,cpp,0,hardmix,hard,16,64,0,steady,4194304,64,60,20,,0.06830200537197154,0.12042577832841331,,,"{""cpp"": ""5aba1177016454e405f0deb3d882aa68d47eaedf2d2b6ca94a619ca0bc771fd1"", ""csharp"": ""b58a9a1b31084f2f1ce2fa1470d92bcac471fae8ad853cb87b3acb64634d819d""}",F:\SocketServerClient\results\fair-2x2-20260930\0127-library-hard-allocate-sat-cpp,True,2457900.2,1796.403322203954,,,828.861524968849,,True,closed-loop,607969,607969,0,607969,0,0,0,6.143999,9.142271,10.715135,22.8126,9.142271,607969,0.0,607958,529361,,,,0.6769928914088743,,3.9469083993321963,390.8248200154942,1611.0500041444254,14.01031302582862,,,,,199.44140625,12.587779998779297,1200.127,198.143,584
128,library-hard-saturation,library-hard-allocate-sat,"Library parsers (System.Text.Json vs simdjson): HARD, closed-loop saturation (16 x 4, 4 KiB-1 MiB frames)","HARD retain-allocate, 64 batches",tcp,retain-allocate,csharp,cpp,0,hardmix,hard,16,64,0,steady,4194304,64,60,20,,0.06258277847403462,0.10435619407959912,True,0,"{""cpp"": ""5aba1177016454e405f0deb3d882aa68d47eaedf2d2b6ca94a619ca0bc771fd1"", ""csharp"": ""b58a9a1b31084f2f1ce2fa1470d92bcac471fae8ad853cb87b3acb64634d819d""}",F:\SocketServerClient\results\fair-2x2-20260930\0128-library-hard-allocate-sat-csharp,True,1805918.85,1319.9089950879415,,,829.5823450466836,,True,closed-loop,446712,446712,0,446712,0,0,0,8.175615,16.580607,21.561343,40.5341,16.580607,446712,0.0,446709,436707,,,,0.5108489582477969,,3.8332003480124444,516.622007020183,2129.5303880347283,,108,108,0,795.288,1022.58203125,12.587779998779297,1486.847,223.743,432
129,library-hard-saturation,library-hard-aggregate-sat,"Library parsers (System.Text.Json vs simdjson): HARD, closed-loop saturation (16 x 4, 4 KiB-1 MiB frames)",HARD aggregate,tcp,aggregate,cpp,cpp,0,hardmix,hard,16,64,0,steady,4194304,64,60,20,,0.08673592243924101,0.16965707262891913,,,"{""cpp"": ""5aba1177016454e405f0deb3d882aa68d47eaedf2d2b6ca94a619ca0bc771fd1"", ""csharp"": ""b58a9a1b31084f2f1ce2fa1470d92bcac471fae8ad853cb87b3acb64634d819d""}",F:\SocketServerClient\results\fair-2x2-20260930\0129-library-hard-aggregate-sat-cpp,True,3345892.066666667,2445.420783217748,,,0.0,client_cpu_over_85pct,False,closed-loop,827498,827498,0,827498,0,0,0,4.161535,7.028735,9.699327,80.14,7.028735,827498,0.0,825470,171387,,,,0.8852256269871496,,3.924208348217181,285.0460061534892,1174.8700430607864,0.0,,,,,41.90234375,0.0,862.207,94.975,800
130,library-hard-saturation,library-hard-aggregate-sat,"Library parsers (System.Text.Json vs simdjson): HARD, closed-loop saturation (16 x 4, 4 KiB-1 MiB frames)",HARD aggregate,tcp,aggregate,csharp,cpp,0,hardmix,hard,16,64,0,steady,4194304,64,60,20,,0.06657946582590334,0.11526530176557899,True,0,"{""cpp"": ""5aba1177016454e405f0deb3d882aa68d47eaedf2d2b6ca94a619ca0bc771fd1"", ""csharp"": ""b58a9a1b31084f2f1ce2fa1470d92bcac471fae8ad853cb87b3acb64634d819d""}",F:\SocketServerClient\results\fair-2x2-20260930\0130-library-hard-aggregate-sat-csharp,True,2309236.3,1687.7992280006408,,,0.10419414049799304,partner_excluded,False,closed-loop,571221,571221,0,571221,0,0,0,6.275071,13.795327,19.202047,73.4722,13.795327,571221,0.0,571178,428791,,,,0.622951865250677,,3.8700875808913753,407.26903422668283,1678.8427663406642,,0,0,0,0,76.40625,0.0,1085.439,155.647,552
131,library-hard-saturation,library-hard-allocate-sat,"Library parsers (System.Text.Json vs simdjson): HARD, closed-loop saturation (16 x 4, 4 KiB-1 MiB frames)","HARD retain-allocate, 64 batches",tcp,retain-allocate,csharp,cpp,1,hardmix,hard,16,64,0,steady,4194304,64,60,20,,0.06993271705270328,0.11086988792343891,True,0,"{""cpp"": ""5aba1177016454e405f0deb3d882aa68d47eaedf2d2b6ca94a619ca0bc771fd1"", ""csharp"": ""b58a9a1b31084f2f1ce2fa1470d92bcac471fae8ad853cb87b3acb64634d819d""}",F:\SocketServerClient\results\fair-2x2-20260930\0131-library-hard-allocate-sat-csharp,True,1819355.85,1329.7253416697183,,,829.5873152633296,,True,closed-loop,450049,450049,0,450049,0,0,0,8.142847,16.252927,20.709375,42.0866,16.252927,450049,0.0,450047,441844,,,,0.5190789856480374,,3.8902787290624223,520.3600052438734,2145.0666964952493,,109,109,0,808.649,1016.421875,12.587779998779297,1462.271,279.551,432
132,library-hard-saturation,library-hard-allocate-sat,"Library parsers (System.Text.Json vs simdjson): HARD, closed-loop saturation (16 x 4, 4 KiB-1 MiB frames)","HARD retain-allocate, 64 batches",tcp,retain-allocate,cpp,cpp,1,hardmix,hard,16,64,0,steady,4194304,64,60,20,,0.0596825719934633,0.10663398212360646,,,"{""cpp"": ""5aba1177016454e405f0deb3d882aa68d47eaedf2d2b6ca94a619ca0bc771fd1"", ""csharp"": ""b58a9a1b31084f2f1ce2fa1470d92bcac471fae8ad853cb87b3acb64634d819d""}",F:\SocketServerClient\results\fair-2x2-20260930\0132-library-hard-allocate-sat-cpp,True,2495693.8666666667,1824.0703923384349,,,828.8453092132977,,True,closed-loop,617239,617239,0,617239,0,0,0,6.078463,8.912895,10.092543,15.9484,8.912895,617239,0.0,617222,532291,,,,0.6714957577006813,,3.9388618399532866,384.1957896374014,1583.468949583861,14.010943896934576,,,,,199.16015625,12.587779998779297,1159.167,189.951,592
133,library-hard-saturation,library-hard-aggregate-sat,"Library parsers (System.Text.Json vs simdjson): HARD, closed-loop saturation (16 x 4, 4 KiB-1 MiB frames)",HARD aggregate,tcp,aggregate,csharp,cpp,1,hardmix,hard,16,64,0,steady,4194304,64,60,20,,0.03545379847106382,0.06281060323361617,True,0,"{""cpp"": ""5aba1177016454e405f0deb3d882aa68d47eaedf2d2b6ca94a619ca0bc771fd1"", ""csharp"": ""b58a9a1b31084f2f1ce2fa1470d92bcac471fae8ad853cb87b3acb64634d819d""}",F:\SocketServerClient\results\fair-2x2-20260930\0133-library-hard-aggregate-sat-csharp,True,2400076.216666667,1754.18794093132,,,0.10392087893616743,partner_excluded,False,closed-loop,593594,593594,0,593594,0,0,0,6.176767,11.304959,13.893631,36.3711,11.304959,593594,0.0,593573,471314,,,,0.6266136033095712,,3.9042059183362023,395.4460034973399,1629.8722554752183,,0,0,0,0,77.33984375,0.0,1118.207,134.655,572
134,library-hard-saturation,library-hard-aggregate-sat,"Library parsers (System.Text.Json vs simdjson): HARD, closed-loop saturation (16 x 4, 4 KiB-1 MiB frames)",HARD aggregate,tcp,aggregate,cpp,cpp,1,hardmix,hard,16,64,0,steady,4194304,64,60,20,,0.04332928644696075,0.08567505944792958,,,"{""cpp"": ""5aba1177016454e405f0deb3d882aa68d47eaedf2d2b6ca94a619ca0bc771fd1"", ""csharp"": ""b58a9a1b31084f2f1ce2fa1470d92bcac471fae8ad853cb87b3acb64634d819d""}",F:\SocketServerClient\results\fair-2x2-20260930\0134-library-hard-aggregate-sat-cpp,True,3511847.783333333,2566.723511060079,,,0.0,client_cpu_over_85pct,False,closed-loop,868512,868512,0,868512,0,0,0,3.997695,6.373375,7.405567,26.6861,6.373375,868512,0.0,866264,124530,,,,0.9007851946087979,,3.979424037475626,275.47115065767656,1135.3662731222205,0.0,,,,,41.80859375,0.0,811.007,80.127,840
135,library-hard-saturation,library-hard-reuse-sat,"Library parsers (System.Text.Json vs simdjson): HARD, closed-loop saturation (16 x 4, 4 KiB-1 MiB frames)","HARD retain-reuse, 64 batches",tcp,retain-reuse,csharp,cpp,1,hardmix,hard,16,64,0,steady,4194304,64,60,20,,0.052156893814364516,0.08111951614154687,True,0,"{""cpp"": ""5aba1177016454e405f0deb3d882aa68d47eaedf2d2b6ca94a619ca0bc771fd1"", ""csharp"": ""b58a9a1b31084f2f1ce2fa1470d92bcac471fae8ad853cb87b3acb64634d819d""}",F:\SocketServerClient\results\fair-2x2-20260930\0135-library-hard-reuse-sat-csharp,True,1875342.7833333334,1370.6405851840973,,,0.21158861029611759,,True,closed-loop,463887,463887,0,463887,0,0,0,7.995391,13.926399,17.498111,52.5019,13.926399,463887,0.0,463886,456101,,,,0.5332214798553115,,3.8846967771671164,504.23109507272244,2078.495248037254,,0,0,0,0,866.98828125,42.65625,1478.655,267.263,448
136,library-hard-saturation,library-hard-reuse-sat,"Library parsers (System.Text.Json vs simdjson): HARD, closed-loop saturation (16 x 4, 4 KiB-1 MiB frames)","HARD retain-reuse, 64 batches",tcp,retain-reuse,cpp,cpp,1,hardmix,hard,16,64,0,steady,4194304,64,60,20,,0.054870884795956094,0.09517792679099274,,,"{""cpp"": ""5aba1177016454e405f0deb3d882aa68d47eaedf2d2b6ca94a619ca0bc771fd1"", ""csharp"": ""b58a9a1b31084f2f1ce2fa1470d92bcac471fae8ad853cb87b3acb64634d819d""}",F:\SocketServerClient\results\fair-2x2-20260930\0136-library-hard-reuse-sat-cpp,True,2549663.5833333335,1863.4871831576029,,,0.021859280854579267,,True,closed-loop,630608,630608,0,630608,0,0,0,5.931007,8.716287,10.485759,21.0822,8.716287,630608,0.0,630598,522967,,,,0.7051376860202526,,3.9613757328740267,378.20642935072186,1558.8911017371681,8.087433080455687e-05,,,,,702.734375,42.65625,1155.071,202.751,608
137,library-hard-saturation,library-hard-aggregate-sat,"Library parsers (System.Text.Json vs simdjson): HARD, closed-loop saturation (16 x 4, 4 KiB-1 MiB frames)",HARD aggregate,tcp,aggregate,csharp,cpp,2,hardmix,hard,16,64,0,steady,4194304,64,60,20,,0.05319607841081087,0.09159006199577781,True,0,"{""cpp"": ""5aba1177016454e405f0deb3d882aa68d47eaedf2d2b6ca94a619ca0bc771fd1"", ""csharp"": ""b58a9a1b31084f2f1ce2fa1470d92bcac471fae8ad853cb87b3acb64634d819d""}",F:\SocketServerClient\results\fair-2x2-20260930\0137-library-hard-aggregate-sat-csharp,True,2368727.8833333333,1731.2609312375387,,,0.10401044375776178,partner_excluded,False,closed-loop,585843,585843,0,585843,0,0,0,6.242303,11.665407,14.450687,26.5101,11.665407,585843,0.0,585817,463924,,,,0.6278326130276213,,3.850210149683986,395.0770513601767,1628.3678133305148,,0,0,0,0,77.265625,0.0,1179.647,107.263,563
138,library-hard-saturation,library-hard-aggregate-sat,"Library parsers (System.Text.Json vs simdjson): HARD, closed-loop saturation (16 x 4, 4 KiB-1 MiB frames)",HARD aggregate,tcp,aggregate,cpp,cpp,2,hardmix,hard,16,64,0,steady,4194304,64,60,20,,0.07914718989080684,0.1565193045347018,,,"{""cpp"": ""5aba1177016454e405f0deb3d882aa68d47eaedf2d2b6ca94a619ca0bc771fd1"", ""csharp"": ""b58a9a1b31084f2f1ce2fa1470d92bcac471fae8ad853cb87b3acb64634d819d""}",F:\SocketServerClient\results\fair-2x2-20260930\0138-library-hard-aggregate-sat-cpp,True,3399606.3833333333,2484.6943097114563,,,0.0,client_cpu_over_85pct,False,closed-loop,840893,840893,0,840893,0,0,0,4.104191,6.832127,9.568255,45.9876,6.832127,840893,0.0,838702,156812,,,,0.8841857329209962,,3.941759253106243,281.78748663623077,1161.5747730404987,0.0,,,,,41.90625,0.0,864.255,82.431,813
139,library-hard-saturation,library-hard-reuse-sat,"Library parsers (System.Text.Json vs simdjson): HARD, closed-loop saturation (16 x 4, 4 KiB-1 MiB frames)","HARD retain-reuse, 64 batches",tcp,retain-reuse,csharp,cpp,2,hardmix,hard,16,64,0,steady,4194304,64,60,20,,0.04526785352814578,0.06970518930996046,True,0,"{""cpp"": ""5aba1177016454e405f0deb3d882aa68d47eaedf2d2b6ca94a619ca0bc771fd1"", ""csharp"": ""b58a9a1b31084f2f1ce2fa1470d92bcac471fae8ad853cb87b3acb64634d819d""}",F:\SocketServerClient\results\fair-2x2-20260930\0139-library-hard-reuse-sat-csharp,True,1859121.9166666667,1358.787372048696,,,0.217870076431518,,True,closed-loop,459885,459885,0,459885,0,0,0,8.060927,14.090239,17.563647,31.1498,14.090239,459885,0.0,459885,451533,,,,0.5031522401173497,,3.8539781986294863,504.5758722289268,2079.9283813782945,,0,0,0,0,867.0390625,42.65625,1482.751,290.815,440
140,library-hard-saturation,library-hard-reuse-sat,"Library parsers (System.Text.Json vs simdjson): HARD, closed-loop saturation (16 x 4, 4 KiB-1 MiB frames)","HARD retain-reuse, 64 batches",tcp,retain-reuse,cpp,cpp,2,hardmix,hard,16,64,0,steady,4194304,64,60,20,,0.04282344299044794,0.07696488734952604,,,"{""cpp"": ""5aba1177016454e405f0deb3d882aa68d47eaedf2d2b6ca94a619ca0bc771fd1"", ""csharp"": ""b58a9a1b31084f2f1ce2fa1470d92bcac471fae8ad853cb87b3acb64634d819d""}",F:\SocketServerClient\results\fair-2x2-20260930\0140-library-hard-reuse-sat-cpp,True,2566993.8333333335,1876.1727370262147,,,0.020434077029173443,,True,closed-loop,634929,634929,0,634929,0,0,0,5.898239,8.617983,9.764863,21.592,8.617983,634929,0.0,634923,521776,,,,0.6832062719787692,,3.95953565349781,375.435678634934,1547.5197330757464,7.559900398312253e-05,,,,,704.1796875,42.65625,1126.399,173.567,610
141,library-hard-saturation,library-hard-allocate-sat,"Library parsers (System.Text.Json vs simdjson): HARD, closed-loop saturation (16 x 4, 4 KiB-1 MiB frames)","HARD retain-allocate, 64 batches",tcp,retain-allocate,csharp,cpp,2,hardmix,hard,16,64,0,steady,4194304,64,60,20,,0.05499562037112119,0.09138448770478219,True,0,"{""cpp"": ""5aba1177016454e405f0deb3d882aa68d47eaedf2d2b6ca94a619ca0bc771fd1"", ""csharp"": ""b58a9a1b31084f2f1ce2fa1470d92bcac471fae8ad853cb87b3acb64634d819d""}",F:\SocketServerClient\results\fair-2x2-20260930\0141-library-hard-allocate-sat-csharp,True,1842931.6166666667,1346.9611449241638,,,829.575404062359,,True,closed-loop,455840,455840,0,455840,0,0,0,7.962623,16.744447,21.954559,43.7394,16.744447,455840,0.0,455838,438110,,,,0.5050058237752474,,3.8733251854003146,511.62414443664443,2108.781729595117,,111,111,0,795.756,1019.5,12.587779998779297,1339.391,247.295,439
142,library-hard-saturation,library-hard-allocate-sat,"Library parsers (System.Text.Json vs simdjson): HARD, closed-loop saturation (16 x 4, 4 KiB-1 MiB frames)","HARD retain-allocate, 64 batches",tcp,retain-allocate,cpp,cpp,2,hardmix,hard,16,64,0,steady,4194304,64,60,20,,0.05311982341456003,0.09010488436818967,,,"{""cpp"": ""5aba1177016454e405f0deb3d882aa68d47eaedf2d2b6ca94a619ca0bc771fd1"", ""csharp"": ""b58a9a1b31084f2f1ce2fa1470d92bcac471fae8ad853cb87b3acb64634d819d""}",F:\SocketServerClient\results\fair-2x2-20260930\0142-library-hard-allocate-sat-cpp,True,2507149.3333333335,1832.4231564998627,,,828.8400928247959,,True,closed-loop,620128,620128,0,620128,0,0,0,6.045695,8.880127,10.092543,34.9103,8.880127,620128,0.0,620116,529399,,,,0.6830619349674645,,3.9420560967925558,382.68309123277777,1577.3840957940834,14.010251109448372,,,,,199.85546875,12.587779998779297,1175.551,203.263,600
143,library-hard-saturation,library-hard-aggregate-sat,"Library parsers (System.Text.Json vs simdjson): HARD, closed-loop saturation (16 x 4, 4 KiB-1 MiB frames)",HARD aggregate,tcp,aggregate,csharp,cpp,3,hardmix,hard,16,64,0,steady,4194304,64,60,20,,0.06392999180648017,0.10828663172524107,True,0,"{""cpp"": ""5aba1177016454e405f0deb3d882aa68d47eaedf2d2b6ca94a619ca0bc771fd1"", ""csharp"": ""b58a9a1b31084f2f1ce2fa1470d92bcac471fae8ad853cb87b3acb64634d819d""}",F:\SocketServerClient\results\fair-2x2-20260930\0143-library-hard-aggregate-sat-csharp,True,2365868.65,1729.1624653021495,,,0.10404228271445073,partner_excluded,False,closed-loop,585180,585180,0,585180,0,0,0,6.209535,11.960319,15.958015,52.5243,11.960319,585180,0.0,585142,460385,,,,0.6307474518663693,,3.834168719685199,393.89589528008474,1623.6205758329213,,0,0,0,0,77.171875,0.0,1130.495,104.703,563
144,library-hard-saturation,library-hard-aggregate-sat,"Library parsers (System.Text.Json vs simdjson): HARD, closed-loop saturation (16 x 4, 4 KiB-1 MiB frames)",HARD aggregate,tcp,aggregate,cpp,cpp,3,hardmix,hard,16,64,0,steady,4194304,64,60,20,,0.05696434105291692,0.11342471650014316,,,"{""cpp"": ""5aba1177016454e405f0deb3d882aa68d47eaedf2d2b6ca94a619ca0bc771fd1"", ""csharp"": ""b58a9a1b31084f2f1ce2fa1470d92bcac471fae8ad853cb87b3acb64634d819d""}",F:\SocketServerClient\results\fair-2x2-20260930\0144-library-hard-aggregate-sat-cpp,True,3453030.1166666667,2523.747880379359,,,0.0,client_cpu_over_85pct,False,closed-loop,853959,853959,0,853959,0,0,0,4.063231,6.586367,8.257535,21.8767,6.586367,853959,0.0,851873,143392,,,,0.8807082794151316,,3.95041206248346,278.0615052947507,1146.0378363961083,0.0,,,,,41.80078125,0.0,833.535,77.055,824
145,library-hard-saturation,library-hard-reuse-sat,"Library parsers (System.Text.Json vs simdjson): HARD, closed-loop saturation (16 x 4, 4 KiB-1 MiB frames)","HARD retain-reuse, 64 batches",tcp,retain-reuse,cpp,cpp,3,hardmix,hard,16,64,0,steady,4194304,64,60,20,,0.06271723985585788,0.10950982101244296,,,"{""cpp"": ""5aba1177016454e405f0deb3d882aa68d47eaedf2d2b6ca94a619ca0bc771fd1"", ""csharp"": ""b58a9a1b31084f2f1ce2fa1470d92bcac471fae8ad853cb87b3acb64634d819d""}",F:\SocketServerClient\results\fair-2x2-20260930\0145-library-hard-reuse-sat-cpp,True,2510021.7666666666,1834.5249927520751,,,0.02220395472296722,,True,closed-loop,620825,620825,0,620825,0,0,0,6.012927,8.978431,11.304959,26.737,8.978431,620825,0.0,620811,523227,,,,0.7040916604152462,,3.9626684893738378,384.34240728063463,1584.1976359879816,8.214875367454596e-05,,,,,703.31640625,42.65625,1159.167,172.031,600
146,library-hard-saturation,library-hard-reuse-sat,"Library parsers (System.Text.Json vs simdjson): HARD, closed-loop saturation (16 x 4, 4 KiB-1 MiB frames)","HARD retain-reuse, 64 batches",tcp,retain-reuse,csharp,cpp,3,hardmix,hard,16,64,0,steady,4194304,64,60,20,,0.054311362337437184,0.08346756770719661,True,0,"{""cpp"": ""5aba1177016454e405f0deb3d882aa68d47eaedf2d2b6ca94a619ca0bc771fd1"", ""csharp"": ""b58a9a1b31084f2f1ce2fa1470d92bcac471fae8ad853cb87b3acb64634d819d""}",F:\SocketServerClient\results\fair-2x2-20260930\0146-library-hard-reuse-sat-csharp,True,1863662.95,1362.1212078412375,,,0.21115051526185322,,True,closed-loop,460977,460977,0,460977,0,0,0,7.995391,14.778367,19.202047,33.2884,14.778367,460977,0.0,460974,446749,,,,0.5179241229161525,,3.8665715348485103,505.0414662770594,2081.74301207212,,0,0,0,0,867.703125,42.65625,1359.871,211.967,441
147,library-hard-saturation,library-hard-allocate-sat,"Library parsers (System.Text.Json vs simdjson): HARD, closed-loop saturation (16 x 4, 4 KiB-1 MiB frames)","HARD retain-allocate, 64 batches",tcp,retain-allocate,csharp,cpp,3,hardmix,hard,16,64,0,steady,4194304,64,60,20,,0.08543830655611426,0.1335194871558338,True,0,"{""cpp"": ""5aba1177016454e405f0deb3d882aa68d47eaedf2d2b6ca94a619ca0bc771fd1"", ""csharp"": ""b58a9a1b31084f2f1ce2fa1470d92bcac471fae8ad853cb87b3acb64634d819d""}",F:\SocketServerClient\results\fair-2x2-20260930\0147-library-hard-allocate-sat-csharp,True,1793879.0833333333,1311.1185690879822,,,829.5498101481338,,True,closed-loop,443684,443684,0,443684,0,0,0,8.208383,16.908287,22.347775,84.3611,16.908287,443684,0.0,443682,435355,,,,0.5178416444346307,,3.859865588578953,523.8103019265964,2158.8642836276035,,108,108,0,792.2869999999999,1017.26953125,12.587779998779297,1499.135,252.415,424
148,library-hard-saturation,library-hard-allocate-sat,"Library parsers (System.Text.Json vs simdjson): HARD, closed-loop saturation (16 x 4, 4 KiB-1 MiB frames)","HARD retain-allocate, 64 batches",tcp,retain-allocate,cpp,cpp,3,hardmix,hard,16,64,0,steady,4194304,64,60,20,,0.07859573862968956,0.13548732204964214,,,"{""cpp"": ""5aba1177016454e405f0deb3d882aa68d47eaedf2d2b6ca94a619ca0bc771fd1"", ""csharp"": ""b58a9a1b31084f2f1ce2fa1470d92bcac471fae8ad853cb87b3acb64634d819d""}",F:\SocketServerClient\results\fair-2x2-20260930\0148-library-hard-allocate-sat-cpp,True,2413632.566666667,1764.085089413325,,,828.8334655301512,,True,closed-loop,596908,596908,0,596908,0,0,0,6.225919,9.568255,13.697023,87.2942,9.568255,596908,0.0,596882,527495,,,,0.6820187339128296,,3.9129574998140013,394.6378671420051,1626.4106119445833,14.011271418711091,,,,,203.66015625,12.587779998779297,1241.087,209.919,576
149,library-hard-saturation,library-hard-aggregate-sat,"Library parsers (System.Text.Json vs simdjson): HARD, closed-loop saturation (16 x 4, 4 KiB-1 MiB frames)",HARD aggregate,tcp,aggregate,cpp,cpp,4,hardmix,hard,16,64,0,steady,4194304,64,60,20,,0.07071089432208416,0.1364804649185325,,,"{""cpp"": ""5aba1177016454e405f0deb3d882aa68d47eaedf2d2b6ca94a619ca0bc771fd1"", ""csharp"": ""b58a9a1b31084f2f1ce2fa1470d92bcac471fae8ad853cb87b3acb64634d819d""}",F:\SocketServerClient\results\fair-2x2-20260930\0149-library-hard-aggregate-sat-cpp,True,3418041.1666666665,2498.189161968231,,,0.0,client_cpu_over_85pct,False,closed-loop,845439,845439,0,845439,0,0,0,4.071423,6.782975,10.223615,88.4523,6.782975,845439,0.0,842833,148001,,,,0.8967172984782762,,3.9399207913104504,280.1244383095646,1154.6932621532574,0.0,,,,,41.83203125,0.0,837.631,79.615,816
150,library-hard-saturation,library-hard-aggregate-sat,"Library parsers (System.Text.Json vs simdjson): HARD, closed-loop saturation (16 x 4, 4 KiB-1 MiB frames)",HARD aggregate,tcp,aggregate,csharp,cpp,4,hardmix,hard,16,64,0,steady,4194304,64,60,20,,0.07191644523370103,0.11513319535620747,True,0,"{""cpp"": ""5aba1177016454e405f0deb3d882aa68d47eaedf2d2b6ca94a619ca0bc771fd1"", ""csharp"": ""b58a9a1b31084f2f1ce2fa1470d92bcac471fae8ad853cb87b3acb64634d819d""}",F:\SocketServerClient\results\fair-2x2-20260930\0150-library-hard-aggregate-sat-csharp,True,2313822.0,1691.1382973512013,,,0.10415003992434811,partner_excluded,False,closed-loop,572246,572246,0,572246,0,0,0,6.356991,12.124159,17.104895,105.7646,12.124159,572246,0.0,572158,467806,,,,0.6097490006216999,,3.850341990676722,404.464382450904,1667.0031357889866,,0,0,0,0,76.8359375,0.0,1191.935,116.223,552
151,library-hard-saturation,library-hard-reuse-sat,"Library parsers (System.Text.Json vs simdjson): HARD, closed-loop saturation (16 x 4, 4 KiB-1 MiB frames)","HARD retain-reuse, 64 batches",tcp,retain-reuse,cpp,cpp,4,hardmix,hard,16,64,0,steady,4194304,64,60,20,,0.06350029484743926,0.11018976955572533,,,"{""cpp"": ""5aba1177016454e405f0deb3d882aa68d47eaedf2d2b6ca94a619ca0bc771fd1"", ""csharp"": ""b58a9a1b31084f2f1ce2fa1470d92bcac471fae8ad853cb87b3acb64634d819d""}",F:\SocketServerClient\results\fair-2x2-20260930\0151-library-hard-reuse-sat-cpp,True,2526152.7666666666,1846.3232455730438,,,0.022927203451542966,,True,closed-loop,624822,624822,0,624822,0,0,0,5.963775,8.945663,11.730943,73.8988,8.945663,624822,0.0,624779,520276,,,,0.6855920772362357,,3.952326151576821,380.8334613697981,1569.742181660186,8.482415792017566e-05,,,,,703.015625,42.65625,1200.127,180.735,600
152,library-hard-saturation,library-hard-reuse-sat,"Library parsers (System.Text.Json vs simdjson): HARD, closed-loop saturation (16 x 4, 4 KiB-1 MiB frames)","HARD retain-reuse, 64 batches",tcp,retain-reuse,csharp,cpp,4,hardmix,hard,16,64,0,steady,4194304,64,60,20,,0.09270062097130816,0.1573126698032096,True,0,"{""cpp"": ""5aba1177016454e405f0deb3d882aa68d47eaedf2d2b6ca94a619ca0bc771fd1"", ""csharp"": ""b58a9a1b31084f2f1ce2fa1470d92bcac471fae8ad853cb87b3acb64634d819d""}",F:\SocketServerClient\results\fair-2x2-20260930\0152-library-hard-reuse-sat-csharp,True,1751819.1,1280.3663461526235,,,0.21894188991563798,,True,closed-loop,433420,433420,0,433420,0,0,0,8.486911,15.597567,21.299199,92.3732,15.597567,433420,0.0,433416,424589,,,,0.5163413143895823,,3.747023936553802,520.5329126482396,2146.0881269117144,,0,0,0,0,866.578125,42.65625,1478.655,275.455,416
153,library-hard-saturation,library-hard-allocate-sat,"Library parsers (System.Text.Json vs simdjson): HARD, closed-loop saturation (16 x 4, 4 KiB-1 MiB frames)","HARD retain-allocate, 64 batches",tcp,retain-allocate,cpp,cpp,4,hardmix,hard,16,64,0,steady,4194304,64,60,20,,0.1300378313095789,0.23360343036818623,,,"{""cpp"": ""5aba1177016454e405f0deb3d882aa68d47eaedf2d2b6ca94a619ca0bc771fd1"", ""csharp"": ""b58a9a1b31084f2f1ce2fa1470d92bcac471fae8ad853cb87b3acb64634d819d""}",F:\SocketServerClient\results\fair-2x2-20260930\0153-library-hard-allocate-sat-cpp,True,2285569.45,1670.4766613642375,,,828.8549770167062,,True,closed-loop,565342,565342,0,565342,0,0,0,6.586367,10.256383,14.745599,64.9829,10.256383,565342,0.0,565324,524249,,,,0.674748846271654,,3.832252976158959,408.1323782772198,1682.2778036813852,14.010749245589395,,,,,201.49609375,12.587779998779297,1253.375,214.527,544
154,library-hard-saturation,library-hard-allocate-sat,"Library parsers (System.Text.Json vs simdjson): HARD, closed-loop saturation (16 x 4, 4 KiB-1 MiB frames)","HARD retain-allocate, 64 batches",tcp,retain-allocate,csharp,cpp,4,hardmix,hard,16,64,0,steady,4194304,64,60,20,,0.051550803746684075,0.08349372167748782,True,0,"{""cpp"": ""5aba1177016454e405f0deb3d882aa68d47eaedf2d2b6ca94a619ca0bc771fd1"", ""csharp"": ""b58a9a1b31084f2f1ce2fa1470d92bcac471fae8ad853cb87b3acb64634d819d""}",F:\SocketServerClient\results\fair-2x2-20260930\0154-library-hard-allocate-sat-csharp,True,1824804.0,1333.7152010758718,,,829.5734852429114,,True,closed-loop,451381,451381,0,451381,0,0,0,8.093695,16.154623,21.430271,101.6022,16.154623,451381,0.0,451376,441445,,,,0.5009945960619245,,3.828929900416855,510.72431050487285,2105.1756027277843,,109,109,0,784.046,1019.63671875,12.587779998779297,1429.503,240.127,432
155,fast-hard-saturation,fast-hard-aggregate-sat,"Specialized parsers (FastJson vs its C++ port): HARD, closed-loop saturation (16 x 4, 4 KiB-1 MiB frames)",HARD aggregate,tcp,aggregate,csharp,cpp,0,hardmix,hard,16,64,0,steady,4194304,64,60,20,,0.0678926139969534,0.12855510746941307,True,0,"{""cpp"": ""5aba1177016454e405f0deb3d882aa68d47eaedf2d2b6ca94a619ca0bc771fd1"", ""csharp"": ""b58a9a1b31084f2f1ce2fa1470d92bcac471fae8ad853cb87b3acb64634d819d""}",F:\SocketServerClient\results\fair-2x2-20260930\0155-fast-hard-aggregate-sat-csharp,True,3959920.783333333,2894.2578546365103,,,0.280427453608023,client_cpu_over_85pct,False,closed-loop,979599,979599,0,979599,0,0,0,1.030143,5.767167,8.880127,90.2954,5.767167,979599,0.0,506523,22592,,,,0.9848670460472729,,3.6870461769609637,226.27243392449358,932.8902202377017,,0,0,0,0,137.34765625,0.0,194.559,69.119,947
156,fast-hard-saturation,fast-hard-aggregate-sat,"Specialized parsers (FastJson vs its C++ port): HARD, closed-loop saturation (16 x 4, 4 KiB-1 MiB frames)",HARD aggregate,tcp,aggregate,cpp,cpp,0,hardmix,hard,16,64,0,steady,4194304,64,60,20,,0.07964515588736863,0.153027838349858,,,"{""cpp"": ""5aba1177016454e405f0deb3d882aa68d47eaedf2d2b6ca94a619ca0bc771fd1"", ""csharp"": ""b58a9a1b31084f2f1ce2fa1470d92bcac471fae8ad853cb87b3acb64634d819d""}",F:\SocketServerClient\results\fair-2x2-20260930\0156-fast-hard-aggregate-sat-cpp,True,4012581.55,2932.815528059006,,,0.0,client_cpu_over_85pct,False,closed-loop,992624,992624,0,992624,0,0,0,0.948223,4.554751,9.338879,74.8853,4.554751,992624,0.0,462558,7063,,,,0.9896214256124738,,3.6626850816202112,221.7764480810458,914.3544320704849,0.0,,,,,29.78125,0.0,173.567,65.023,962
157,fast-hard-saturation,fast-hard-allocate-sat,"Specialized parsers (FastJson vs its C++ port): HARD, closed-loop saturation (16 x 4, 4 KiB-1 MiB frames)","HARD retain-allocate, 64 batches",tcp,retain-allocate,cpp,cpp,0,hardmix,hard,16,64,0,steady,4194304,64,60,20,,0.05937072313359794,0.1050320501154074,,,"{""cpp"": ""5aba1177016454e405f0deb3d882aa68d47eaedf2d2b6ca94a619ca0bc771fd1"", ""csharp"": ""b58a9a1b31084f2f1ce2fa1470d92bcac471fae8ad853cb87b3acb64634d819d""}",F:\SocketServerClient\results\fair-2x2-20260930\0157-fast-hard-allocate-sat-cpp,True,2857815.783333333,2088.721646674474,,,828.8245521583036,,True,closed-loop,706738,706738,0,706738,0,0,0,5.226495,7.684095,8.912895,66.4576,7.684095,706738,0.0,706541,420978,,,,0.7686353867274447,,3.9393978623335104,335.63091980337833,1383.2540479314655,14.011063505853654,,,,,189.7890625,12.587779998779297,1005.567,159.231,680
158,fast-hard-saturation,fast-hard-allocate-sat,"Specialized parsers (FastJson vs its C++ port): HARD, closed-loop saturation (16 x 4, 4 KiB-1 MiB frames)","HARD retain-allocate, 64 batches",tcp,retain-allocate,csharp,cpp,0,hardmix,hard,16,64,0,steady,4194304,64,60,20,,0.06964170663873327,0.127172603224078,True,0,"{""cpp"": ""5aba1177016454e405f0deb3d882aa68d47eaedf2d2b6ca94a619ca0bc771fd1"", ""csharp"": ""b58a9a1b31084f2f1ce2fa1470d92bcac471fae8ad853cb87b3acb64634d819d""}",F:\SocketServerClient\results\fair-2x2-20260930\0158-fast-hard-allocate-sat-csharp,True,2755733.1666666665,2014.1102009614308,,,829.5726901085034,,True,closed-loop,681582,681582,0,681582,0,0,0,5.177343,12.648447,16.252927,85.7481,12.648447,681582,0.0,681349,382942,,,,0.7537175278572102,,3.8715249862324232,341.9892984263082,1409.6354912651539,,165,165,0,1208.217,1020.88671875,12.587779998779297,1005.567,187.391,656
159,fast-hard-saturation,fast-hard-reuse-sat,"Specialized parsers (FastJson vs its C++ port): HARD, closed-loop saturation (16 x 4, 4 KiB-1 MiB frames)","HARD retain-reuse, 64 batches",tcp,retain-reuse,csharp,cpp,0,hardmix,hard,16,64,0,steady,4194304,64,60,20,,0.0733873074980431,0.12607261834895614,True,0,"{""cpp"": ""5aba1177016454e405f0deb3d882aa68d47eaedf2d2b6ca94a619ca0bc771fd1"", ""csharp"": ""b58a9a1b31084f2f1ce2fa1470d92bcac471fae8ad853cb87b3acb64634d819d""}",F:\SocketServerClient\results\fair-2x2-20260930\0159-fast-hard-reuse-sat-csharp,True,2838847.6,2074.85478609403,,,0.12664384207770094,,True,closed-loop,702129,702129,0,702129,0,0,0,5.111807,9.207807,11.501567,95.2927,9.207807,702129,0.0,701750,377756,,,,0.7640247823924592,,3.8641193584835007,331.4250301582758,1366.0185122080322,,0,0,0,0,874.3984375,42.65625,993.279,179.199,680
160,fast-hard-saturation,fast-hard-reuse-sat,"Specialized parsers (FastJson vs its C++ port): HARD, closed-loop saturation (16 x 4, 4 KiB-1 MiB frames)","HARD retain-reuse, 64 batches",tcp,retain-reuse,cpp,cpp,0,hardmix,hard,16,64,0,steady,4194304,64,60,20,,0.06346624733966502,0.11416244840766149,,,"{""cpp"": ""5aba1177016454e405f0deb3d882aa68d47eaedf2d2b6ca94a619ca0bc771fd1"", ""csharp"": ""b58a9a1b31084f2f1ce2fa1470d92bcac471fae8ad853cb87b3acb64634d819d""}",F:\SocketServerClient\results\fair-2x2-20260930\0160-fast-hard-reuse-sat-cpp,True,2936431.716666667,2146.1491795698803,,,0.010792435441296154,,True,closed-loop,726286,726286,0,726286,0,0,0,5.062655,7.421951,8.519679,89.7902,7.421951,726286,0.0,726009,381625,,,,0.7828471561012902,,3.958552360083852,328.2109251727281,1352.8320024814811,3.992917390669791e-05,,,,,691.5078125,42.65625,978.943,173.055,702
161,fast-hard-saturation,fast-hard-allocate-sat,"Specialized parsers (FastJson vs its C++ port): HARD, closed-loop saturation (16 x 4, 4 KiB-1 MiB frames)","HARD retain-allocate, 64 batches",tcp,retain-allocate,cpp,cpp,1,hardmix,hard,16,64,0,steady,4194304,64,60,20,,0.05937528229362575,0.10781118886276311,,,"{""cpp"": ""5aba1177016454e405f0deb3d882aa68d47eaedf2d2b6ca94a619ca0bc771fd1"", ""csharp"": ""b58a9a1b31084f2f1ce2fa1470d92bcac471fae8ad853cb87b3acb64634d819d""}",F:\SocketServerClient\results\fair-2x2-20260930\0161-fast-hard-allocate-sat-cpp,True,2882376.783333333,2106.6717628796896,,,828.8651796163418,,True,closed-loop,712960,712960,0,712960,0,0,0,5.177343,7.585791,8.880127,84.8847,7.585791,712960,0.0,712840,413070,,,,0.7752024183914541,,3.9498544083976523,333.51274966337525,1374.8274045037115,14.010154847396768,,,,,191.484375,12.587779998779297,1009.663,162.303,688
162,fast-hard-saturation,fast-hard-allocate-sat,"Specialized parsers (FastJson vs its C++ port): HARD, closed-loop saturation (16 x 4, 4 KiB-1 MiB frames)","HARD retain-allocate, 64 batches",tcp,retain-allocate,csharp,cpp,1,hardmix,hard,16,64,0,steady,4194304,64,60,20,,0.09061693653438449,0.16524860949371814,True,0,"{""cpp"": ""5aba1177016454e405f0deb3d882aa68d47eaedf2d2b6ca94a619ca0bc771fd1"", ""csharp"": ""b58a9a1b31084f2f1ce2fa1470d92bcac471fae8ad853cb87b3acb64634d819d""}",F:\SocketServerClient\results\fair-2x2-20260930\0162-fast-hard-allocate-sat-csharp,True,2720557.65,1988.420906861623,,,829.5662230120142,,True,closed-loop,672876,672876,0,672876,0,0,0,5.226495,13.172735,17.498111,68.7222,13.172735,672876,0.0,672457,387674,,,,0.7564993363500561,,3.8667942269611144,345.9032570637086,1425.729813633683,,164,164,0,1260.546,1014.76953125,12.587779998779297,1005.567,164.351,648
163,fast-hard-saturation,fast-hard-aggregate-sat,"Specialized parsers (FastJson vs its C++ port): HARD, closed-loop saturation (16 x 4, 4 KiB-1 MiB frames)",HARD aggregate,tcp,aggregate,csharp,cpp,1,hardmix,hard,16,64,0,steady,4194304,64,60,20,,0.10480677284039372,0.20743400803686235,True,0,"{""cpp"": ""5aba1177016454e405f0deb3d882aa68d47eaedf2d2b6ca94a619ca0bc771fd1"", ""csharp"": ""b58a9a1b31084f2f1ce2fa1470d92bcac471fae8ad853cb87b3acb64634d819d""}",F:\SocketServerClient\results\fair-2x2-20260930\0163-fast-hard-aggregate-sat-csharp,True,3849981.716666667,2813.928166691462,,,0.2623357547713838,client_cpu_over_85pct,False,closed-loop,952417,952417,0,952417,0,0,0,1.163263,6.406143,10.813439,46.6872,6.406143,952417,0.0,553202,29569,,,,0.9789341102824197,,3.697040036631387,233.3536675636827,962.0951647482236,,0,0,0,0,130.078125,0.0,269.311,61.695,923
164,fast-hard-saturation,fast-hard-aggregate-sat,"Specialized parsers (FastJson vs its C++ port): HARD, closed-loop saturation (16 x 4, 4 KiB-1 MiB frames)",HARD aggregate,tcp,aggregate,cpp,cpp,1,hardmix,hard,16,64,0,steady,4194304,64,60,20,,0.07547820203902272,0.1531869862461056,,,"{""cpp"": ""5aba1177016454e405f0deb3d882aa68d47eaedf2d2b6ca94a619ca0bc771fd1"", ""csharp"": ""b58a9a1b31084f2f1ce2fa1470d92bcac471fae8ad853cb87b3acb64634d819d""}",F:\SocketServerClient\results\fair-2x2-20260930\0164-fast-hard-aggregate-sat-cpp,True,3975785.0,2905.900583314896,,,0.0,client_cpu_over_85pct,False,closed-loop,983652,983652,0,983652,0,0,0,0.968703,4.669439,8.978431,62.733,4.669439,983652,0.0,471178,7460,,,,0.9899254472005677,,3.656552203563366,223.4339481849272,921.3105304083837,0.0,,,,,29.78125,0.0,172.031,60.159,954
165,fast-hard-saturation,fast-hard-reuse-sat,"Specialized parsers (FastJson vs its C++ port): HARD, closed-loop saturation (16 x 4, 4 KiB-1 MiB frames)","HARD retain-reuse, 64 batches",tcp,retain-reuse,cpp,cpp,1,hardmix,hard,16,64,0,steady,4194304,64,60,20,,0.10260555751789237,0.18674626718524726,,,"{""cpp"": ""5aba1177016454e405f0deb3d882aa68d47eaedf2d2b6ca94a619ca0bc771fd1"", ""csharp"": ""b58a9a1b31084f2f1ce2fa1470d92bcac471fae8ad853cb87b3acb64634d819d""}",F:\SocketServerClient\results\fair-2x2-20260930\0165-fast-hard-reuse-sat-cpp,True,2855067.25,2086.709974034627,,,0.011865549936493705,,True,closed-loop,706008,706008,0,706008,0,0,0,5.128191,8.388607,13.729791,94.2239,8.388607,706008,0.0,705527,386961,,,,0.7930844815559067,,3.8882010297360345,331.55166088769533,1366.3083055493294,4.390885089120803e-05,,,,,692.21875,42.65625,1019.903,184.319,680
166,fast-hard-saturation,fast-hard-reuse-sat,"Specialized parsers (FastJson vs its C++ port): HARD, closed-loop saturation (16 x 4, 4 KiB-1 MiB frames)","HARD retain-reuse, 64 batches",tcp,retain-reuse,csharp,cpp,1,hardmix,hard,16,64,0,steady,4194304,64,60,20,,0.051910847007290394,0.08946752014773007,True,0,"{""cpp"": ""5aba1177016454e405f0deb3d882aa68d47eaedf2d2b6ca94a619ca0bc771fd1"", ""csharp"": ""b58a9a1b31084f2f1ce2fa1470d92bcac471fae8ad853cb87b3acb64634d819d""}",F:\SocketServerClient\results\fair-2x2-20260930\0166-fast-hard-reuse-sat-csharp,True,2934566.816666667,2144.811331987381,,,0.12458343251251915,,True,closed-loop,725766,725766,0,725766,0,0,0,4.964351,8.978431,11.862015,90.1266,8.978431,725766,0.0,724995,349629,,,,0.76840500100882,,3.9059191971922447,324.0111137749633,1335.4229511108774,,0,0,0,0,876.78125,42.65625,929.791,174.079,701
167,fast-hard-saturation,fast-hard-reuse-sat,"Specialized parsers (FastJson vs its C++ port): HARD, closed-loop saturation (16 x 4, 4 KiB-1 MiB frames)","HARD retain-reuse, 64 batches",tcp,retain-reuse,cpp,cpp,2,hardmix,hard,16,64,0,steady,4194304,64,60,20,,0.04274349695670763,0.07735437836530568,,,"{""cpp"": ""5aba1177016454e405f0deb3d882aa68d47eaedf2d2b6ca94a619ca0bc771fd1"", ""csharp"": ""b58a9a1b31084f2f1ce2fa1470d92bcac471fae8ad853cb87b3acb64634d819d""}",F:\SocketServerClient\results\fair-2x2-20260930\0167-fast-hard-reuse-sat-cpp,True,3005219.2,2196.4559717337293,,,0.01018186425481569,,True,closed-loop,743231,743231,0,743231,0,0,0,4.964351,7.192575,8.224767,120.3295,7.192575,743231,0.0,743078,356754,,,,0.7869029125000088,,3.9624714764548004,320.9802874207346,1322.9186816020194,3.767334785551195e-05,,,,,692.34765625,42.65625,995.327,171.007,720
168,fast-hard-saturation,fast-hard-reuse-sat,"Specialized parsers (FastJson vs its C++ port): HARD, closed-loop saturation (16 x 4, 4 KiB-1 MiB frames)","HARD retain-reuse, 64 batches",tcp,retain-reuse,csharp,cpp,2,hardmix,hard,16,64,0,steady,4194304,64,60,20,,0.04546561475772172,0.08194773853138693,True,0,"{""cpp"": ""5aba1177016454e405f0deb3d882aa68d47eaedf2d2b6ca94a619ca0bc771fd1"", ""csharp"": ""b58a9a1b31084f2f1ce2fa1470d92bcac471fae8ad853cb87b3acb64634d819d""}",F:\SocketServerClient\results\fair-2x2-20260930\0168-fast-hard-reuse-sat-csharp,True,2917195.2333333334,2132.092423772812,,,0.12381115037806587,,True,closed-loop,721529,721529,0,721529,0,0,0,4.997119,8.880127,11.042815,64.9821,8.880127,721529,0.0,721290,358939,,,,0.7787336418750972,,3.9048698121502112,325.8055116287772,1342.9529609435451,,0,0,0,0,882.6796875,42.65625,968.703,154.111,696
169,fast-hard-saturation,fast-hard-aggregate-sat,"Specialized parsers (FastJson vs its C++ port): HARD, closed-loop saturation (16 x 4, 4 KiB-1 MiB frames)",HARD aggregate,tcp,aggregate,cpp,cpp,2,hardmix,hard,16,64,0,steady,4194304,64,60,20,,0.042093569480626716,0.08881742195047769,,,"{""cpp"": ""5aba1177016454e405f0deb3d882aa68d47eaedf2d2b6ca94a619ca0bc771fd1"", ""csharp"": ""b58a9a1b31084f2f1ce2fa1470d92bcac471fae8ad853cb87b3acb64634d819d""}",F:\SocketServerClient\results\fair-2x2-20260930\0169-fast-hard-aggregate-sat-cpp,True,4099780.5833333335,2996.52654838562,,,0.0,client_cpu_over_85pct,False,closed-loop,1014319,1014319,0,1014319,0,0,0,0.903167,3.932159,7.929855,32.0701,3.932159,1014319,0.0,440379,4671,,,,0.9914415446847177,,3.669132494504579,217.43344549397182,896.5517363333213,0.0,,,,,29.78125,0.0,135.167,62.847,983
170,fast-hard-saturation,fast-hard-aggregate-sat,"Specialized parsers (FastJson vs its C++ port): HARD, closed-loop saturation (16 x 4, 4 KiB-1 MiB frames)",HARD aggregate,tcp,aggregate,csharp,cpp,2,hardmix,hard,16,64,0,steady,4194304,64,60,20,,0.04368768648227381,0.08569863744283218,True,0,"{""cpp"": ""5aba1177016454e405f0deb3d882aa68d47eaedf2d2b6ca94a619ca0bc771fd1"", ""csharp"": ""b58a9a1b31084f2f1ce2fa1470d92bcac471fae8ad853cb87b3acb64634d819d""}",F:\SocketServerClient\results\fair-2x2-20260930\0170-fast-hard-aggregate-sat-csharp,True,4039110.1333333333,2952.152113231023,,,0.2878025204008817,client_cpu_over_85pct,False,closed-loop,999458,999458,0,999458,0,0,0,0.978943,5.537791,8.749055,67.3693,5.537791,999458,0.0,487248,17743,,,,0.9832496888800469,,3.665015604644102,220.447607603321,909.1169847728438,,0,0,0,0,140.61328125,0.0,185.855,61.311,968
171,fast-hard-saturation,fast-hard-allocate-sat,"Specialized parsers (FastJson vs its C++ port): HARD, closed-loop saturation (16 x 4, 4 KiB-1 MiB frames)","HARD retain-allocate, 64 batches",tcp,retain-allocate,csharp,cpp,2,hardmix,hard,16,64,0,steady,4194304,64,60,20,,0.0479056003683545,0.08613669232879344,True,0,"{""cpp"": ""5aba1177016454e405f0deb3d882aa68d47eaedf2d2b6ca94a619ca0bc771fd1"", ""csharp"": ""b58a9a1b31084f2f1ce2fa1470d92bcac471fae8ad853cb87b3acb64634d819d""}",F:\SocketServerClient\results\fair-2x2-20260930\0171-fast-hard-allocate-sat-csharp,True,2830228.85,2068.5705436388653,,,829.6114303692989,,True,closed-loop,700119,700119,0,700119,0,0,0,4.767743,14.123007,21.561343,74.486,14.123007,700119,0.0,699334,305195,,,,0.7397882681075603,,3.8822563130258465,333.871813220324,1376.4061689282046,,171,171,0,1242.608,1018.15625,12.587779998779297,790.527,184.319,680
172,fast-hard-saturation,fast-hard-allocate-sat,"Specialized parsers (FastJson vs its C++ port): HARD, closed-loop saturation (16 x 4, 4 KiB-1 MiB frames)","HARD retain-allocate, 64 batches",tcp,retain-allocate,cpp,cpp,2,hardmix,hard,16,64,0,steady,4194304,64,60,20,,0.04510665903754663,0.08190756136285911,,,"{""cpp"": ""5aba1177016454e405f0deb3d882aa68d47eaedf2d2b6ca94a619ca0bc771fd1"", ""csharp"": ""b58a9a1b31084f2f1ce2fa1470d92bcac471fae8ad853cb87b3acb64634d819d""}",F:\SocketServerClient\results\fair-2x2-20260930\0172-fast-hard-allocate-sat-cpp,True,2902286.716666667,2121.2099727312725,,,828.8367992396472,,True,closed-loop,717801,717801,0,717801,0,0,0,5.144575,7.553023,8.880127,68.4281,7.553023,717801,0.0,717671,404681,,,,0.7677368567266492,,3.947642012765493,331.08932698617025,1364.658244786722,14.010764822004985,,,,,191.08203125,12.587779998779297,978.943,173.055,696
173,fast-hard-saturation,fast-hard-aggregate-sat,"Specialized parsers (FastJson vs its C++ port): HARD, closed-loop saturation (16 x 4, 4 KiB-1 MiB frames)",HARD aggregate,tcp,aggregate,cpp,cpp,3,hardmix,hard,16,64,0,steady,4194304,64,60,20,,0.04461781240189839,0.08662011162764953,,,"{""cpp"": ""5aba1177016454e405f0deb3d882aa68d47eaedf2d2b6ca94a619ca0bc771fd1"", ""csharp"": ""b58a9a1b31084f2f1ce2fa1470d92bcac471fae8ad853cb87b3acb64634d819d""}",F:\SocketServerClient\results\fair-2x2-20260930\0173-fast-hard-aggregate-sat-cpp,True,4086063.1166666667,2986.4514667193093,,,0.0,client_cpu_over_85pct,False,closed-loop,1010943,1010943,0,1010943,0,0,0,0.925695,4.456447,8.110079,64.8813,4.456447,1010943,0.0,455170,6272,,,,0.9906820473819861,,3.656468149891276,217.40221753353057,896.4450937396102,0.0,,,,,29.78125,0.0,160.255,60.799,980
174,fast-hard-saturation,fast-hard-aggregate-sat,"Specialized parsers (FastJson vs its C++ port): HARD, closed-loop saturation (16 x 4, 4 KiB-1 MiB frames)",HARD aggregate,tcp,aggregate,csharp,cpp,3,hardmix,hard,16,64,0,steady,4194304,64,60,20,,0.03871460804061574,0.07532090070718137,True,0,"{""cpp"": ""5aba1177016454e405f0deb3d882aa68d47eaedf2d2b6ca94a619ca0bc771fd1"", ""csharp"": ""b58a9a1b31084f2f1ce2fa1470d92bcac471fae8ad853cb87b3acb64634d819d""}",F:\SocketServerClient\results\fair-2x2-20260930\0174-fast-hard-aggregate-sat-csharp,True,4017039.3833333333,2936.0220635732016,,,0.27869162700913724,client_cpu_over_85pct,False,closed-loop,993842,993842,0,993842,0,0,0,1.028095,5.799935,8.749055,96.7648,5.799935,993842,0.0,511968,25952,,,,0.9784433484228362,,3.6855176405924674,222.90389216797035,919.1092196220517,,0,0,0,0,136.58203125,0.0,203.263,66.047,961
175,fast-hard-saturation,fast-hard-reuse-sat,"Specialized parsers (FastJson vs its C++ port): HARD, closed-loop saturation (16 x 4, 4 KiB-1 MiB frames)","HARD retain-reuse, 64 batches",tcp,retain-reuse,csharp,cpp,3,hardmix,hard,16,64,0,steady,4194304,64,60,20,,0.045260273252100906,0.07967131127894789,True,0,"{""cpp"": ""5aba1177016454e405f0deb3d882aa68d47eaedf2d2b6ca94a619ca0bc771fd1"", ""csharp"": ""b58a9a1b31084f2f1ce2fa1470d92bcac471fae8ad853cb87b3acb64634d819d""}",F:\SocketServerClient\results\fair-2x2-20260930\0175-fast-hard-reuse-sat-csharp,True,2910118.6333333333,2126.958131392797,,,0.12329317401776867,,True,closed-loop,719882,719882,0,719882,0,0,0,4.997119,8.912895,11.075583,43.6637,8.912895,719882,0.0,719120,356930,,,,0.7659025985242679,,3.879572629556192,324.38041929093936,1337.2488700845656,,0,0,0,0,874.640625,42.65625,942.079,183.807,696
176,fast-hard-saturation,fast-hard-reuse-sat,"Specialized parsers (FastJson vs its C++ port): HARD, closed-loop saturation (16 x 4, 4 KiB-1 MiB frames)","HARD retain-reuse, 64 batches",tcp,retain-reuse,cpp,cpp,3,hardmix,hard,16,64,0,steady,4194304,64,60,20,,0.0672553479621538,0.10928223788866862,,,"{""cpp"": ""5aba1177016454e405f0deb3d882aa68d47eaedf2d2b6ca94a619ca0bc771fd1"", ""csharp"": ""b58a9a1b31084f2f1ce2fa1470d92bcac471fae8ad853cb87b3acb64634d819d""}",F:\SocketServerClient\results\fair-2x2-20260930\0176-fast-hard-reuse-sat-cpp,True,2891331.35,2113.2059363206226,,,0.010205168131964213,,True,closed-loop,715075,715075,0,715075,0,0,0,5.079039,8.126463,14.385151,772.6262,8.126463,715075,0.0,714653,381127,,,,0.7718697994770372,,3.8679540553530964,325.57773660105585,1341.9131081023527,3.77582771038003e-05,,,,,692.15234375,42.65625,997.375,181.759,691
177,fast-hard-saturation,fast-hard-allocate-sat,"Specialized parsers (FastJson vs its C++ port): HARD, closed-loop saturation (16 x 4, 4 KiB-1 MiB frames)","HARD retain-allocate, 64 batches",tcp,retain-allocate,csharp,cpp,3,hardmix,hard,16,64,0,steady,4194304,64,60,20,,0.1352985014288414,0.16280681270805072,True,0,"{""cpp"": ""5aba1177016454e405f0deb3d882aa68d47eaedf2d2b6ca94a619ca0bc771fd1"", ""csharp"": ""b58a9a1b31084f2f1ce2fa1470d92bcac471fae8ad853cb87b3acb64634d819d""}",F:\SocketServerClient\results\fair-2x2-20260930\0177-fast-hard-allocate-sat-csharp,True,2652476.0833333335,1938.637540547053,,,829.573343872205,,True,closed-loop,656094,656094,0,656094,0,0,0,5.111807,14.778367,25.231359,89.1965,14.778367,656094,0.0,653397,347611,,,,0.707363761319597,,3.7258318224610885,341.9622416909772,1409.5852402619478,,159,159,0,1234.963,1016.84765625,12.587779998779297,950.271,187.391,631
178,fast-hard-saturation,fast-hard-allocate-sat,"Specialized parsers (FastJson vs its C++ port): HARD, closed-loop saturation (16 x 4, 4 KiB-1 MiB frames)","HARD retain-allocate, 64 batches",tcp,retain-allocate,cpp,cpp,3,hardmix,hard,16,64,0,steady,4194304,64,60,20,,0.14874463105475638,0.19786300415181798,,,"{""cpp"": ""5aba1177016454e405f0deb3d882aa68d47eaedf2d2b6ca94a619ca0bc771fd1"", ""csharp"": ""b58a9a1b31084f2f1ce2fa1470d92bcac471fae8ad853cb87b3acb64634d819d""}",F:\SocketServerClient\results\fair-2x2-20260930\0178-fast-hard-allocate-sat-cpp,True,2652165.683333333,1938.4257199764252,,,828.8844544645888,,True,closed-loop,655976,655976,0,655976,0,0,0,5.455871,9.273343,18.939903,84.021,9.273343,655976,0.0,655171,432817,,,,0.7336261537986927,,3.768605687522745,345.8348704830665,1425.4908143465143,14.01080070002561,,,,,191.79296875,12.587779998779297,1105.919,175.615,633
179,fast-hard-saturation,fast-hard-aggregate-sat,"Specialized parsers (FastJson vs its C++ port): HARD, closed-loop saturation (16 x 4, 4 KiB-1 MiB frames)",HARD aggregate,tcp,aggregate,csharp,cpp,4,hardmix,hard,16,64,0,steady,4194304,64,60,20,,0.11419874888671117,0.15747062412918403,True,0,"{""cpp"": ""5aba1177016454e405f0deb3d882aa68d47eaedf2d2b6ca94a619ca0bc771fd1"", ""csharp"": ""b58a9a1b31084f2f1ce2fa1470d92bcac471fae8ad853cb87b3acb64634d819d""}",F:\SocketServerClient\results\fair-2x2-20260930\0179-fast-hard-aggregate-sat-csharp,True,3931614.6166666667,2873.5470312436423,,,0.18652448011253367,client_cpu_over_85pct,False,closed-loop,972541,972541,0,972541,0,0,0,1.908735,6.815743,13.271039,65.4235,6.815743,972541,0.0,760444,41901,,,,0.9731735836888571,,3.7532767038680883,232.01142676761185,956.4798385617072,,0,0,0,0,110.765625,0.0,500.735,78.335,942
180,fast-hard-saturation,fast-hard-aggregate-sat,"Specialized parsers (FastJson vs its C++ port): HARD, closed-loop saturation (16 x 4, 4 KiB-1 MiB frames)",HARD aggregate,tcp,aggregate,cpp,cpp,4,hardmix,hard,16,64,0,steady,4194304,64,60,20,,0.11958407821378128,0.17067307329116402,,,"{""cpp"": ""5aba1177016454e405f0deb3d882aa68d47eaedf2d2b6ca94a619ca0bc771fd1"", ""csharp"": ""b58a9a1b31084f2f1ce2fa1470d92bcac471fae8ad853cb87b3acb64634d819d""}",F:\SocketServerClient\results\fair-2x2-20260930\0180-fast-hard-aggregate-sat-cpp,True,3977529.9166666665,2907.121125396093,,,0.0,client_cpu_over_85pct,False,closed-loop,983919,983919,0,983919,0,0,0,1.708031,5.341183,11.665407,69.7032,5.341183,983919,0.0,749363,13786,,,,0.9809148264504873,,3.764443164727523,229.96367078997358,948.0790220184098,0.0,,,,,29.77734375,0.0,450.559,60.543,954
181,fast-hard-saturation,fast-hard-allocate-sat,"Specialized parsers (FastJson vs its C++ port): HARD, closed-loop saturation (16 x 4, 4 KiB-1 MiB frames)","HARD retain-allocate, 64 batches",tcp,retain-allocate,csharp,cpp,4,hardmix,hard,16,64,0,steady,4194304,64,60,20,,0.11524002042575035,0.1213904663219931,True,0,"{""cpp"": ""5aba1177016454e405f0deb3d882aa68d47eaedf2d2b6ca94a619ca0bc771fd1"", ""csharp"": ""b58a9a1b31084f2f1ce2fa1470d92bcac471fae8ad853cb87b3acb64634d819d""}",F:\SocketServerClient\results\fair-2x2-20260930\0181-fast-hard-allocate-sat-csharp,True,2637979.216666667,1928.0586665471394,,,829.5989884480883,,True,closed-loop,652496,652496,0,652496,0,0,0,5.324799,13.533183,20.774911,76.3901,13.533183,652496,0.0,650483,389110,,,,0.6936551644140955,,3.7142753675611604,342.67451447978226,1412.4743034304502,,159,159,0,1265.368,1019.4453125,12.587779998779297,1026.047,178.687,629
182,fast-hard-saturation,fast-hard-allocate-sat,"Specialized parsers (FastJson vs its C++ port): HARD, closed-loop saturation (16 x 4, 4 KiB-1 MiB frames)","HARD retain-allocate, 64 batches",tcp,retain-allocate,cpp,cpp,4,hardmix,hard,16,64,0,steady,4194304,64,60,20,,0.12143166751157042,0.12587216847560076,,,"{""cpp"": ""5aba1177016454e405f0deb3d882aa68d47eaedf2d2b6ca94a619ca0bc771fd1"", ""csharp"": ""b58a9a1b31084f2f1ce2fa1470d92bcac471fae8ad853cb87b3acb64634d819d""}",F:\SocketServerClient\results\fair-2x2-20260930\0182-fast-hard-allocate-sat-cpp,True,2734989.4,1998.918178510666,,,828.8362567593422,,True,closed-loop,676434,676434,0,676434,0,0,0,5.292031,8.683519,15.237119,56.6957,8.683519,676434,0.0,675370,408939,,,,0.7326539381383578,,3.819123221187477,339.87979610723295,1400.8701378903154,14.010775626299091,,,,,193.05078125,12.587779998779297,1040.383,199.167,652
183,fast-hard-saturation,fast-hard-reuse-sat,"Specialized parsers (FastJson vs its C++ port): HARD, closed-loop saturation (16 x 4, 4 KiB-1 MiB frames)","HARD retain-reuse, 64 batches",tcp,retain-reuse,cpp,cpp,4,hardmix,hard,16,64,0,steady,4194304,64,60,20,,0.12532830925974808,0.13929859404543168,,,"{""cpp"": ""5aba1177016454e405f0deb3d882aa68d47eaedf2d2b6ca94a619ca0bc771fd1"", ""csharp"": ""b58a9a1b31084f2f1ce2fa1470d92bcac471fae8ad853cb87b3acb64634d819d""}",F:\SocketServerClient\results\fair-2x2-20260930\0183-fast-hard-reuse-sat-cpp,True,2825289.1333333333,2064.91776248614,,,0.014311428372244023,,True,closed-loop,698749,698749,0,698749,0,0,0,5.111807,8.257535,15.302655,84.2773,8.257535,698749,0.0,697571,377484,,,,0.7505845826802293,,3.820603234163783,329.1820453410309,1356.7514571449822,5.2951775244043286e-05,,,,,690.796875,42.65625,1015.807,158.207,675
184,fast-hard-saturation,fast-hard-reuse-sat,"Specialized parsers (FastJson vs its C++ port): HARD, closed-loop saturation (16 x 4, 4 KiB-1 MiB frames)","HARD retain-reuse, 64 batches",tcp,retain-reuse,csharp,cpp,4,hardmix,hard,16,64,0,steady,4194304,64,60,20,,0.11760367965243682,0.13302507820332982,True,0,"{""cpp"": ""5aba1177016454e405f0deb3d882aa68d47eaedf2d2b6ca94a619ca0bc771fd1"", ""csharp"": ""b58a9a1b31084f2f1ce2fa1470d92bcac471fae8ad853cb87b3acb64634d819d""}",F:\SocketServerClient\results\fair-2x2-20260930\0184-fast-hard-reuse-sat-csharp,True,2725503.7,1992.0110942045847,,,0.12970668993171827,,True,closed-loop,674119,674119,0,674119,0,0,0,5.226495,10.027007,15.990783,80.0878,10.027007,674119,0.0,671865,383539,,,,0.7253973530654234,,3.7519246041866277,335.0901324543589,1381.1665255319626,,0,0,0,0,880.7421875,42.65625,1011.711,178.175,651
185,library-easy-paced,library-easy-reuse-paced,"Library parsers (System.Text.Json vs simdjson): EASY, steady arrivals at 50% of the slower server's capacity",EASY retain-reuse,tcp,retain-reuse,csharp,cpp,0,easy64k,easy,16,64,13546.967,steady,4194304,8,30,15,,0.1191791238557191,0.1600334081105131,True,0,"{""cpp"": ""5aba1177016454e405f0deb3d882aa68d47eaedf2d2b6ca94a619ca0bc771fd1"", ""csharp"": ""b58a9a1b31084f2f1ce2fa1470d92bcac471fae8ad853cb87b3acb64634d819d""}",F:\SocketServerClient\results\fair-2x2-20260930\0185-library-easy-reuse-paced-csharp,True,5414091.333333333,845.6243898391724,,,0.2794250089137104,partner_excluded,False,scheduled,406410,406410,0,406410,0,0,0,0.212991,0.437247,1.474559,8.5686,0.437247,406410,0.057343,893,11,0.4,118.9,0,0.6712730175056383,True,2.4016964445563516,177.9683693806747,445.30457282825245,,0,0,0,0,117.27734375,0.3515625,1042.431,119.807,384
186,library-easy-paced,library-easy-reuse-paced,"Library parsers (System.Text.Json vs simdjson): EASY, steady arrivals at 50% of the slower server's capacity",EASY retain-reuse,tcp,retain-reuse,cpp,cpp,0,easy64k,easy,16,64,13546.967,steady,4194304,8,30,15,,0.16584676025761508,0.24705991734143737,,,"{""cpp"": ""5aba1177016454e405f0deb3d882aa68d47eaedf2d2b6ca94a619ca0bc771fd1"", ""csharp"": ""b58a9a1b31084f2f1ce2fa1470d92bcac471fae8ad853cb87b3acb64634d819d""}",F:\SocketServerClient\results\fair-2x2-20260930\0186-library-easy-reuse-paced-cpp,True,5414064.7,845.6202285130819,,,0.0,background_cpu_over_15pct,False,scheduled,406410,406408,2,406408,0,0,0,0.213503,0.483327,1.896447,11.8375,0.483327,406408,0.143871,1184,51,0.3,146.9,0,0.6856854483758746,True,2.2447974255292276,166.35837631148993,416.2545615035345,0.0,,,,,21.8515625,0.3515625,1040.383,121.855,384
187,library-easy-paced,library-easy-aggregate-paced,"Library parsers (System.Text.Json vs simdjson): EASY, steady arrivals at 50% of the slower server's capacity",EASY aggregate,tcp,aggregate,csharp,cpp,0,easy64k,easy,16,64,15851.6,steady,4194304,8,30,15,,0.15875031862041397,0.22381802029039155,True,0,"{""cpp"": ""5aba1177016454e405f0deb3d882aa68d47eaedf2d2b6ca94a619ca0bc771fd1"", ""csharp"": ""b58a9a1b31084f2f1ce2fa1470d92bcac471fae8ad853cb87b3acb64634d819d""}",F:\SocketServerClient\results\fair-2x2-20260930\0187-library-easy-aggregate-paced-csharp,True,6330603.733333333,988.7933508555094,,,0.2848822208101693,background_cpu_over_15pct,False,scheduled,475548,475216,332,475216,0,0,0,0.196607,2.187263,12.156927,23.6406,2.076671,475216,1.486847,15576,1205,0.3,261.5,0,0.7309409304728688,True,2.393480072928661,151.64156930743073,379.43826203675445,,0,0,0,0,117.43359375,0.0,894.975,91.647,463
188,library-easy-paced,library-easy-aggregate-paced,"Library parsers (System.Text.Json vs simdjson): EASY, steady arrivals at 50% of the slower server's capacity",EASY aggregate,tcp,aggregate,cpp,cpp,0,easy64k,easy,16,64,15851.6,steady,4194304,8,30,15,,0.13136271074689534,0.18596751027291739,,,"{""cpp"": ""5aba1177016454e405f0deb3d882aa68d47eaedf2d2b6ca94a619ca0bc771fd1"", ""csharp"": ""b58a9a1b31084f2f1ce2fa1470d92bcac471fae8ad853cb87b3acb64634d819d""}",F:\SocketServerClient\results\fair-2x2-20260930\0188-library-easy-aggregate-paced-cpp,True,6181310.533333333,965.4620477040609,,,0.0,partner_excluded,False,scheduled,475548,464003,11545,464003,0,0,0,0.165375,inf,inf,345.5519,4.767743,464003,2.940927,26445,16031,0.7,11711.8,395,0.7126748516612271,False,1.9221052747503942,124.72979700562281,312.0953697013264,0.0,,,,,15.91015625,0.0,911.359,88.831,448
189,library-easy-paced,library-easy-aggregate-paced,"Library parsers (System.Text.Json vs simdjson): EASY, steady arrivals at 50% of the slower server's capacity",EASY aggregate,tcp,aggregate,cpp,cpp,1,easy64k,easy,16,64,15851.6,steady,4194304,8,30,15,,0.14145223856639078,0.2232666729772767,,,"{""cpp"": ""5aba1177016454e405f0deb3d882aa68d47eaedf2d2b6ca94a619ca0bc771fd1"", ""csharp"": ""b58a9a1b31084f2f1ce2fa1470d92bcac471fae8ad853cb87b3acb64634d819d""}",F:\SocketServerClient\results\fair-2x2-20260930\0189-library-easy-aggregate-paced-cpp,True,6240082.3,974.6423037528991,,,0.0,,True,scheduled,475548,468416,7132,468416,0,0,0,0.157695,inf,inf,282.0773,1.961983,468416,0.937983,14299,9267,0.3,2366.0,84,0.7170822550256486,False,1.893328727540271,121.72006293551031,304.5646884834977,0.0,,,,,15.92578125,0.0,913.407,88.575,448
190,library-easy-paced,library-easy-aggregate-paced,"Library parsers (System.Text.Json vs simdjson): EASY, steady arrivals at 50% of the slower server's capacity",EASY aggregate,tcp,aggregate,csharp,cpp,1,easy64k,easy,16,64,15851.6,steady,4194304,8,30,15,,0.07045013171634919,0.10415995726248665,True,0,"{""cpp"": ""5aba1177016454e405f0deb3d882aa68d47eaedf2d2b6ca94a619ca0bc771fd1"", ""csharp"": ""b58a9a1b31084f2f1ce2fa1470d92bcac471fae8ad853cb87b3acb64634d819d""}",F:\SocketServerClient\results\fair-2x2-20260930\0190-library-easy-aggregate-paced-csharp,True,6335039.4,989.4841804186503,,,0.2624916445883644,,True,scheduled,475548,475548,0,475548,0,0,0,0.157183,0.342015,0.849919,4.6383,0.342015,475548,0.042111,293,0,0.3,176.0,0,0.6985830255097089,True,2.1671788418481377,137.2429807296004,343.4093453287255,,0,0,0,0,112.3046875,0.0,911.359,88.831,464
191,library-easy-paced,library-easy-reuse-paced,"Library parsers (System.Text.Json vs simdjson): EASY, steady arrivals at 50% of the slower server's capacity",EASY retain-reuse,tcp,retain-reuse,cpp,cpp,1,easy64k,easy,16,64,13546.967,steady,4194304,8,30,15,,0.15653495930730726,0.2888100088651622,,,"{""cpp"": ""5aba1177016454e405f0deb3d882aa68d47eaedf2d2b6ca94a619ca0bc771fd1"", ""csharp"": ""b58a9a1b31084f2f1ce2fa1470d92bcac471fae8ad853cb87b3acb64634d819d""}",F:\SocketServerClient\results\fair-2x2-20260930\0191-library-easy-reuse-paced-cpp,True,5325170.633333334,831.7375783920288,,,0.0,background_cpu_over_15pct;lateness_p99_over_100us;late_over_1ms_above_0.1pct,False,scheduled,406410,399737,6673,399737,0,0,0,0.198143,inf,inf,69.4227,5.357567,399737,2.498559,16465,10871,1142.783,10455.0,4274,0.6521234412912986,False,2.1099272381680554,158.93262319975383,397.6749748137357,0.0,,,,,21.75390625,0.3515625,1052.671,121.087,384
192,library-easy-paced,library-easy-reuse-paced,"Library parsers (System.Text.Json vs simdjson): EASY, steady arrivals at 50% of the slower server's capacity",EASY retain-reuse,tcp,retain-reuse,csharp,cpp,1,easy64k,easy,16,64,13546.967,steady,4194304,8,30,15,,0.20078273363992122,0.3348272833334007,True,0,"{""cpp"": ""5aba1177016454e405f0deb3d882aa68d47eaedf2d2b6ca94a619ca0bc771fd1"", ""csharp"": ""b58a9a1b31084f2f1ce2fa1470d92bcac471fae8ad853cb87b3acb64634d819d""}",F:\SocketServerClient\results\fair-2x2-20260930\0192-library-easy-reuse-paced-csharp,True,5349429.9,835.5244933446248,,,0.30091010697688986,background_cpu_over_15pct;lateness_p99_over_100us;late_over_1ms_above_0.1pct,False,scheduled,406410,401556,4854,401556,0,0,0,0.206335,inf,inf,42.0903,5.505023,401556,1.212415,27840,9442,273.407,9502.9,1910,0.6523666145291258,False,2.342377296866177,175.6837776051161,439.5879377484253,,0,0,0,0,121.09765625,0.3515625,1052.671,119.295,384
193,library-easy-paced,library-easy-reuse-paced,"Library parsers (System.Text.Json vs simdjson): EASY, steady arrivals at 50% of the slower server's capacity",EASY retain-reuse,tcp,retain-reuse,csharp,cpp,2,easy64k,easy,16,64,13546.967,steady,4194304,8,30,15,,0.2544109471243299,0.4484472153501224,True,0,"{""cpp"": ""5aba1177016454e405f0deb3d882aa68d47eaedf2d2b6ca94a619ca0bc771fd1"", ""csharp"": ""b58a9a1b31084f2f1ce2fa1470d92bcac471fae8ad853cb87b3acb64634d819d""}",F:\SocketServerClient\results\fair-2x2-20260930\0193-library-easy-reuse-paced-csharp,True,5337938.433333334,833.7287850062053,,,0.281766663485142,background_cpu_over_15pct;late_over_1ms_above_0.1pct,False,scheduled,406410,400703,5707,400703,0,0,0,0.254463,inf,inf,49.6754,8.126463,400703,1.318911,47144,15665,0.5,5507.5,551,0.6781919053377461,False,2.537652842145952,190.75849195039717,477.3067528969124,,0,0,0,0,120.25,0.3515625,1011.711,139.775,384
194,library-easy-paced,library-easy-reuse-paced,"Library parsers (System.Text.Json vs simdjson): EASY, steady arrivals at 50% of the slower server's capacity",EASY retain-reuse,tcp,retain-reuse,cpp,cpp,2,easy64k,easy,16,64,13546.967,steady,4194304,8,30,15,,0.5534887137846632,0.7670647444359842,,,"{""cpp"": ""5aba1177016454e405f0deb3d882aa68d47eaedf2d2b6ca94a619ca0bc771fd1"", ""csharp"": ""b58a9a1b31084f2f1ce2fa1470d92bcac471fae8ad853cb87b3acb64634d819d""}",F:\SocketServerClient\results\fair-2x2-20260930\0194-library-easy-reuse-paced-cpp,True,2903667.033333333,453.5124525705973,,,0.0,background_cpu_over_15pct;lateness_p99_over_100us;late_over_1ms_above_0.1pct,False,scheduled,406410,218022,188388,218022,0,0,0,10.878975,inf,inf,1105.7436,121.110527,218022,90.701823,230563,210895,260.607,7683.0,2011,0.5423879695639765,False,1.3055368032221135,180.38603902358477,451.34381547551664,0.0,,,,,21.8046875,0.3515625,1021.951,136.703,208
195,library-easy-paced,library-easy-aggregate-paced,"Library parsers (System.Text.Json vs simdjson): EASY, steady arrivals at 50% of the slower server's capacity",EASY aggregate,tcp,aggregate,csharp,cpp,2,easy64k,easy,16,64,15851.6,steady,4194304,8,30,15,,0.7356535901400855,0.878628901447194,True,0,"{""cpp"": ""5aba1177016454e405f0deb3d882aa68d47eaedf2d2b6ca94a619ca0bc771fd1"", ""csharp"": ""b58a9a1b31084f2f1ce2fa1470d92bcac471fae8ad853cb87b3acb64634d819d""}",F:\SocketServerClient\results\fair-2x2-20260930\0195-library-easy-aggregate-paced-csharp,True,1984035.8666666667,309.9127956708272,,,0.23976695759238056,background_cpu_over_15pct;lateness_p99_over_100us;late_over_1ms_above_0.1pct,False,scheduled,475548,149008,326540,149008,0,0,0,inf,inf,inf,785.2979,279.969791,149008,215.482367,369110,349532,167.935,12237.2,2230,0.46747879201744996,False,0.831366116145897,168.7199680554064,422.20093991281146,,0,0,0,0,69.1171875,0.0,909.311,138.239,143
196,library-easy-paced,library-easy-aggregate-paced,"Library parsers (System.Text.Json vs simdjson): EASY, steady arrivals at 50% of the slower server's capacity",EASY aggregate,tcp,aggregate,cpp,cpp,2,easy64k,easy,16,64,15851.6,steady,4194304,8,30,15,,0.8821319652239968,0.999222935665874,,,"{""cpp"": ""5aba1177016454e405f0deb3d882aa68d47eaedf2d2b6ca94a619ca0bc771fd1"", ""csharp"": ""b58a9a1b31084f2f1ce2fa1470d92bcac471fae8ad853cb87b3acb64634d819d""}",F:\SocketServerClient\results\fair-2x2-20260930\0196-library-easy-aggregate-paced-cpp,True,1459081.0666666667,227.96716035207112,,,0.0,background_cpu_over_15pct;lateness_p99_over_100us;late_over_1ms_above_0.1pct,False,scheduled,475548,109611,365937,109611,0,0,0,inf,inf,inf,1156.2252,265.814015,109611,224.919551,415350,398047,110.335,6042.9,1996,0.4429088757992731,False,0.5756558317653976,158.23001341106277,396.04489218947293,0.0,,,,,15.91015625,0.0,862.207,108.543,96
197,library-easy-paced,library-easy-aggregate-paced,"Library parsers (System.Text.Json vs simdjson): EASY, steady arrivals at 50% of the slower server's capacity",EASY aggregate,tcp,aggregate,csharp,cpp,3,easy64k,easy,16,64,15851.6,steady,4194304,8,30,15,,0.8793114238923909,0.991909194018773,True,0,"{""cpp"": ""5aba1177016454e405f0deb3d882aa68d47eaedf2d2b6ca94a619ca0bc771fd1"", ""csharp"": ""b58a9a1b31084f2f1ce2fa1470d92bcac471fae8ad853cb87b3acb64634d819d""}",F:\SocketServerClient\results\fair-2x2-20260930\0197-library-easy-aggregate-paced-csharp,True,1261378.9333333333,197.0226536432902,,,0.19418274214718576,background_cpu_over_15pct;lateness_p99_over_100us;late_over_1ms_above_0.1pct,False,scheduled,475548,94743,380805,94743,0,0,0,inf,inf,inf,1129.3131,325.058559,94743,265.289727,444734,418905,175.615,6136.5,2095,0.43271709267498265,False,0.5866659666808823,186.6892540873732,467.1460507334213,,0,0,0,0,52.77734375,0.0,1335.295,148.479,80
198,library-easy-paced,library-easy-aggregate-paced,"Library parsers (System.Text.Json vs simdjson): EASY, steady arrivals at 50% of the slower server's capacity",EASY aggregate,tcp,aggregate,cpp,cpp,3,easy64k,easy,16,64,15851.6,steady,4194304,8,30,15,,0.8781828062685042,0.99807105681818,,,"{""cpp"": ""5aba1177016454e405f0deb3d882aa68d47eaedf2d2b6ca94a619ca0bc771fd1"", ""csharp"": ""b58a9a1b31084f2f1ce2fa1470d92bcac471fae8ad853cb87b3acb64634d819d""}",F:\SocketServerClient\results\fair-2x2-20260930\0198-library-easy-aggregate-paced-cpp,True,1443687.4,225.5101108233134,,,0.0,background_cpu_over_15pct;lateness_p99_over_100us;late_over_1ms_above_0.1pct,False,scheduled,475548,108444,367104,108444,0,0,0,inf,inf,inf,1113.9265,309.329919,108444,244.842495,416163,396031,167.423,7339.0,2314,0.4486566440400369,False,0.5710446136856322,158.63602412304968,396.9688763247987,0.0,,,,,15.90625,0.0,880.639,108.799,96
199,library-easy-paced,library-easy-reuse-paced,"Library parsers (System.Text.Json vs simdjson): EASY, steady arrivals at 50% of the slower server's capacity",EASY retain-reuse,tcp,retain-reuse,csharp,cpp,3,easy64k,easy,16,64,13546.967,steady,4194304,8,30,15,,0.8366807064632925,0.9626767869102175,True,0,"{""cpp"": ""5aba1177016454e405f0deb3d882aa68d47eaedf2d2b6ca94a619ca0bc771fd1"", ""csharp"": ""b58a9a1b31084f2f1ce2fa1470d92bcac471fae8ad853cb87b3acb64634d819d""}",F:\SocketServerClient\results\fair-2x2-20260930\0199-library-easy-reuse-paced-csharp,True,1363860.3666666667,212.98779878616332,,,0.22470261608062267,background_cpu_over_15pct;lateness_p99_over_100us;late_over_1ms_above_0.1pct,False,scheduled,406410,102426,303984,102426,0,0,0,inf,inf,inf,1435.8741,375.390207,102426,294.649855,346546,326612,804.863,19713.9,3618,0.4200223801524542,False,0.7193895721654252,212.9586237869291,532.7731901545127,,0,0,0,0,65.96484375,0.3515625,1001.471,174.591,96
200,library-easy-paced,library-easy-reuse-paced,"Library parsers (System.Text.Json vs simdjson): EASY, steady arrivals at 50% of the slower server's capacity",EASY retain-reuse,tcp,retain-reuse,cpp,cpp,3,easy64k,easy,16,64,13546.967,steady,4194304,8,30,15,,0.8965552252127783,0.9998900345871932,,,"{""cpp"": ""5aba1177016454e405f0deb3d882aa68d47eaedf2d2b6ca94a619ca0bc771fd1"", ""csharp"": ""b58a9a1b31084f2f1ce2fa1470d92bcac471fae8ad853cb87b3acb64634d819d""}",F:\SocketServerClient\results\fair-2x2-20260930\0200-library-easy-reuse-paced-cpp,True,1178890.5,184.13037474950156,,,0.0,background_cpu_over_15pct;lateness_p99_over_100us;late_over_1ms_above_0.1pct,False,scheduled,406410,88557,317853,88557,0,0,0,inf,inf,inf,1499.469,404.750335,88557,364.904447,340805,331419,6242.303,34124.9,14215,0.40057066058047225,False,0.5469159466378779,186.1442347866346,465.75896216661937,0.0,,,,,21.6796875,0.3515625,1009.663,141.311,80
201,library-easy-paced,library-easy-reuse-paced,"Library parsers (System.Text.Json vs simdjson): EASY, steady arrivals at 50% of the slower server's capacity",EASY retain-reuse,tcp,retain-reuse,cpp,cpp,4,easy64k,easy,16,64,13546.967,steady,4194304,8,30,15,,0.8481759599113239,0.9803114501462797,,,"{""cpp"": ""5aba1177016454e405f0deb3d882aa68d47eaedf2d2b6ca94a619ca0bc771fd1"", ""csharp"": ""b58a9a1b31084f2f1ce2fa1470d92bcac471fae8ad853cb87b3acb64634d819d""}",F:\SocketServerClient\results\fair-2x2-20260930\0201-library-easy-reuse-paced-cpp,True,1761293.6666666667,275.09410050710045,,,0.0,background_cpu_over_15pct;lateness_p99_over_100us;late_over_1ms_above_0.1pct,False,scheduled,406410,132274,274136,132274,0,0,0,inf,inf,inf,1244.8828,298.844159,132274,240.123903,305952,291753,825.343,22354.6,3584,0.46678651001981325,False,0.8150711842309796,185.57596353024783,464.3365241948141,0.0,,,,,21.75,0.3515625,1013.759,138.239,126
202,library-easy-paced,library-easy-reuse-paced,"Library parsers (System.Text.Json vs simdjson): EASY, steady arrivals at 50% of the slower server's capacity",EASY retain-reuse,tcp,retain-reuse,csharp,cpp,4,easy64k,easy,16,64,13546.967,steady,4194304,8,30,15,,0.8276314850465976,0.9631077343264188,True,0,"{""cpp"": ""5aba1177016454e405f0deb3d882aa68d47eaedf2d2b6ca94a619ca0bc771fd1"", ""csharp"": ""b58a9a1b31084f2f1ce2fa1470d92bcac471fae8ad853cb87b3acb64634d819d""}",F:\SocketServerClient\results\fair-2x2-20260930\0202-library-easy-reuse-paced-csharp,True,1591915.0666666667,248.57056277592977,,,0.21640225950902667,background_cpu_over_15pct;lateness_p99_over_100us;late_over_1ms_above_0.1pct,False,scheduled,406410,119527,286883,119527,0,0,0,inf,inf,inf,1250.083,341.835775,119527,239.599615,340488,314423,1196.031,25370.2,4701,0.4347683110458719,False,0.8159006576125817,206.41256787169425,516.3303052349612,,0,0,0,0,68.7421875,0.3515625,993.279,173.055,112
203,library-easy-paced,library-easy-aggregate-paced,"Library parsers (System.Text.Json vs simdjson): EASY, steady arrivals at 50% of the slower server's capacity",EASY aggregate,tcp,aggregate,cpp,cpp,4,easy64k,easy,16,64,15851.6,steady,4194304,8,30,15,,0.9068524209876523,0.9998112356386116,,,"{""cpp"": ""5aba1177016454e405f0deb3d882aa68d47eaedf2d2b6ca94a619ca0bc771fd1"", ""csharp"": ""b58a9a1b31084f2f1ce2fa1470d92bcac471fae8ad853cb87b3acb64634d819d""}",F:\SocketServerClient\results\fair-2x2-20260930\0203-library-easy-aggregate-paced-cpp,True,987996.0,154.31987603505453,,,0.0,background_cpu_over_15pct;lateness_p99_over_100us;late_over_1ms_above_0.1pct,False,scheduled,475548,74230,401318,74230,0,0,0,inf,inf,inf,1372.4288,492.830719,74230,387.973119,417348,410553,2449.407,24853.3,9605,0.3876960261246136,False,0.39373768575272017,159.76525663478378,399.7715788418405,0.0,,,,,15.90625,0.0,880.639,107.263,64
204,library-easy-paced,library-easy-aggregate-paced,"Library parsers (System.Text.Json vs simdjson): EASY, steady arrivals at 50% of the slower server's capacity",EASY aggregate,tcp,aggregate,csharp,cpp,4,easy64k,easy,16,64,15851.6,steady,4194304,8,30,15,,0.8978541112253142,0.9949599365607324,True,0,"{""cpp"": ""5aba1177016454e405f0deb3d882aa68d47eaedf2d2b6ca94a619ca0bc771fd1"", ""csharp"": ""b58a9a1b31084f2f1ce2fa1470d92bcac471fae8ad853cb87b3acb64634d819d""}",F:\SocketServerClient\results\fair-2x2-20260930\0204-library-easy-aggregate-paced-csharp,True,953472.0666666667,148.90532108942668,,,0.2061171022352443,background_cpu_over_15pct;lateness_p99_over_100us;late_over_1ms_above_0.1pct,False,scheduled,475548,71628,403920,71628,0,0,0,inf,inf,inf,1306.8728,467.664895,71628,356.515839,442738,426977,1564.671,15692.4,6247,0.3913835443180691,False,0.4523673358809737,191.30961355894343,478.6337542801319,,0,0,0,0,51.2265625,0.0,1249.279,148.479,64
205,fast-easy-paced,fast-easy-aggregate-paced,"Specialized parsers (FastJson vs its C++ port): EASY, steady arrivals at 50% of the slower server's capacity",EASY aggregate,tcp,aggregate,csharp,cpp,0,easy64k,easy,16,64,25347.8,steady,4194304,8,30,15,,0.920038049298692,0.9999683237967986,True,0,"{""cpp"": ""5aba1177016454e405f0deb3d882aa68d47eaedf2d2b6ca94a619ca0bc771fd1"", ""csharp"": ""b58a9a1b31084f2f1ce2fa1470d92bcac471fae8ad853cb87b3acb64634d819d""}",F:\SocketServerClient\results\fair-2x2-20260930\0205-fast-easy-aggregate-paced-csharp,True,397274.8333333333,62.0620169321696,,,0.24560058608058608,background_cpu_over_15pct;lateness_p99_over_100us;late_over_1ms_above_0.1pct,False,scheduled,760434,29891,730543,29891,0,0,0,inf,inf,inf,1610.2182,748.683263,29891,721.420287,747624,741464,131.583,4327.6,3471,0.36375722571068114,False,0.11690316138448675,118.6602990866816,296.96493982208267,,0,0,0,0,49.078125,0.0,708.607,58.367,19
206,fast-easy-paced,fast-easy-aggregate-paced,"Specialized parsers (FastJson vs its C++ port): EASY, steady arrivals at 50% of the slower server's capacity",EASY aggregate,tcp,aggregate,cpp,cpp,0,easy64k,easy,16,64,25347.8,steady,4194304,8,30,15,,0.9277234311183753,0.9992095399320328,,,"{""cpp"": ""5aba1177016454e405f0deb3d882aa68d47eaedf2d2b6ca94a619ca0bc771fd1"", ""csharp"": ""b58a9a1b31084f2f1ce2fa1470d92bcac471fae8ad853cb87b3acb64634d819d""}",F:\SocketServerClient\results\fair-2x2-20260930\0206-fast-easy-aggregate-paced-cpp,True,255187.93333333332,39.85007177988688,,,0.0,background_cpu_over_15pct;lateness_p99_over_100us;late_over_1ms_above_0.1pct,False,scheduled,760434,19216,741218,19216,0,0,0,inf,inf,inf,1637.354,876.609535,19216,750.780415,749679,747100,632.831,9403.0,5384,0.3502544711748528,False,0.08405770737198298,131.72616569525397,329.54019817587374,0.0,,,,,14.78515625,0.0,500.735,62.719,16
207,fast-easy-paced,fast-easy-reuse-paced,"Specialized parsers (FastJson vs its C++ port): EASY, steady arrivals at 50% of the slower server's capacity",EASY retain-reuse,tcp,retain-reuse,cpp,cpp,0,easy64k,easy,16,64,20964.483,steady,4194304,8,30,15,,0.9112905174387603,0.9990245209797798,,,"{""cpp"": ""5aba1177016454e405f0deb3d882aa68d47eaedf2d2b6ca94a619ca0bc771fd1"", ""csharp"": ""b58a9a1b31084f2f1ce2fa1470d92bcac471fae8ad853cb87b3acb64634d819d""}",F:\SocketServerClient\results\fair-2x2-20260930\0207-fast-easy-reuse-paced-cpp,True,885908.1,138.3975964228312,,,0.0,background_cpu_over_15pct;late_over_1ms_above_0.1pct,False,scheduled,628935,66578,562357,66578,0,0,0,inf,inf,inf,1622.5225,568.328191,66578,491.782143,594724,580657,6.511,16811.5,1233,0.4016409692133994,False,0.3065366657869061,138.70009612785003,347.1193459415412,0.0,,,,,20.71875,0.3515625,606.207,92.415,59
208,fast-easy-paced,fast-easy-reuse-paced,"Specialized parsers (FastJson vs its C++ port): EASY, steady arrivals at 50% of the slower server's capacity",EASY retain-reuse,tcp,retain-reuse,csharp,cpp,0,easy64k,easy,16,64,20964.483,steady,4194304,8,30,15,,0.8825615655838521,0.9956661686936719,True,0,"{""cpp"": ""5aba1177016454e405f0deb3d882aa68d47eaedf2d2b6ca94a619ca0bc771fd1"", ""csharp"": ""b58a9a1b31084f2f1ce2fa1470d92bcac471fae8ad853cb87b3acb64634d819d""}",F:\SocketServerClient\results\fair-2x2-20260930\0208-fast-easy-reuse-paced-csharp,True,1235956.7333333334,193.03182843526204,,,0.23738356798287635,background_cpu_over_15pct;late_over_1ms_above_0.1pct,False,scheduled,628935,92835,536100,92835,0,0,0,inf,inf,inf,1858.1366,481.296383,92835,369.098751,586577,563621,19.903,13980.7,2098,0.4249174540015373,False,0.3971526944939245,128.92497441697637,322.57069065096823,,0,0,0,0,69.27734375,0.3515625,638.975,87.295,80
209,fast-easy-paced,fast-easy-reuse-paced,"Specialized parsers (FastJson vs its C++ port): EASY, steady arrivals at 50% of the slower server's capacity",EASY retain-reuse,tcp,retain-reuse,cpp,cpp,1,easy64k,easy,16,64,20964.483,steady,4194304,8,30,15,,0.9206927126282143,0.9995672822400696,,,"{""cpp"": ""5aba1177016454e405f0deb3d882aa68d47eaedf2d2b6ca94a619ca0bc771fd1"", ""csharp"": ""b58a9a1b31084f2f1ce2fa1470d92bcac471fae8ad853cb87b3acb64634d819d""}",F:\SocketServerClient\results\fair-2x2-20260930\0209-fast-easy-reuse-paced-cpp,True,464130.2,72.51981846491496,,,0.0,background_cpu_over_15pct;late_over_1ms_above_0.1pct,False,scheduled,628935,34917,594018,34917,0,0,0,inf,inf,inf,1618.5483,736.100351,34917,624.951295,610083,605740,3.607,9570.4,1181,0.3677220603338789,False,0.16077485584084172,138.7218260446201,347.23576317241333,0.0,,,,,20.70703125,0.3515625,647.167,92.415,30
210,fast-easy-paced,fast-easy-reuse-paced,"Specialized parsers (FastJson vs its C++ port): EASY, steady arrivals at 50% of the slower server's capacity",EASY retain-reuse,tcp,retain-reuse,csharp,cpp,1,easy64k,easy,16,64,20964.483,steady,4194304,8,30,15,,0.8670753420339242,0.9967902704419505,True,0,"{""cpp"": ""5aba1177016454e405f0deb3d882aa68d47eaedf2d2b6ca94a619ca0bc771fd1"", ""csharp"": ""b58a9a1b31084f2f1ce2fa1470d92bcac471fae8ad853cb87b3acb64634d819d""}",F:\SocketServerClient\results\fair-2x2-20260930\0210-fast-easy-reuse-paced-csharp,True,2362184.4,369.00953521728513,,,0.21652861008524582,background_cpu_over_15pct;late_over_1ms_above_0.1pct,False,scheduled,628935,177410,451525,177410,0,0,0,inf,inf,inf,552.239,138.412031,177410,110.886911,560203,511541,7.903,8660.5,948,0.522005358085349,False,0.7361093153064108,124.97533960881574,312.75962796064834,,0,0,0,0,72.86328125,0.3515625,694.271,89.087,165
211,fast-easy-paced,fast-easy-aggregate-paced,"Specialized parsers (FastJson vs its C++ port): EASY, steady arrivals at 50% of the slower server's capacity",EASY aggregate,tcp,aggregate,cpp,cpp,1,easy64k,easy,16,64,25347.8,steady,4194304,8,30,15,,0.8884641268389123,0.9970406009763055,,,"{""cpp"": ""5aba1177016454e405f0deb3d882aa68d47eaedf2d2b6ca94a619ca0bc771fd1"", ""csharp"": ""b58a9a1b31084f2f1ce2fa1470d92bcac471fae8ad853cb87b3acb64634d819d""}",F:\SocketServerClient\results\fair-2x2-20260930\0211-fast-easy-aggregate-paced-cpp,True,780802.3333333334,121.93520050048828,,,0.0,background_cpu_over_15pct;late_over_1ms_above_0.1pct,False,scheduled,760434,58666,701768,58666,0,0,0,inf,inf,inf,1500.6819,526.385151,58666,376.438783,732103,721146,8.415,7203.7,1373,0.3959162560127091,False,0.218448134358206,112.12840486823714,280.52203399429175,0.0,,,,,14.78515625,0.0,519.167,61.823,48
212,fast-easy-paced,fast-easy-aggregate-paced,"Specialized parsers (FastJson vs its C++ port): EASY, steady arrivals at 50% of the slower server's capacity",EASY aggregate,tcp,aggregate,csharp,cpp,1,easy64k,easy,16,64,25347.8,steady,4194304,8,30,15,,0.9064990659853807,0.9965752448223649,True,0,"{""cpp"": ""5aba1177016454e405f0deb3d882aa68d47eaedf2d2b6ca94a619ca0bc771fd1"", ""csharp"": ""b58a9a1b31084f2f1ce2fa1470d92bcac471fae8ad853cb87b3acb64634d819d""}",F:\SocketServerClient\results\fair-2x2-20260930\0212-fast-easy-aggregate-paced-csharp,True,1295142.8666666667,202.31389547983807,,,0.24546898084351143,background_cpu_over_15pct;late_over_1ms_above_0.1pct,False,scheduled,760434,97296,663138,97296,0,0,0,inf,inf,inf,1662.5527,359.661567,97296,271.581183,721374,695557,6.815,15748.9,1566,0.43570703076707124,False,0.30553158273052206,94.74952721591843,237.10881032938698,,0,0,0,0,53.63671875,0.0,534.527,56.703,87
213,fast-easy-paced,fast-easy-reuse-paced,"Specialized parsers (FastJson vs its C++ port): EASY, steady arrivals at 50% of the slower server's capacity",EASY retain-reuse,tcp,retain-reuse,csharp,cpp,2,easy64k,easy,16,64,20964.483,steady,4194304,8,30,15,,0.749875922264594,0.9632320713860295,True,0,"{""cpp"": ""5aba1177016454e405f0deb3d882aa68d47eaedf2d2b6ca94a619ca0bc771fd1"", ""csharp"": ""b58a9a1b31084f2f1ce2fa1470d92bcac471fae8ad853cb87b3acb64634d819d""}",F:\SocketServerClient\results\fair-2x2-20260930\0213-fast-easy-reuse-paced-csharp,True,5822460.7,909.452916876475,,,0.24077968968112168,background_cpu_over_15pct,False,scheduled,628935,437086,191849,437086,0,0,0,2.203647,inf,inf,194.3493,35.127295,437086,28.639231,381918,269332,4.207,3200.0,111,0.7706793262144304,False,1.7809114350368807,122.68752602462673,306.9986556521713,,0,0,0,0,103.4140625,0.3515625,638.975,89.855,416
214,fast-easy-paced,fast-easy-reuse-paced,"Specialized parsers (FastJson vs its C++ port): EASY, steady arrivals at 50% of the slower server's capacity",EASY retain-reuse,tcp,retain-reuse,cpp,cpp,2,easy64k,easy,16,64,20964.483,steady,4194304,8,30,15,,0.5818033061344614,0.874520274670014,,,"{""cpp"": ""5aba1177016454e405f0deb3d882aa68d47eaedf2d2b6ca94a619ca0bc771fd1"", ""csharp"": ""b58a9a1b31084f2f1ce2fa1470d92bcac471fae8ad853cb87b3acb64634d819d""}",F:\SocketServerClient\results\fair-2x2-20260930\0214-fast-easy-reuse-paced-cpp,True,7087028.766666667,1106.983694680532,,,0.0,client_cpu_over_85pct;background_cpu_over_15pct,False,scheduled,628935,532078,96857,532078,0,0,0,1.323007,inf,inf,194.3919,29.556735,532078,27.590655,349015,190997,10.623,3213.4,65,0.8766958717792867,False,2.3550770022118517,133.32161825897705,333.6104551614333,0.0,,,,,20.72265625,0.3515625,583.679,92.415,512
215,fast-easy-paced,fast-easy-aggregate-paced,"Specialized parsers (FastJson vs its C++ port): EASY, steady arrivals at 50% of the slower server's capacity",EASY aggregate,tcp,aggregate,csharp,cpp,2,easy64k,easy,16,64,25347.8,steady,4194304,8,30,15,,0.703095010211049,0.9721667966003583,True,0,"{""cpp"": ""5aba1177016454e405f0deb3d882aa68d47eaedf2d2b6ca94a619ca0bc771fd1"", ""csharp"": ""b58a9a1b31084f2f1ce2fa1470d92bcac471fae8ad853cb87b3acb64634d819d""}",F:\SocketServerClient\results\fair-2x2-20260930\0215-fast-easy-aggregate-paced-csharp,True,7053765.533333333,1101.72523578008,,,0.23410029861614412,client_cpu_over_85pct;background_cpu_over_15pct,False,scheduled,760434,529512,230922,529512,0,0,0,3.547135,inf,inf,225.2549,26.607615,529512,22.282239,523062,347550,12.511,4941.1,232,0.864624902631062,False,1.6090974594869836,91.50524445149496,228.96052078321355,,0,0,0,0,113.8984375,0.0,520.191,58.111,511
216,fast-easy-paced,fast-easy-aggregate-paced,"Specialized parsers (FastJson vs its C++ port): EASY, steady arrivals at 50% of the slower server's capacity",EASY aggregate,tcp,aggregate,cpp,cpp,2,easy64k,easy,16,64,25347.8,steady,4194304,8,30,15,,0.6224341530784658,0.9323559015579057,,,"{""cpp"": ""5aba1177016454e405f0deb3d882aa68d47eaedf2d2b6ca94a619ca0bc771fd1"", ""csharp"": ""b58a9a1b31084f2f1ce2fa1470d92bcac471fae8ad853cb87b3acb64634d819d""}",F:\SocketServerClient\results\fair-2x2-20260930\0216-fast-easy-aggregate-paced-cpp,True,7656065.966666667,1195.8218692143757,,,0.0,client_cpu_over_85pct;background_cpu_over_15pct,False,scheduled,760434,574762,185672,574762,0,0,0,2.052095,inf,inf,152.7714,29.556735,574762,28.114943,474399,300856,12.831,1480.8,13,0.9241119156478116,False,2.055047909917301,107.65325473848306,269.3706877752634,0.0,,,,,14.78515625,0.0,487.423,62.079,553
217,fast-easy-paced,fast-easy-reuse-paced,"Specialized parsers (FastJson vs its C++ port): EASY, steady arrivals at 50% of the slower server's capacity",EASY retain-reuse,tcp,retain-reuse,cpp,cpp,3,easy64k,easy,16,64,20964.483,steady,4194304,8,30,15,,0.6747586799752463,0.9891858803424894,,,"{""cpp"": ""5aba1177016454e405f0deb3d882aa68d47eaedf2d2b6ca94a619ca0bc771fd1"", ""csharp"": ""b58a9a1b31084f2f1ce2fa1470d92bcac471fae8ad853cb87b3acb64634d819d""}",F:\SocketServerClient\results\fair-2x2-20260930\0217-fast-easy-reuse-paced-cpp,True,6396419.733333333,999.1033599217733,,,0.0,background_cpu_over_15pct,False,scheduled,628935,480227,148708,480227,0,0,0,2.011135,inf,inf,171.7192,36.700159,480227,33.947647,389142,249785,15.103,3687.4,156,0.8301405463807093,False,2.2164031410925085,138.99676611269254,347.80868983884704,0.0,,,,,20.76953125,0.3515625,598.015,92.671,462
218,fast-easy-paced,fast-easy-reuse-paced,"Specialized parsers (FastJson vs its C++ port): EASY, steady arrivals at 50% of the slower server's capacity",EASY retain-reuse,tcp,retain-reuse,csharp,cpp,3,easy64k,easy,16,64,20964.483,steady,4194304,8,30,15,,0.6748988356138284,0.979406116526795,True,0,"{""cpp"": ""5aba1177016454e405f0deb3d882aa68d47eaedf2d2b6ca94a619ca0bc771fd1"", ""csharp"": ""b58a9a1b31084f2f1ce2fa1470d92bcac471fae8ad853cb87b3acb64634d819d""}",F:\SocketServerClient\results\fair-2x2-20260930\0218-fast-easy-reuse-paced-csharp,True,7071169.766666667,1104.4487709999084,,,0.18649598448591323,client_cpu_over_85pct;background_cpu_over_15pct,False,scheduled,628935,530827,98108,530827,0,0,0,1.802239,inf,inf,112.7794,20.119551,530827,13.434879,398377,194706,4.303,2121.6,26,0.8674211555007776,False,2.168608742886142,123.03914458006092,307.8646353808697,,0,0,0,0,109.45703125,0.3515625,614.399,90.623,512
219,fast-easy-paced,fast-easy-aggregate-paced,"Specialized parsers (FastJson vs its C++ port): EASY, steady arrivals at 50% of the slower server's capacity",EASY aggregate,tcp,aggregate,cpp,cpp,3,easy64k,easy,16,64,25347.8,steady,4194304,8,30,15,,0.6763380949636807,0.9877782357977235,,,"{""cpp"": ""5aba1177016454e405f0deb3d882aa68d47eaedf2d2b6ca94a619ca0bc771fd1"", ""csharp"": ""b58a9a1b31084f2f1ce2fa1470d92bcac471fae8ad853cb87b3acb64634d819d""}",F:\SocketServerClient\results\fair-2x2-20260930\0219-fast-easy-aggregate-paced-cpp,True,7333852.733333333,1145.4985034306844,,,0.0,client_cpu_over_85pct;background_cpu_over_15pct,False,scheduled,760434,550569,209865,550569,0,0,0,2.531327,inf,inf,156.3113,30.801919,550569,29.229055,488838,324879,11.903,6612.2,198,0.9103216599505293,False,2.047117096186931,111.9864176878829,280.2138382499355,0.0,,,,,14.78515625,0.0,513.023,62.079,529
220,fast-easy-paced,fast-easy-aggregate-paced,"Specialized parsers (FastJson vs its C++ port): EASY, steady arrivals at 50% of the slower server's capacity",EASY aggregate,tcp,aggregate,csharp,cpp,3,easy64k,easy,16,64,25347.8,steady,4194304,8,30,15,,0.7519735718507629,0.9751516125377262,True,0,"{""cpp"": ""5aba1177016454e405f0deb3d882aa68d47eaedf2d2b6ca94a619ca0bc771fd1"", ""csharp"": ""b58a9a1b31084f2f1ce2fa1470d92bcac471fae8ad853cb87b3acb64634d819d""}",F:\SocketServerClient\results\fair-2x2-20260930\0220-fast-easy-aggregate-paced-csharp,True,6087010.866666666,950.8043943723043,,,0.20812390265449746,background_cpu_over_15pct,False,scheduled,760434,457010,303424,457010,0,0,0,7.913471,inf,inf,222.3399,27.131903,457010,21.102591,576729,427403,14.303,9671.3,657,0.8015091289078016,False,1.38705095441161,91.38886457626748,228.6877937990501,,0,0,0,0,94.94921875,0.0,559.103,58.239,436
221,fast-easy-paced,fast-easy-aggregate-paced,"Specialized parsers (FastJson vs its C++ port): EASY, steady arrivals at 50% of the slower server's capacity",EASY aggregate,tcp,aggregate,csharp,cpp,4,easy64k,easy,16,64,25347.8,steady,4194304,8,30,15,,0.8232942675189221,0.9844463437076905,True,0,"{""cpp"": ""5aba1177016454e405f0deb3d882aa68d47eaedf2d2b6ca94a619ca0bc771fd1"", ""csharp"": ""b58a9a1b31084f2f1ce2fa1470d92bcac471fae8ad853cb87b3acb64634d819d""}",F:\SocketServerClient\results\fair-2x2-20260930\0221-fast-easy-aggregate-paced-csharp,True,3368566.6333333333,526.1182004610697,,,0.13146497910184676,background_cpu_over_15pct;lateness_p99_over_100us;late_over_1ms_above_0.1pct,False,scheduled,760434,252916,507518,252916,0,0,0,inf,inf,inf,361.846,63.569919,252916,43.384831,725149,613002,434.175,8266.5,4439,0.6081601413742751,False,0.7744082816607489,92.29843109965364,230.9373354563756,,0,0,0,0,62.671875,0.0,671.743,57.727,240
222,fast-easy-paced,fast-easy-aggregate-paced,"Specialized parsers (FastJson vs its C++ port): EASY, steady arrivals at 50% of the slower server's capacity",EASY aggregate,tcp,aggregate,cpp,cpp,4,easy64k,easy,16,64,25347.8,steady,4194304,8,30,15,,0.7760883075261024,0.9920265512153342,,,"{""cpp"": ""5aba1177016454e405f0deb3d882aa68d47eaedf2d2b6ca94a619ca0bc771fd1"", ""csharp"": ""b58a9a1b31084f2f1ce2fa1470d92bcac471fae8ad853cb87b3acb64634d819d""}",F:\SocketServerClient\results\fair-2x2-20260930\0222-fast-easy-aggregate-paced-cpp,True,5136722.233333333,802.3186848004659,,,0.0,background_cpu_over_15pct;lateness_p99_over_100us;late_over_1ms_above_0.1pct,False,scheduled,760434,385634,374800,385634,0,0,0,41.418751,inf,inf,206.3846,48.365567,385634,46.399487,582112,476111,190.463,5008.2,914,0.7570903117332148,False,1.4069122883965737,109.88398325873756,274.9521367537894,0.0,,,,,14.78515625,0.0,518.143,61.951,367
223,fast-easy-paced,fast-easy-reuse-paced,"Specialized parsers (FastJson vs its C++ port): EASY, steady arrivals at 50% of the slower server's capacity",EASY retain-reuse,tcp,retain-reuse,csharp,cpp,4,easy64k,easy,16,64,20964.483,steady,4194304,8,30,15,,0.7345308541545216,0.979647797966962,True,0,"{""cpp"": ""5aba1177016454e405f0deb3d882aa68d47eaedf2d2b6ca94a619ca0bc771fd1"", ""csharp"": ""b58a9a1b31084f2f1ce2fa1470d92bcac471fae8ad853cb87b3acb64634d819d""}",F:\SocketServerClient\results\fair-2x2-20260930\0223-fast-easy-reuse-paced-csharp,True,5741756.1,896.8184799512227,,,0.17629069485433943,background_cpu_over_15pct,False,scheduled,628935,431074,197861,431074,0,0,0,5.521407,inf,inf,128.7561,28.114943,431074,18.350079,464000,323486,5.215,3045.0,85,0.7953887357785339,False,1.7782160120937744,124.25360842917921,310.90761969172803,,0,0,0,0,95.9765625,0.3515625,690.175,89.855,413
224,fast-easy-paced,fast-easy-reuse-paced,"Specialized parsers (FastJson vs its C++ port): EASY, steady arrivals at 50% of the slower server's capacity",EASY retain-reuse,tcp,retain-reuse,cpp,cpp,4,easy64k,easy,16,64,20964.483,steady,4194304,8,30,15,,0.7174280207877983,0.986483573411311,,,"{""cpp"": ""5aba1177016454e405f0deb3d882aa68d47eaedf2d2b6ca94a619ca0bc771fd1"", ""csharp"": ""b58a9a1b31084f2f1ce2fa1470d92bcac471fae8ad853cb87b3acb64634d819d""}",F:\SocketServerClient\results\fair-2x2-20260930\0224-fast-easy-reuse-paced-cpp,True,5404260.6,844.1068404515585,,,0.0,background_cpu_over_15pct,False,scheduled,628935,405741,223194,405741,0,0,0,6.094847,inf,inf,286.2507,42.467327,405741,39.452671,443090,327354,15.327,4477.4,215,0.7917200357222087,False,1.9486136235383666,144.64276471936532,361.9265894901551,0.0,,,,,20.79296875,0.3515625,589.823,92.415,386
225,library-hard-sustained,library-hard-reuse-poisson,"Library parsers (System.Text.Json vs simdjson): HARD, Poisson arrivals at 70% of the slower server's capacity",HARD retain-reuse,tcp,retain-reuse,csharp,cpp,0,hardmix,hard,16,64,5364.59,poisson,4194304,64,60,20,,0.7150517816207902,0.9747453431796047,True,0,"{""cpp"": ""5aba1177016454e405f0deb3d882aa68d47eaedf2d2b6ca94a619ca0bc771fd1"", ""csharp"": ""b58a9a1b31084f2f1ce2fa1470d92bcac471fae8ad853cb87b3acb64634d819d""}",F:\SocketServerClient\results\fair-2x2-20260930\0225-library-hard-reuse-poisson-csharp,True,815977.3,596.2974258422852,,,0.9085676747537108,background_cpu_over_15pct,False,scheduled,321693,201161,120532,201161,0,0,0,28.377087,inf,inf,285.1466,111.935487,201161,38.404095,312265,259018,4.511,14202.0,112,0.6636647923247289,False,2.291307434613942,686.2506897460244,2818.595478311065,,0,0,0,0,861.30859375,42.65625,2908.159,279.551,192
226,library-hard-sustained,library-hard-reuse-poisson,"Library parsers (System.Text.Json vs simdjson): HARD, Poisson arrivals at 70% of the slower server's capacity",HARD retain-reuse,tcp,retain-reuse,cpp,cpp,0,hardmix,hard,16,64,5364.59,poisson,4194304,64,60,20,,0.7775288487011305,0.9912583485844261,,,"{""cpp"": ""5aba1177016454e405f0deb3d882aa68d47eaedf2d2b6ca94a619ca0bc771fd1"", ""csharp"": ""b58a9a1b31084f2f1ce2fa1470d92bcac471fae8ad853cb87b3acb64634d819d""}",F:\SocketServerClient\results\fair-2x2-20260930\0226-library-hard-reuse-poisson-cpp,True,788452.3333333334,576.321120039622,,,0.5557937355937831,background_cpu_over_15pct;lateness_p99_over_100us;late_over_1ms_above_0.1pct,False,scheduled,321693,194429,127264,194429,0,0,0,30.998527,inf,inf,503.2499,160.432127,194429,150.470655,292836,225386,514.047,7913.1,1959,0.6389701906671827,False,1.4637147720994625,453.41101378909525,1863.037975363022,0.002293896486635224,,,,,691.6015625,42.65625,2031.615,212.991,176
227,library-hard-sustained,library-hard-allocate-poisson,"Library parsers (System.Text.Json vs simdjson): HARD, Poisson arrivals at 70% of the slower server's capacity",HARD retain-allocate,tcp,retain-allocate,csharp,cpp,0,hardmix,hard,16,64,5249.825,poisson,4194304,64,60,20,,0.733908434827673,0.9799012781775088,True,0,"{""cpp"": ""5aba1177016454e405f0deb3d882aa68d47eaedf2d2b6ca94a619ca0bc771fd1"", ""csharp"": ""b58a9a1b31084f2f1ce2fa1470d92bcac471fae8ad853cb87b3acb64634d819d""}",F:\SocketServerClient\results\fair-2x2-20260930\0227-library-hard-allocate-poisson-csharp,True,770431.3,563.150149154663,,,829.3008653208043,background_cpu_over_15pct,False,scheduled,314923,190222,124701,190222,0,0,0,34.340863,inf,inf,282.6199,109.051903,190222,39.845887,307222,263320,5.103,8133.2,149,0.6484824971898466,False,2.212271391499347,700.66159539906,2882.2383554164467,,46,46,0,685.159,1017.23046875,14.75049877166748,3309.567,378.879,176
228,library-hard-sustained,library-hard-allocate-poisson,"Library parsers (System.Text.Json vs simdjson): HARD, Poisson arrivals at 70% of the slower server's capacity",HARD retain-allocate,tcp,retain-allocate,cpp,cpp,0,hardmix,hard,16,64,5249.825,poisson,4194304,64,60,20,,0.7161373528587907,0.9819998822526316,,,"{""cpp"": ""5aba1177016454e405f0deb3d882aa68d47eaedf2d2b6ca94a619ca0bc771fd1"", ""csharp"": ""b58a9a1b31084f2f1ce2fa1470d92bcac471fae8ad853cb87b3acb64634d819d""}",F:\SocketServerClient\results\fair-2x2-20260930\0228-library-hard-allocate-poisson-cpp,True,1086663.4833333334,794.2926697572072,,,828.2742258257866,background_cpu_over_15pct,False,scheduled,314923,268184,46739,268184,0,0,0,7.487487,inf,inf,196.746,72.089599,268184,51.642367,290855,186641,11.423,11329.6,138,0.7555977672115217,False,2.0491080786210705,460.09689243206157,1892.0035463195052,14.02057169704382,,,,,196.41015625,14.835874557495117,2236.415,237.567,256
229,library-hard-sustained,library-hard-allocate-poisson,"Library parsers (System.Text.Json vs simdjson): HARD, Poisson arrivals at 70% of the slower server's capacity",HARD retain-allocate,tcp,retain-allocate,csharp,cpp,1,hardmix,hard,16,64,5249.825,poisson,4194304,64,60,20,,0.7176566107355723,0.974133295179347,True,0,"{""cpp"": ""5aba1177016454e405f0deb3d882aa68d47eaedf2d2b6ca94a619ca0bc771fd1"", ""csharp"": ""b58a9a1b31084f2f1ce2fa1470d92bcac471fae8ad853cb87b3acb64634d819d""}",F:\SocketServerClient\results\fair-2x2-20260930\0229-library-hard-allocate-poisson-csharp,True,787557.3333333334,575.7566011746725,,,828.4815302924392,background_cpu_over_15pct,False,scheduled,314923,193823,121100,193823,0,0,0,31.391743,inf,inf,318.1449,128.188415,193823,29.360127,304511,250812,3.807,2612.1,61,0.6522414126610351,False,2.245996118221567,698.124061643871,2862.4042262022067,,48,48,0,650.893,1005.59375,14.104846000671387,3153.919,321.535,176
230,library-hard-sustained,library-hard-allocate-poisson,"Library parsers (System.Text.Json vs simdjson): HARD, Poisson arrivals at 70% of the slower server's capacity",HARD retain-allocate,tcp,retain-allocate,cpp,cpp,1,hardmix,hard,16,64,5249.825,poisson,4194304,64,60,20,,0.7151826705547506,0.9816568151904423,,,"{""cpp"": ""5aba1177016454e405f0deb3d882aa68d47eaedf2d2b6ca94a619ca0bc771fd1"", ""csharp"": ""b58a9a1b31084f2f1ce2fa1470d92bcac471fae8ad853cb87b3acb64634d819d""}",F:\SocketServerClient\results\fair-2x2-20260930\0230-library-hard-allocate-poisson-cpp,True,1097741.85,802.3613001187642,,,828.2772555716842,background_cpu_over_15pct,False,scheduled,314923,270924,43999,270924,0,0,0,6.406143,inf,inf,197.583,71.303167,270924,51.249151,286166,175339,14.303,3044.4,104,0.7577684553573067,False,2.0587260371534,457.5775863341749,1881.9116109561119,14.01889459774697,,,,,197.15234375,13.89166259765625,1978.367,227.327,256
231,library-hard-sustained,library-hard-reuse-poisson,"Library parsers (System.Text.Json vs simdjson): HARD, Poisson arrivals at 70% of the slower server's capacity",HARD retain-reuse,tcp,retain-reuse,csharp,cpp,1,hardmix,hard,16,64,5364.59,poisson,4194304,64,60,20,,0.7221917182385559,0.9713075922617607,True,0,"{""cpp"": ""5aba1177016454e405f0deb3d882aa68d47eaedf2d2b6ca94a619ca0bc771fd1"", ""csharp"": ""b58a9a1b31084f2f1ce2fa1470d92bcac471fae8ad853cb87b3acb64634d819d""}",F:\SocketServerClient\results\fair-2x2-20260930\0231-library-hard-reuse-poisson-csharp,True,766750.4833333333,560.383112223943,,,0.9464136147229553,background_cpu_over_15pct,False,scheduled,321693,188511,133182,188511,0,0,0,35.913727,inf,inf,225.9531,96.993279,188511,36.438015,319761,292406,3.303,3254.2,40,0.6479481916916007,False,2.1949783795324787,701.3847998260048,2872.939205602419,,0,0,0,0,850.875,42.65625,3375.103,279.551,176
232,library-hard-sustained,library-hard-reuse-poisson,"Library parsers (System.Text.Json vs simdjson): HARD, Poisson arrivals at 70% of the slower server's capacity",HARD retain-reuse,tcp,retain-reuse,cpp,cpp,1,hardmix,hard,16,64,5364.59,poisson,4194304,64,60,20,,0.7039592458131503,0.9780559835468975,,,"{""cpp"": ""5aba1177016454e405f0deb3d882aa68d47eaedf2d2b6ca94a619ca0bc771fd1"", ""csharp"": ""b58a9a1b31084f2f1ce2fa1470d92bcac471fae8ad853cb87b3acb64634d819d""}",F:\SocketServerClient\results\fair-2x2-20260930\0232-library-hard-reuse-poisson-cpp,True,1155194.4,844.3409209092458,,,0.248806190778112,background_cpu_over_15pct,False,scheduled,321693,285221,36472,285221,0,0,0,5.373951,inf,inf,189.6259,65.404927,285221,46.399487,289065,166293,12.223,9257.2,157,0.7796543742691378,False,2.1062486195172268,444.72093569547826,1829.8424369606973,0.0009641646302340992,,,,,696.19140625,42.65625,1904.639,259.071,272
233,library-hard-sustained,library-hard-allocate-poisson,"Library parsers (System.Text.Json vs simdjson): HARD, Poisson arrivals at 70% of the slower server's capacity",HARD retain-allocate,tcp,retain-allocate,csharp,cpp,2,hardmix,hard,16,64,5249.825,poisson,4194304,64,60,20,,0.5841240315798653,0.8132694366830422,True,0,"{""cpp"": ""5aba1177016454e405f0deb3d882aa68d47eaedf2d2b6ca94a619ca0bc771fd1"", ""csharp"": ""b58a9a1b31084f2f1ce2fa1470d92bcac471fae8ad853cb87b3acb64634d819d""}",F:\SocketServerClient\results\fair-2x2-20260930\0233-library-hard-allocate-poisson-csharp,True,953702.3166666667,697.1104246457418,,,829.0772907506833,background_cpu_over_15pct,False,scheduled,314923,235286,79637,235286,0,0,0,10.682367,inf,inf,497.9403,91.750399,235286,28.835839,293900,217618,2.003,2374.7,42,0.6637170468390056,False,2.4782598486933427,634.5336101595504,2608.1602044141614,,57,57,0,723.582,1015.26171875,14.302850723266602,2531.327,271.359,224
234,library-hard-sustained,library-hard-allocate-poisson,"Library parsers (System.Text.Json vs simdjson): HARD, Poisson arrivals at 70% of the slower server's capacity",HARD retain-allocate,tcp,retain-allocate,cpp,cpp,2,hardmix,hard,16,64,5249.825,poisson,4194304,64,60,20,,0.6895843430271178,0.9540236740369741,,,"{""cpp"": ""5aba1177016454e405f0deb3d882aa68d47eaedf2d2b6ca94a619ca0bc771fd1"", ""csharp"": ""b58a9a1b31084f2f1ce2fa1470d92bcac471fae8ad853cb87b3acb64634d819d""}",F:\SocketServerClient\results\fair-2x2-20260930\0234-library-hard-allocate-poisson-cpp,True,1078378.75,788.2039895216624,,,828.4894353875727,background_cpu_over_15pct,False,scheduled,314923,266389,48534,266389,0,0,0,6.160383,inf,inf,323.8452,77.594623,266389,60.686335,283631,172496,10.815,3481.1,152,0.7514111168659332,False,2.038912919404538,460.96826445536414,1897.3079574193705,14.015300932095544,,,,,194.86328125,13.999070167541504,1990.655,225.279,256
235,library-hard-sustained,library-hard-reuse-poisson,"Library parsers (System.Text.Json vs simdjson): HARD, Poisson arrivals at 70% of the slower server's capacity",HARD retain-reuse,tcp,retain-reuse,cpp,cpp,2,hardmix,hard,16,64,5364.59,poisson,4194304,64,60,20,,0.685533220795951,0.9773780195728251,,,"{""cpp"": ""5aba1177016454e405f0deb3d882aa68d47eaedf2d2b6ca94a619ca0bc771fd1"", ""csharp"": ""b58a9a1b31084f2f1ce2fa1470d92bcac471fae8ad853cb87b3acb64634d819d""}",F:\SocketServerClient\results\fair-2x2-20260930\0235-library-hard-reuse-poisson-cpp,True,1204662.9,880.4374423662822,,,0.23447920288828383,background_cpu_over_15pct,False,scheduled,321693,297632,24061,297632,0,0,0,2.146303,inf,inf,604.6939,53.084159,297632,41.418751,235808,88169,9.823,6202.3,208,0.7837280779488134,False,2.1374121367003176,432.47617863670575,1780.4627203629302,0.0008970809590366628,,,,,695.61328125,42.65625,2359.295,260.607,288
236,library-hard-sustained,library-hard-reuse-poisson,"Library parsers (System.Text.Json vs simdjson): HARD, Poisson arrivals at 70% of the slower server's capacity",HARD retain-reuse,tcp,retain-reuse,csharp,cpp,2,hardmix,hard,16,64,5364.59,poisson,4194304,64,60,20,,0.6600273120763369,0.9807273899732807,True,0,"{""cpp"": ""5aba1177016454e405f0deb3d882aa68d47eaedf2d2b6ca94a619ca0bc771fd1"", ""csharp"": ""b58a9a1b31084f2f1ce2fa1470d92bcac471fae8ad853cb87b3acb64634d819d""}",F:\SocketServerClient\results\fair-2x2-20260930\0236-library-hard-reuse-poisson-csharp,True,1012276.1666666666,739.8405924161275,,,0.6025091687242798,background_cpu_over_15pct,False,scheduled,321693,250198,71495,250198,0,0,0,13.369343,inf,inf,312.9743,71.303167,250198,30.277631,311129,245692,4.111,3743.7,111,0.7376950346727107,False,2.813357325104869,677.088745713395,2788.58024691358,,0,0,0,0,866.92578125,42.65625,2441.215,346.111,240
237,library-hard-sustained,library-hard-reuse-poisson,"Library parsers (System.Text.Json vs simdjson): HARD, Poisson arrivals at 70% of the slower server's capacity",HARD retain-reuse,tcp,retain-reuse,csharp,cpp,3,hardmix,hard,16,64,5364.59,poisson,4194304,64,60,20,,0.6399929284395766,0.9752286626115284,True,0,"{""cpp"": ""5aba1177016454e405f0deb3d882aa68d47eaedf2d2b6ca94a619ca0bc771fd1"", ""csharp"": ""b58a9a1b31084f2f1ce2fa1470d92bcac471fae8ad853cb87b3acb64634d819d""}",F:\SocketServerClient\results\fair-2x2-20260930\0237-library-hard-reuse-poisson-csharp,True,1067470.4666666666,780.173513507843,,,0.5885267185679884,background_cpu_over_15pct,False,scheduled,321693,263133,58560,263133,0,0,0,11.894783,inf,inf,148.9551,58.589183,263133,20.447231,310585,239998,4.703,1437.1,35,0.750008945812754,False,3.006026019048143,688.1619751228466,2826.348845952575,,0,0,0,0,862.625,42.65625,2416.639,356.351,256
238,library-hard-sustained,library-hard-reuse-poisson,"Library parsers (System.Text.Json vs simdjson): HARD, Poisson arrivals at 70% of the slower server's capacity",HARD retain-reuse,tcp,retain-reuse,cpp,cpp,3,hardmix,hard,16,64,5364.59,poisson,4194304,64,60,20,,0.8218852758751932,0.9880534985593236,,,"{""cpp"": ""5aba1177016454e405f0deb3d882aa68d47eaedf2d2b6ca94a619ca0bc771fd1"", ""csharp"": ""b58a9a1b31084f2f1ce2fa1470d92bcac471fae8ad853cb87b3acb64634d819d""}",F:\SocketServerClient\results\fair-2x2-20260930\0238-library-hard-reuse-poisson-cpp,True,398429.05,291.2992027282715,,,0.8684912935735231,background_cpu_over_15pct;lateness_p99_over_100us;late_over_1ms_above_0.1pct,False,scheduled,321693,98675,223018,98675,0,0,0,inf,inf,inf,2021.1889,568.328191,98675,559.939583,295193,257385,264.191,20037.3,2051,0.4798034768755366,False,0.7187159732954991,439.099315936154,1811.495815945064,0.0034760577653914367,,,,,683.73046875,42.53125,2449.407,179.711,94
239,library-hard-sustained,library-hard-allocate-poisson,"Library parsers (System.Text.Json vs simdjson): HARD, Poisson arrivals at 70% of the slower server's capacity",HARD retain-allocate,tcp,retain-allocate,cpp,cpp,3,hardmix,hard,16,64,5249.825,poisson,4194304,64,60,20,,0.8218881259788878,0.9904710688052184,,,"{""cpp"": ""5aba1177016454e405f0deb3d882aa68d47eaedf2d2b6ca94a619ca0bc771fd1"", ""csharp"": ""b58a9a1b31084f2f1ce2fa1470d92bcac471fae8ad853cb87b3acb64634d819d""}",F:\SocketServerClient\results\fair-2x2-20260930\0239-library-hard-allocate-poisson-cpp,True,634380.6166666667,463.71793961524963,,,828.6138090455587,background_cpu_over_15pct;late_over_1ms_above_0.1pct,False,scheduled,314923,156779,158144,156779,0,0,0,inf,inf,inf,1706.9268,355.467263,156779,344.981503,263714,195324,23.359,8794.5,1257,0.5707704591125736,False,1.1635070105266996,447.2856696368774,1841.747108227232,14.012176375662557,,,,,193.4453125,13.980215072631836,2768.895,252.415,144
240,library-hard-sustained,library-hard-allocate-poisson,"Library parsers (System.Text.Json vs simdjson): HARD, Poisson arrivals at 70% of the slower server's capacity",HARD retain-allocate,tcp,retain-allocate,csharp,cpp,3,hardmix,hard,16,64,5249.825,poisson,4194304,64,60,20,,0.8637237818212691,0.9942674334930065,True,0,"{""cpp"": ""5aba1177016454e405f0deb3d882aa68d47eaedf2d2b6ca94a619ca0bc771fd1"", ""csharp"": ""b58a9a1b31084f2f1ce2fa1470d92bcac471fae8ad853cb87b3acb64634d819d""}",F:\SocketServerClient\results\fair-2x2-20260930\0240-library-hard-allocate-poisson-csharp,True,170712.1,124.73630364735921,,,829.8181557961813,background_cpu_over_15pct;lateness_p99_over_100us;late_over_1ms_above_0.1pct,False,scheduled,314923,42345,272578,42345,0,0,0,inf,inf,inf,1768.0985,792.723455,42345,771.751935,311617,301797,306.175,13330.0,1875,0.40356121923012017,False,0.5000216381264592,714.3700554965167,2949.1896065683572,,11,11,0,216.143,1007.4921875,13.959545135498047,4734.975,428.031,32
241,library-hard-sustained,library-hard-allocate-poisson,"Library parsers (System.Text.Json vs simdjson): HARD, Poisson arrivals at 70% of the slower server's capacity",HARD retain-allocate,tcp,retain-allocate,csharp,cpp,4,hardmix,hard,16,64,5249.825,poisson,4194304,64,60,20,,0.7619466718295902,0.9937350761273058,True,0,"{""cpp"": ""5aba1177016454e405f0deb3d882aa68d47eaedf2d2b6ca94a619ca0bc771fd1"", ""csharp"": ""b58a9a1b31084f2f1ce2fa1470d92bcac471fae8ad853cb87b3acb64634d819d""}",F:\SocketServerClient\results\fair-2x2-20260930\0241-library-hard-allocate-poisson-csharp,True,603165.5166666667,440.88345390955607,,,828.968058778591,background_cpu_over_15pct;lateness_p99_over_100us;late_over_1ms_above_0.1pct,False,scheduled,314923,148663,166260,148663,0,0,0,inf,inf,inf,605.1504,234.881023,148663,183.500799,306666,265095,1179.647,27490.4,3735,0.5617796669492939,False,1.7184073492132859,699.8841339136167,2873.7165935948306,,36,36,0,384.185,1010.734375,13.848282814025879,2695.167,386.047,144
242,library-hard-sustained,library-hard-allocate-poisson,"Library parsers (System.Text.Json vs simdjson): HARD, Poisson arrivals at 70% of the slower server's capacity",HARD retain-allocate,tcp,retain-allocate,cpp,cpp,4,hardmix,hard,16,64,5249.825,poisson,4194304,64,60,20,,0.7709975606320346,0.9948111581305191,,,"{""cpp"": ""5aba1177016454e405f0deb3d882aa68d47eaedf2d2b6ca94a619ca0bc771fd1"", ""csharp"": ""b58a9a1b31084f2f1ce2fa1470d92bcac471fae8ad853cb87b3acb64634d819d""}",F:\SocketServerClient\results\fair-2x2-20260930\0242-library-hard-allocate-poisson-cpp,True,917893.3333333334,670.8143351236979,,,828.704289425874,background_cpu_over_15pct;lateness_p99_over_100us;late_over_1ms_above_0.1pct,False,scheduled,314923,227123,87800,227123,0,0,0,9.764863,inf,inf,839.9994,120.324095,227123,105.119743,276067,187815,980.991,14188.1,3110,0.6800875258006182,False,1.6973681632299484,450.1277941908129,1855.8994673072148,14.004085891785508,,,,,194.94140625,14.785459518432617,1720.319,209.407,208
243,library-hard-sustained,library-hard-reuse-poisson,"Library parsers (System.Text.Json vs simdjson): HARD, Poisson arrivals at 70% of the slower server's capacity",HARD retain-reuse,tcp,retain-reuse,csharp,cpp,4,hardmix,hard,16,64,5364.59,poisson,4194304,64,60,20,,0.7340229472148104,0.9848113370952976,True,0,"{""cpp"": ""5aba1177016454e405f0deb3d882aa68d47eaedf2d2b6ca94a619ca0bc771fd1"", ""csharp"": ""b58a9a1b31084f2f1ce2fa1470d92bcac471fae8ad853cb87b3acb64634d819d""}",F:\SocketServerClient\results\fair-2x2-20260930\0243-library-hard-reuse-poisson-csharp,True,767587.5166666667,560.9505015850067,,,1.271451843920436,background_cpu_over_15pct;lateness_p99_over_100us;late_over_1ms_above_0.1pct,False,scheduled,321693,189476,132217,189476,0,0,0,32.505855,inf,inf,957.3464,133.693439,189476,98.303999,314240,271440,359.423,4940.8,1514,0.6276577477423353,False,2.1849246559711424,694.6790094787731,2856.778293320604,,0,0,0,0,810.0234375,42.65625,2711.551,329.727,176
244,library-hard-sustained,library-hard-reuse-poisson,"Library parsers (System.Text.Json vs simdjson): HARD, Poisson arrivals at 70% of the slower server's capacity",HARD retain-reuse,tcp,retain-reuse,cpp,cpp,4,hardmix,hard,16,64,5364.59,poisson,4194304,64,60,20,,0.8651196925326001,0.9885428073962933,,,"{""cpp"": ""5aba1177016454e405f0deb3d882aa68d47eaedf2d2b6ca94a619ca0bc771fd1"", ""csharp"": ""b58a9a1b31084f2f1ce2fa1470d92bcac471fae8ad853cb87b3acb64634d819d""}",F:\SocketServerClient\results\fair-2x2-20260930\0244-library-hard-reuse-poisson-cpp,True,181646.56666666668,132.82503288586935,,,2.0488230681518314,background_cpu_over_15pct;lateness_p99_over_100us;late_over_1ms_above_0.1pct,False,scheduled,321693,45098,276595,45098,0,0,0,inf,inf,inf,2030.4031,975.175679,45098,968.884223,309615,297837,684.031,21237.1,2742,0.3980076253195647,False,0.3524487166465021,473.9678034502639,1957.8358636510895,0.00926870371191627,,,,,670.41796875,42.09375,1142.783,138.751,32
245,fast-hard-sustained,fast-hard-reuse-poisson,"Specialized parsers (FastJson vs its C++ port): HARD, Poisson arrivals at 70% of the slower server's capacity",HARD retain-reuse,tcp,retain-reuse,csharp,cpp,0,hardmix,hard,16,64,8341.807,poisson,4194304,64,60,20,,0.7732033360259248,0.9916098602705327,True,0,"{""cpp"": ""5aba1177016454e405f0deb3d882aa68d47eaedf2d2b6ca94a619ca0bc771fd1"", ""csharp"": ""b58a9a1b31084f2f1ce2fa1470d92bcac471fae8ad853cb87b3acb64634d819d""}",F:\SocketServerClient\results\fair-2x2-20260930\0245-fast-hard-reuse-poisson-csharp,True,1186514.9666666666,867.0607834815979,,,5.027045465346828,background_cpu_over_15pct;late_over_1ms_above_0.1pct,False,scheduled,499524,293188,206336,293188,0,0,0,21.626879,inf,inf,1427.8767,89.391103,293188,66.584575,483055,360095,12.223,4813.3,700,0.7757661505940208,False,1.9930605124894623,409.6667496623327,1686.8568324531652,,1,1,0,1.688,859.40234375,42.65625,1732.607,216.575,273
246,fast-hard-sustained,fast-hard-reuse-poisson,"Specialized parsers (FastJson vs its C++ port): HARD, Poisson arrivals at 70% of the slower server's capacity",HARD retain-reuse,tcp,retain-reuse,cpp,cpp,0,hardmix,hard,16,64,8341.807,poisson,4194304,64,60,20,,0.8456851357065119,0.9932048505447693,,,"{""cpp"": ""5aba1177016454e405f0deb3d882aa68d47eaedf2d2b6ca94a619ca0bc771fd1"", ""csharp"": ""b58a9a1b31084f2f1ce2fa1470d92bcac471fae8ad853cb87b3acb64634d819d""}",F:\SocketServerClient\results\fair-2x2-20260930\0246-fast-hard-reuse-poisson-cpp,True,286377.23333333334,209.2505064646403,,,0.693934273010188,background_cpu_over_15pct;lateness_p99_over_100us;late_over_1ms_above_0.1pct,False,scheduled,499524,70467,429057,70467,0,0,0,inf,inf,inf,3238.532,1128.267775,70467,1119.879167,485384,457165,281.599,13942.0,3448,0.44173266747920936,False,0.4439970635976182,379.6103140477103,1555.307158628248,0.0026679154781670852,,,,,671.4453125,42.46875,1232.895,226.303,64
247,fast-hard-sustained,fast-hard-allocate-poisson,"Specialized parsers (FastJson vs its C++ port): HARD, Poisson arrivals at 70% of the slower server's capacity",HARD retain-allocate,tcp,retain-allocate,cpp,cpp,0,hardmix,hard,16,64,7849.473,poisson,4194304,64,60,20,,0.92128149871478,1.0000828600730238,,,"{""cpp"": ""5aba1177016454e405f0deb3d882aa68d47eaedf2d2b6ca94a619ca0bc771fd1"", ""csharp"": ""b58a9a1b31084f2f1ce2fa1470d92bcac471fae8ad853cb87b3acb64634d819d""}",F:\SocketServerClient\results\fair-2x2-20260930\0247-fast-hard-allocate-poisson-cpp,True,91158.88333333333,66.63536472320557,,,829.184936370559,background_cpu_over_15pct;late_over_1ms_above_0.1pct,False,scheduled,470130,22632,447498,22632,0,0,0,inf,inf,inf,2731.1395,1619.001343,22632,1619.001343,463153,456834,57.727,13596.3,2970,0.36774528070254653,False,0.16859892080496927,450.8273683280311,1859.187962274417,14.010471898197244,,,,,181.921875,14.180027961730957,332.799,134.655,16
248,fast-hard-sustained,fast-hard-allocate-poisson,"Specialized parsers (FastJson vs its C++ port): HARD, Poisson arrivals at 70% of the slower server's capacity",HARD retain-allocate,tcp,retain-allocate,csharp,cpp,0,hardmix,hard,16,64,7849.473,poisson,4194304,64,60,20,,0.9226163322400459,0.9999484641831133,True,0,"{""cpp"": ""5aba1177016454e405f0deb3d882aa68d47eaedf2d2b6ca94a619ca0bc771fd1"", ""csharp"": ""b58a9a1b31084f2f1ce2fa1470d92bcac471fae8ad853cb87b3acb64634d819d""}",F:\SocketServerClient\results\fair-2x2-20260930\0248-fast-hard-allocate-poisson-csharp,True,77875.45,56.863641579945885,,,827.2401573862686,background_cpu_over_15pct;lateness_p99_over_100us;late_over_1ms_above_0.1pct,False,scheduled,470130,19252,450878,19252,0,0,0,inf,inf,inf,3772.503,2592.079871,19252,2583.691263,467056,460667,385.023,25462.1,3686,0.36363110282239797,False,0.1552929063436947,488.5856014959485,2006.1993024771616,,5,5,0,52.18,974.78515625,12.670543670654297,3276.799,141.311,16
249,fast-hard-sustained,fast-hard-allocate-poisson,"Specialized parsers (FastJson vs its C++ port): HARD, Poisson arrivals at 70% of the slower server's capacity",HARD retain-allocate,tcp,retain-allocate,csharp,cpp,1,hardmix,hard,16,64,7849.473,poisson,4194304,64,60,20,,0.923350015915901,1.0000207205629277,True,0,"{""cpp"": ""5aba1177016454e405f0deb3d882aa68d47eaedf2d2b6ca94a619ca0bc771fd1"", ""csharp"": ""b58a9a1b31084f2f1ce2fa1470d92bcac471fae8ad853cb87b3acb64634d819d""}",F:\SocketServerClient\results\fair-2x2-20260930\0249-fast-hard-allocate-poisson-csharp,True,76890.65,56.21359133720398,,,832.4137682683447,background_cpu_over_15pct;lateness_p99_over_100us;late_over_1ms_above_0.1pct,False,scheduled,470130,19250,450880,19250,0,0,0,inf,inf,inf,3106.4812,2181.038079,19250,2130.706431,467124,460424,665.599,29738.0,4110,0.3639448687736767,False,0.15741188780182708,495.9415584415584,2063.5748016212256,,7,7,1,131.11700000000002,971.86328125,13.533796310424805,27328.511,345.087,16
250,fast-hard-sustained,fast-hard-allocate-poisson,"Specialized parsers (FastJson vs its C++ port): HARD, Poisson arrivals at 70% of the slower server's capacity",HARD retain-allocate,tcp,retain-allocate,cpp,cpp,1,hardmix,hard,16,64,7849.473,poisson,4194304,64,60,20,,0.9214117496874451,1.0000107298103034,,,"{""cpp"": ""5aba1177016454e405f0deb3d882aa68d47eaedf2d2b6ca94a619ca0bc771fd1"", ""csharp"": ""b58a9a1b31084f2f1ce2fa1470d92bcac471fae8ad853cb87b3acb64634d819d""}",F:\SocketServerClient\results\fair-2x2-20260930\0250-fast-hard-allocate-poisson-cpp,True,87856.73333333334,64.1976679801941,,,829.260297519687,background_cpu_over_15pct;lateness_p99_over_100us;late_over_1ms_above_0.1pct,False,scheduled,470130,21794,448336,21794,0,0,0,inf,inf,inf,2600.6644,1862.270975,21794,1862.270975,463118,456868,653.311,17716.2,4040,0.3707808183738161,False,0.16678609103285127,461.7096448563825,1900.7478132191557,14.030421216848675,,,,,181.6796875,14.19205379486084,16482.303,276.479,16
251,fast-hard-sustained,fast-hard-reuse-poisson,"Specialized parsers (FastJson vs its C++ port): HARD, Poisson arrivals at 70% of the slower server's capacity",HARD retain-reuse,tcp,retain-reuse,csharp,cpp,1,hardmix,hard,16,64,8341.807,poisson,4194304,64,60,20,,0.9228995380316513,1.0000616970377105,True,0,"{""cpp"": ""5aba1177016454e405f0deb3d882aa68d47eaedf2d2b6ca94a619ca0bc771fd1"", ""csharp"": ""b58a9a1b31084f2f1ce2fa1470d92bcac471fae8ad853cb87b3acb64634d819d""}",F:\SocketServerClient\results\fair-2x2-20260930\0251-fast-hard-reuse-poisson-csharp,True,78953.18333333333,57.82631511688233,,,41.0589361981837,background_cpu_over_15pct;lateness_p99_over_100us;late_over_1ms_above_0.1pct,False,scheduled,499524,19652,479872,19652,0,0,0,inf,inf,inf,3602.0108,1962.934271,19652,1958.739967,496628,490468,767.999,27901.9,4407,0.36442868687745866,False,0.1463741562911167,451.60797883167106,1866.7802510425047,,0,0,0,0,740.47265625,37.34375,10387.455,325.631,16
252,fast-hard-sustained,fast-hard-reuse-poisson,"Specialized parsers (FastJson vs its C++ port): HARD, Poisson arrivals at 70% of the slower server's capacity",HARD retain-reuse,tcp,retain-reuse,cpp,cpp,1,hardmix,hard,16,64,8341.807,poisson,4194304,64,60,20,,0.8718895493755399,0.9990961996765193,,,"{""cpp"": ""5aba1177016454e405f0deb3d882aa68d47eaedf2d2b6ca94a619ca0bc771fd1"", ""csharp"": ""b58a9a1b31084f2f1ce2fa1470d92bcac471fae8ad853cb87b3acb64634d819d""}",F:\SocketServerClient\results\fair-2x2-20260930\0252-fast-hard-reuse-poisson-cpp,True,396596.25,289.85779101053873,,,2.85527356667552,background_cpu_over_15pct;lateness_p99_over_100us;late_over_1ms_above_0.1pct,False,scheduled,499524,98287,401237,98287,0,0,0,inf,inf,inf,2119.7722,740.294655,98287,681.574399,477705,443984,2170.879,27990.4,9155,0.47721853136772835,False,0.6422599234710415,393.4586974879689,1624.1270582827976,0.014020165433882405,,,,,666.53125,42.53125,1814.527,197.119,86
253,fast-hard-sustained,fast-hard-reuse-poisson,"Specialized parsers (FastJson vs its C++ port): HARD, Poisson arrivals at 70% of the slower server's capacity",HARD retain-reuse,tcp,retain-reuse,csharp,cpp,2,hardmix,hard,16,64,8341.807,poisson,4194304,64,60,20,,0.8917010042651393,0.9991990165392306,True,0,"{""cpp"": ""5aba1177016454e405f0deb3d882aa68d47eaedf2d2b6ca94a619ca0bc771fd1"", ""csharp"": ""b58a9a1b31084f2f1ce2fa1470d92bcac471fae8ad853cb87b3acb64634d819d""}",F:\SocketServerClient\results\fair-2x2-20260930\0253-fast-hard-reuse-poisson-csharp,True,161417.65,117.96437115669251,,,4.271609379383179,background_cpu_over_15pct;lateness_p99_over_100us;late_over_1ms_above_0.1pct,False,scheduled,499524,40223,459301,40223,0,0,0,inf,inf,inf,3359.636,1686.110207,40223,1677.721599,494990,481804,1339.391,15532.8,6084,0.39419330622271115,False,0.29335290261056146,440.5128906347115,1827.3986815399087,,0,0,0,0,817.1796875,41.71875,2981.887,196.607,32
254,fast-hard-sustained,fast-hard-reuse-poisson,"Specialized parsers (FastJson vs its C++ port): HARD, Poisson arrivals at 70% of the slower server's capacity",HARD retain-reuse,tcp,retain-reuse,cpp,cpp,2,hardmix,hard,16,64,8341.807,poisson,4194304,64,60,20,,0.9025990794487907,0.9982570260382732,,,"{""cpp"": ""5aba1177016454e405f0deb3d882aa68d47eaedf2d2b6ca94a619ca0bc771fd1"", ""csharp"": ""b58a9a1b31084f2f1ce2fa1470d92bcac471fae8ad853cb87b3acb64634d819d""}",F:\SocketServerClient\results\fair-2x2-20260930\0254-fast-hard-reuse-poisson-cpp,True,163212.71666666667,119.31172081629435,,,6.613121673056132,background_cpu_over_15pct;late_over_1ms_above_0.1pct,False,scheduled,499524,40724,458800,40724,0,0,0,inf,inf,inf,3001.4913,1203.765247,40724,1124.073471,489381,476156,78.847,27513.2,3412,0.3952165313778657,False,0.26492597092928755,393.65607504174443,1634.321750738981,0.03491798448089579,,,,,642.171875,41.25,1482.751,249.855,32
255,fast-hard-sustained,fast-hard-allocate-poisson,"Specialized parsers (FastJson vs its C++ port): HARD, Poisson arrivals at 70% of the slower server's capacity",HARD retain-allocate,tcp,retain-allocate,cpp,cpp,2,hardmix,hard,16,64,7849.473,poisson,4194304,64,60,20,,0.8625554155118498,0.9982464433829302,,,"{""cpp"": ""5aba1177016454e405f0deb3d882aa68d47eaedf2d2b6ca94a619ca0bc771fd1"", ""csharp"": ""b58a9a1b31084f2f1ce2fa1470d92bcac471fae8ad853cb87b3acb64634d819d""}",F:\SocketServerClient\results\fair-2x2-20260930\0255-fast-hard-allocate-poisson-cpp,True,548348.0166666667,400.813663593928,,,829.1824415487672,background_cpu_over_15pct;lateness_p99_over_100us;late_over_1ms_above_0.1pct,False,scheduled,470130,135728,334402,135728,0,0,0,inf,inf,inf,2395.8206,538.968063,135728,489.684991,445079,392812,581.631,14035.6,3415,0.534148681630912,False,0.9028966403728276,400.6174112931746,1651.9264196275897,14.008833844158906,,,,,184.87109375,14.051834106445312,829.439,200.703,128
256,fast-hard-sustained,fast-hard-allocate-poisson,"Specialized parsers (FastJson vs its C++ port): HARD, Poisson arrivals at 70% of the slower server's capacity",HARD retain-allocate,tcp,retain-allocate,csharp,cpp,2,hardmix,hard,16,64,7849.473,poisson,4194304,64,60,20,,0.7556274184951013,0.9896926930691081,True,0,"{""cpp"": ""5aba1177016454e405f0deb3d882aa68d47eaedf2d2b6ca94a619ca0bc771fd1"", ""csharp"": ""b58a9a1b31084f2f1ce2fa1470d92bcac471fae8ad853cb87b3acb64634d819d""}",F:\SocketServerClient\results\fair-2x2-20260930\0256-fast-hard-allocate-poisson-csharp,True,1234307.3166666667,902.1092891375224,,,829.1700559530233,background_cpu_over_15pct;late_over_1ms_above_0.1pct,False,scheduled,470130,304862,165268,304862,0,0,0,13.467647,inf,inf,1757.6332,67.633151,304862,48.889855,449081,310817,10.431,5446.5,587,0.7833092172995076,False,2.0593538513951115,407.1514324514042,1675.7191953907213,,74,74,0,653.359,1014.734375,14.558914184570312,1593.343,204.287,288
257,fast-hard-sustained,fast-hard-reuse-poisson,"Specialized parsers (FastJson vs its C++ port): HARD, Poisson arrivals at 70% of the slower server's capacity",HARD retain-reuse,tcp,retain-reuse,cpp,cpp,3,hardmix,hard,16,64,8341.807,poisson,4194304,64,60,20,,0.7751601385285989,0.9954721077844466,,,"{""cpp"": ""5aba1177016454e405f0deb3d882aa68d47eaedf2d2b6ca94a619ca0bc771fd1"", ""csharp"": ""b58a9a1b31084f2f1ce2fa1470d92bcac471fae8ad853cb87b3acb64634d819d""}",F:\SocketServerClient\results\fair-2x2-20260930\0257-fast-hard-reuse-poisson-cpp,True,942356.55,688.593876393636,,,0.41540153753196146,background_cpu_over_15pct;lateness_p99_over_100us;late_over_1ms_above_0.1pct,False,scheduled,499524,232754,266770,232754,0,0,0,inf,inf,inf,677.7112,157.810687,232754,138.936319,458089,368842,749.567,6240.3,3938,0.6828053344542548,False,1.4807029677575132,383.3177947532588,1577.508627043817,0.0016326250032222861,,,,,680.8984375,42.65625,1085.439,196.607,224
258,fast-hard-sustained,fast-hard-reuse-poisson,"Specialized parsers (FastJson vs its C++ port): HARD, Poisson arrivals at 70% of the slower server's capacity",HARD retain-reuse,tcp,retain-reuse,csharp,cpp,3,hardmix,hard,16,64,8341.807,poisson,4194304,64,60,20,,0.8827945209758109,0.9980458898263046,True,0,"{""cpp"": ""5aba1177016454e405f0deb3d882aa68d47eaedf2d2b6ca94a619ca0bc771fd1"", ""csharp"": ""b58a9a1b31084f2f1ce2fa1470d92bcac471fae8ad853cb87b3acb64634d819d""}",F:\SocketServerClient\results\fair-2x2-20260930\0258-fast-hard-reuse-poisson-csharp,True,283106.9666666667,206.8287070274353,,,5.553037053924819,background_cpu_over_15pct;lateness_p99_over_100us;late_over_1ms_above_0.1pct,False,scheduled,499524,70440,429084,70440,0,0,0,inf,inf,inf,3251.1278,912.261119,70440,838.860799,492280,467063,581.631,6062.1,3651,0.44229621903120403,False,0.4932102987706203,422.12343838728,1748.9662736218345,,1,1,0,12.689,823.328125,41.78125,2269.183,178.175,64
259,fast-hard-sustained,fast-hard-allocate-poisson,"Specialized parsers (FastJson vs its C++ port): HARD, Poisson arrivals at 70% of the slower server's capacity",HARD retain-allocate,tcp,retain-allocate,csharp,cpp,3,hardmix,hard,16,64,7849.473,poisson,4194304,64,60,20,,0.8525610142333409,0.9969138609505642,True,0,"{""cpp"": ""5aba1177016454e405f0deb3d882aa68d47eaedf2d2b6ca94a619ca0bc771fd1"", ""csharp"": ""b58a9a1b31084f2f1ce2fa1470d92bcac471fae8ad853cb87b3acb64634d819d""}",F:\SocketServerClient\results\fair-2x2-20260930\0259-fast-hard-allocate-poisson-csharp,True,332643.3,243.00513361295063,,,828.7987247761735,background_cpu_over_15pct;late_over_1ms_above_0.1pct,False,scheduled,470130,82082,388048,82082,0,0,0,inf,inf,inf,2400.8998,729.808895,82082,637.534207,461201,430421,6.207,10695.1,1868,0.4654157537572112,False,0.5883858163823856,431.73290124509634,1774.2455695054161,,20,20,0,240.07,1004.99609375,14.477743148803711,2129.919,233.983,74
260,fast-hard-sustained,fast-hard-allocate-poisson,"Specialized parsers (FastJson vs its C++ port): HARD, Poisson arrivals at 70% of the slower server's capacity",HARD retain-allocate,tcp,retain-allocate,cpp,cpp,3,hardmix,hard,16,64,7849.473,poisson,4194304,64,60,20,,0.8204683602597604,0.997153958024935,,,"{""cpp"": ""5aba1177016454e405f0deb3d882aa68d47eaedf2d2b6ca94a619ca0bc771fd1"", ""csharp"": ""b58a9a1b31084f2f1ce2fa1470d92bcac471fae8ad853cb87b3acb64634d819d""}",F:\SocketServerClient\results\fair-2x2-20260930\0260-fast-hard-allocate-poisson-cpp,True,675297.7833333333,493.58456103007,,,828.91241161608,background_cpu_over_15pct;lateness_p99_over_100us;late_over_1ms_above_0.1pct,False,scheduled,470130,167437,302693,167437,0,0,0,inf,inf,inf,2802.1734,206.045183,167437,179.830783,440911,383978,278.527,14182.0,2646,0.5928925539964919,False,1.134154658184598,410.88215269026557,1697.2770590694543,13.995586399660768,,,,,183.70703125,14.873233795166016,1785.855,303.103,160
261,fast-hard-sustained,fast-hard-reuse-poisson,"Specialized parsers (FastJson vs its C++ port): HARD, Poisson arrivals at 70% of the slower server's capacity",HARD retain-reuse,tcp,retain-reuse,cpp,cpp,4,hardmix,hard,16,64,8341.807,poisson,4194304,64,60,20,,0.9240376795315712,0.9999622384099828,,,"{""cpp"": ""5aba1177016454e405f0deb3d882aa68d47eaedf2d2b6ca94a619ca0bc771fd1"", ""csharp"": ""b58a9a1b31084f2f1ce2fa1470d92bcac471fae8ad853cb87b3acb64634d819d""}",F:\SocketServerClient\results\fair-2x2-20260930\0261-fast-hard-reuse-poisson-cpp,True,76179.96666666666,55.64883001645406,,,34.858254247631464,background_cpu_over_15pct;lateness_p99_over_100us;late_over_1ms_above_0.1pct,False,scheduled,499524,18785,480739,18785,0,0,0,inf,inf,inf,3107.3975,2126.512127,18785,2122.317823,492819,487375,2981.887,37348.0,9664,0.35783956552437796,False,0.13020888212623613,418.3856800638808,1714.778089851481,0.21293585307426138,,,,,583.8671875,38.3125,1970.175,221.695,16
262,fast-hard-sustained,fast-hard-reuse-poisson,"Specialized parsers (FastJson vs its C++ port): HARD, Poisson arrivals at 70% of the slower server's capacity",HARD retain-reuse,tcp,retain-reuse,csharp,cpp,4,hardmix,hard,16,64,8341.807,poisson,4194304,64,60,20,,0.9231651800106105,0.9999929020637536,True,0,"{""cpp"": ""5aba1177016454e405f0deb3d882aa68d47eaedf2d2b6ca94a619ca0bc771fd1"", ""csharp"": ""b58a9a1b31084f2f1ce2fa1470d92bcac471fae8ad853cb87b3acb64634d819d""}",F:\SocketServerClient\results\fair-2x2-20260930\0262-fast-hard-reuse-poisson-csharp,True,79622.81666666667,58.18339177767436,,,42.077501186310755,background_cpu_over_15pct;lateness_p99_over_100us;late_over_1ms_above_0.1pct,False,scheduled,499524,19718,479806,19718,0,0,0,inf,inf,inf,3432.1398,2189.426687,19718,2164.260863,496535,489799,395.263,5964.3,3694,0.3641389665900811,False,0.15101613999089278,465.15239882341007,1913.0890489177195,,0,0,0,0,737.9921875,37.84375,39190.527,171.519,16
263,fast-hard-sustained,fast-hard-allocate-poisson,"Specialized parsers (FastJson vs its C++ port): HARD, Poisson arrivals at 70% of the slower server's capacity",HARD retain-allocate,tcp,retain-allocate,cpp,cpp,4,hardmix,hard,16,64,7849.473,poisson,4194304,64,60,20,,0.9232088793956348,1.0000311013641714,,,"{""cpp"": ""5aba1177016454e405f0deb3d882aa68d47eaedf2d2b6ca94a619ca0bc771fd1"", ""csharp"": ""b58a9a1b31084f2f1ce2fa1470d92bcac471fae8ad853cb87b3acb64634d819d""}",F:\SocketServerClient\results\fair-2x2-20260930\0263-fast-hard-allocate-poisson-cpp,True,86229.73333333334,63.01315310796102,,,829.6550779477246,background_cpu_over_15pct;lateness_p99_over_100us;late_over_1ms_above_0.1pct,False,scheduled,470130,21681,448449,21681,0,0,0,inf,inf,inf,2489.0426,1623.195647,21681,1619.001343,462854,456929,1241.087,32175.2,5360,0.36329448668733644,False,0.14149065709888145,393.48969143489694,1643.333972849089,13.94778838614455,,,,,181.69921875,13.892955780029297,4538.367,107.519,16
264,fast-hard-sustained,fast-hard-allocate-poisson,"Specialized parsers (FastJson vs its C++ port): HARD, Poisson arrivals at 70% of the slower server's capacity",HARD retain-allocate,tcp,retain-allocate,csharp,cpp,4,hardmix,hard,16,64,7849.473,poisson,4194304,64,60,20,,0.9217326212349192,0.9999242508561843,True,0,"{""cpp"": ""5aba1177016454e405f0deb3d882aa68d47eaedf2d2b6ca94a619ca0bc771fd1"", ""csharp"": ""b58a9a1b31084f2f1ce2fa1470d92bcac471fae8ad853cb87b3acb64634d819d""}",F:\SocketServerClient\results\fair-2x2-20260930\0264-fast-hard-allocate-poisson-csharp,True,91016.96666666666,66.5811443010966,,,829.5044413985709,background_cpu_over_15pct;lateness_p99_over_100us;late_over_1ms_above_0.1pct,False,scheduled,470130,22567,447563,22567,0,0,0,inf,inf,inf,2699.2117,1468.006399,22567,1430.257663,466847,459398,107.007,27980.6,3134,0.3688506512855115,False,0.16523855457541803,442.4325342313998,1822.9672095499152,,7,7,1,69.123,966.6328125,12.856700897216797,2949.119,187.391,16
