ordinal,phase,cell,group,title,kind,mode,server,client,repetition,corpus,profile,connections,window,rate,arrival,socket_buffer,retain_batches,duration,warmup,runner_error,background_cpu_fraction,server_sibling_busy_fraction,server_gc,gc_dynamic_adaptation,builds,path,valid,records_per_second,mib_per_second,process_cpu_seconds,process_seconds,allocated_bytes_per_record,exclusion,eligible,load_model,offered,admitted,rejected,acknowledged,failed,unresolved,timedout,p50_ms,p99_ms,p999_ms,max_acknowledged_ms,p99_acknowledged_ms,latency_samples,client_delay_p99_ms,misses_over_1ms,misses_over_5ms,lateness_p99_us,lateness_max_us,late_over_1ms,client_cpu_utilization,strict_v1_adequate,server_cores_used,server_cpu_us_per_frame,server_cpu_ns_per_record,allocations_per_frame,gc_gen0,gc_gen1,gc_gen2,gc_pause_ms,server_peak_working_set_mib,owned_capacity_peak_mib,receive_stage_p50_us,processing_stage_p50_us,stage_samples
1,processing-controls,proc-easy-aggregate,"Processing-only controls (one core, no sockets)",EASY aggregate,process,aggregate,csharp,,0,easy64k,easy,16,64,0,steady,4194304,8,10,5,,0.0324759072324175,0.06781686929760443,True,0,"{""cpp"": ""aeddcdfc46d1dd5157b06cd27570a6f2985aa0d6ec6110389e4aefb1364bb27c"", ""csharp"": ""652af22a6cf4781f89f8cf74b458d6744e22d07c70f7c94ea737c3d57b8a98ac""}",F:\SocketServerClient\results\final-campaign-20260929\0001-proc-easy-aggregate-csharp,True,4364633.030812525,681.7224771645086,10.46875,10.5155191,0.0,,True,,,,,,,,,,,,,,,,,,,,,,,,,,,,,,,,,,,
2,processing-controls,proc-easy-aggregate,"Processing-only controls (one core, no sockets)",EASY aggregate,process,aggregate,cpp,,0,easy64k,easy,16,64,0,steady,4194304,8,10,5,,0.02467144293359904,0.049706126131759766,,,"{""cpp"": ""aeddcdfc46d1dd5157b06cd27570a6f2985aa0d6ec6110389e4aefb1364bb27c"", ""csharp"": ""652af22a6cf4781f89f8cf74b458d6744e22d07c70f7c94ea737c3d57b8a98ac""}",F:\SocketServerClient\results\final-campaign-20260929\0002-proc-easy-aggregate-cpp,True,4417035.216631658,689.9072999602075,10.375,10.3907666,0.0,,True,,,,,,,,,,,,,,,,,,,,,,,,,,,,,,,,,,,
3,processing-controls,proc-easy-reuse,"Processing-only controls (one core, no sockets)",EASY retain-reuse,process,retain-reuse,cpp,,0,easy64k,easy,16,64,0,steady,4194304,8,10,5,,0.021563708832103005,0.038639846638035276,,,"{""cpp"": ""aeddcdfc46d1dd5157b06cd27570a6f2985aa0d6ec6110389e4aefb1364bb27c"", ""csharp"": ""652af22a6cf4781f89f8cf74b458d6744e22d07c70f7c94ea737c3d57b8a98ac""}",F:\SocketServerClient\results\final-campaign-20260929\0003-proc-easy-reuse-cpp,True,3250258.1368709477,507.6655959044676,10.09375,10.0863158,0.0,,True,,,,,,,,,,,,,,,,,,,,,,,,,,,,,,,,,,,
4,processing-controls,proc-easy-reuse,"Processing-only controls (one core, no sockets)",EASY retain-reuse,process,retain-reuse,csharp,,0,easy64k,easy,16,64,0,steady,4194304,8,10,5,,0.021593715273751504,0.03995684301103372,True,0,"{""cpp"": ""aeddcdfc46d1dd5157b06cd27570a6f2985aa0d6ec6110389e4aefb1364bb27c"", ""csharp"": ""652af22a6cf4781f89f8cf74b458d6744e22d07c70f7c94ea737c3d57b8a98ac""}",F:\SocketServerClient\results\final-campaign-20260929\0004-proc-easy-reuse-csharp,True,3331506.0978395366,520.3559093454949,10.8125,10.8243665,0.0,,True,,,,,,,,,,,,,,,,,,,,,,,,,,,,,,,,,,,
5,processing-controls,proc-hardmix-allocate,"Processing-only controls (one core, no sockets)","HARD mixed frames, retain-allocate",process,retain-allocate,csharp,,0,hardmix,hard,16,64,0,steady,4194304,64,10,5,,0.02706234114398043,0.03783907133927245,True,0,"{""cpp"": ""aeddcdfc46d1dd5157b06cd27570a6f2985aa0d6ec6110389e4aefb1364bb27c"", ""csharp"": ""652af22a6cf4781f89f8cf74b458d6744e22d07c70f7c94ea737c3d57b8a98ac""}",F:\SocketServerClient\results\final-campaign-20260929\0005-proc-hardmix-allocate-csharp,True,543084.6285948755,396.92454748823997,10.296875,10.3197176,829.4146168779263,,True,,,,,,,,,,,,,,,,,,,,,,,,,,,,,,,,,,,
6,processing-controls,proc-hardmix-allocate,"Processing-only controls (one core, no sockets)","HARD mixed frames, retain-allocate",process,retain-allocate,cpp,,0,hardmix,hard,16,64,0,steady,4194304,64,10,5,,0.0729552833927726,0.12631316753739041,,,"{""cpp"": ""aeddcdfc46d1dd5157b06cd27570a6f2985aa0d6ec6110389e4aefb1364bb27c"", ""csharp"": ""652af22a6cf4781f89f8cf74b458d6744e22d07c70f7c94ea737c3d57b8a98ac""}",F:\SocketServerClient\results\final-campaign-20260929\0006-proc-hardmix-allocate-cpp,True,725662.6296486467,530.3654269273737,11.515625,11.5848876,828.8016244147539,,True,,,,,,,,,,,,,,,,,,,,,,,,,,,,,,,,,,,
7,processing-controls,proc-hard64k-aggregate,"Processing-only controls (one core, no sockets)","HARD content, 64 KiB frames, aggregate",process,aggregate,cpp,,0,hard64k,hard,16,64,0,steady,4194304,8,10,5,,0.06774331544074608,0.1023296667519196,,,"{""cpp"": ""aeddcdfc46d1dd5157b06cd27570a6f2985aa0d6ec6110389e4aefb1364bb27c"", ""csharp"": ""652af22a6cf4781f89f8cf74b458d6744e22d07c70f7c94ea737c3d57b8a98ac""}",F:\SocketServerClient\results\final-campaign-20260929\0007-proc-hard64k-aggregate-cpp,True,1014806.6364051206,741.4401627116872,10.328125,10.358801,0.0,,True,,,,,,,,,,,,,,,,,,,,,,,,,,,,,,,,,,,
8,processing-controls,proc-hard64k-aggregate,"Processing-only controls (one core, no sockets)","HARD content, 64 KiB frames, aggregate",process,aggregate,csharp,,0,hard64k,hard,16,64,0,steady,4194304,8,10,5,,0.04985881845634867,0.08665687730691572,True,0,"{""cpp"": ""aeddcdfc46d1dd5157b06cd27570a6f2985aa0d6ec6110389e4aefb1364bb27c"", ""csharp"": ""652af22a6cf4781f89f8cf74b458d6744e22d07c70f7c94ea737c3d57b8a98ac""}",F:\SocketServerClient\results\final-campaign-20260929\0008-proc-hard64k-aggregate-csharp,True,684150.2526377772,499.8552989680034,10.21875,10.2435393,0.0,,True,,,,,,,,,,,,,,,,,,,,,,,,,,,,,,,,,,,
9,processing-controls,proc-hardmix-reuse,"Processing-only controls (one core, no sockets)","HARD mixed frames, retain-reuse",process,retain-reuse,cpp,,0,hardmix,hard,16,64,0,steady,4194304,64,10,5,,0.04919329133252712,0.0929919136945302,,,"{""cpp"": ""aeddcdfc46d1dd5157b06cd27570a6f2985aa0d6ec6110389e4aefb1364bb27c"", ""csharp"": ""652af22a6cf4781f89f8cf74b458d6744e22d07c70f7c94ea737c3d57b8a98ac""}",F:\SocketServerClient\results\final-campaign-20260929\0009-proc-hardmix-reuse-cpp,True,736954.3751314225,538.6182308737851,11.390625,11.4073819,0.0078003073731490995,,True,,,,,,,,,,,,,,,,,,,,,,,,,,,,,,,,,,,
10,processing-controls,proc-hardmix-reuse,"Processing-only controls (one core, no sockets)","HARD mixed frames, retain-reuse",process,retain-reuse,csharp,,0,hardmix,hard,16,64,0,steady,4194304,64,10,5,,0.04034935234417938,0.07377419885406536,True,0,"{""cpp"": ""aeddcdfc46d1dd5157b06cd27570a6f2985aa0d6ec6110389e4aefb1364bb27c"", ""csharp"": ""652af22a6cf4781f89f8cf74b458d6744e22d07c70f7c94ea737c3d57b8a98ac""}",F:\SocketServerClient\results\final-campaign-20260929\0010-proc-hardmix-reuse-csharp,True,539187.0719324492,394.0759382051049,10.390625,10.3943145,0.07034943473792395,,True,,,,,,,,,,,,,,,,,,,,,,,,,,,,,,,,,,,
11,processing-controls,proc-hardmix-aggregate,"Processing-only controls (one core, no sockets)","HARD mixed frames, aggregate",process,aggregate,csharp,,0,hardmix,hard,16,64,0,steady,4194304,8,10,5,,0.03704123790372538,0.04567804879229068,True,0,"{""cpp"": ""aeddcdfc46d1dd5157b06cd27570a6f2985aa0d6ec6110389e4aefb1364bb27c"", ""csharp"": ""652af22a6cf4781f89f8cf74b458d6744e22d07c70f7c94ea737c3d57b8a98ac""}",F:\SocketServerClient\results\final-campaign-20260929\0011-proc-hardmix-aggregate-csharp,True,694026.2013713813,507.24329399095245,10.0625,10.0941434,0.0,,True,,,,,,,,,,,,,,,,,,,,,,,,,,,,,,,,,,,
12,processing-controls,proc-hardmix-aggregate,"Processing-only controls (one core, no sockets)","HARD mixed frames, aggregate",process,aggregate,cpp,,0,hardmix,hard,16,64,0,steady,4194304,8,10,5,,0.043571153220037594,0.07360632978708642,,,"{""cpp"": ""aeddcdfc46d1dd5157b06cd27570a6f2985aa0d6ec6110389e4aefb1364bb27c"", ""csharp"": ""652af22a6cf4781f89f8cf74b458d6744e22d07c70f7c94ea737c3d57b8a98ac""}",F:\SocketServerClient\results\final-campaign-20260929\0012-proc-hardmix-aggregate-cpp,True,1019033.0580903918,744.7812259105849,10.96875,10.9996039,0.0,,True,,,,,,,,,,,,,,,,,,,,,,,,,,,,,,,,,,,
13,processing-controls,proc-hardmix-allocate,"Processing-only controls (one core, no sockets)","HARD mixed frames, retain-allocate",process,retain-allocate,cpp,,1,hardmix,hard,16,64,0,steady,4194304,64,10,5,,0.050817800703153,0.08156413822300003,,,"{""cpp"": ""aeddcdfc46d1dd5157b06cd27570a6f2985aa0d6ec6110389e4aefb1364bb27c"", ""csharp"": ""652af22a6cf4781f89f8cf74b458d6744e22d07c70f7c94ea737c3d57b8a98ac""}",F:\SocketServerClient\results\final-campaign-20260929\0013-proc-hardmix-allocate-cpp,True,727968.3732365425,532.0506269534127,11.53125,11.548194,828.8016244147539,,True,,,,,,,,,,,,,,,,,,,,,,,,,,,,,,,,,,,
14,processing-controls,proc-hardmix-allocate,"Processing-only controls (one core, no sockets)","HARD mixed frames, retain-allocate",process,retain-allocate,csharp,,1,hardmix,hard,16,64,0,steady,4194304,64,10,5,,0.04560528227318656,0.0740491513498656,True,0,"{""cpp"": ""aeddcdfc46d1dd5157b06cd27570a6f2985aa0d6ec6110389e4aefb1364bb27c"", ""csharp"": ""652af22a6cf4781f89f8cf74b458d6744e22d07c70f7c94ea737c3d57b8a98ac""}",F:\SocketServerClient\results\final-campaign-20260929\0014-proc-hardmix-allocate-csharp,True,531915.7720304031,388.76155943003573,10.5625,10.536405,829.4146168779263,,True,,,,,,,,,,,,,,,,,,,,,,,,,,,,,,,,,,,
15,processing-controls,proc-easy-reuse,"Processing-only controls (one core, no sockets)",EASY retain-reuse,process,retain-reuse,cpp,,1,easy64k,easy,16,64,0,steady,4194304,8,10,5,,0.04369151421031429,0.08577551494224239,,,"{""cpp"": ""aeddcdfc46d1dd5157b06cd27570a6f2985aa0d6ec6110389e4aefb1364bb27c"", ""csharp"": ""652af22a6cf4781f89f8cf74b458d6744e22d07c70f7c94ea737c3d57b8a98ac""}",F:\SocketServerClient\results\final-campaign-20260929\0015-proc-easy-reuse-cpp,True,3220802.7645407203,503.0648908167761,10.15625,10.1785587,0.0,,True,,,,,,,,,,,,,,,,,,,,,,,,,,,,,,,,,,,
16,processing-controls,proc-easy-reuse,"Processing-only controls (one core, no sockets)",EASY retain-reuse,process,retain-reuse,csharp,,1,easy64k,easy,16,64,0,steady,4194304,8,10,5,,0.04295902611139103,0.09219780281050731,True,0,"{""cpp"": ""aeddcdfc46d1dd5157b06cd27570a6f2985aa0d6ec6110389e4aefb1364bb27c"", ""csharp"": ""652af22a6cf4781f89f8cf74b458d6744e22d07c70f7c94ea737c3d57b8a98ac""}",F:\SocketServerClient\results\final-campaign-20260929\0016-proc-easy-reuse-csharp,True,3259808.9552502385,509.15736108117625,10.046875,10.0567642,0.0,,True,,,,,,,,,,,,,,,,,,,,,,,,,,,,,,,,,,,
17,processing-controls,proc-hardmix-aggregate,"Processing-only controls (one core, no sockets)","HARD mixed frames, aggregate",process,aggregate,cpp,,1,hardmix,hard,16,64,0,steady,4194304,8,10,5,,0.05299303665604999,0.071910837989723,,,"{""cpp"": ""aeddcdfc46d1dd5157b06cd27570a6f2985aa0d6ec6110389e4aefb1364bb27c"", ""csharp"": ""652af22a6cf4781f89f8cf74b458d6744e22d07c70f7c94ea737c3d57b8a98ac""}",F:\SocketServerClient\results\final-campaign-20260929\0017-proc-hardmix-aggregate-cpp,True,1011092.3787591364,738.9776174408286,11.015625,11.08599,0.0,,True,,,,,,,,,,,,,,,,,,,,,,,,,,,,,,,,,,,
18,processing-controls,proc-hardmix-aggregate,"Processing-only controls (one core, no sockets)","HARD mixed frames, aggregate",process,aggregate,csharp,,1,hardmix,hard,16,64,0,steady,4194304,8,10,5,,0.04990044162833547,0.06995112533196052,True,0,"{""cpp"": ""aeddcdfc46d1dd5157b06cd27570a6f2985aa0d6ec6110389e4aefb1364bb27c"", ""csharp"": ""652af22a6cf4781f89f8cf74b458d6744e22d07c70f7c94ea737c3d57b8a98ac""}",F:\SocketServerClient\results\final-campaign-20260929\0018-proc-hardmix-aggregate-csharp,True,679779.8373434419,496.8310464379824,10.265625,10.3056896,0.0,,True,,,,,,,,,,,,,,,,,,,,,,,,,,,,,,,,,,,
19,processing-controls,proc-hard64k-aggregate,"Processing-only controls (one core, no sockets)","HARD content, 64 KiB frames, aggregate",process,aggregate,csharp,,1,hard64k,hard,16,64,0,steady,4194304,8,10,5,,0.04555109350357713,0.08092459367496917,True,0,"{""cpp"": ""aeddcdfc46d1dd5157b06cd27570a6f2985aa0d6ec6110389e4aefb1364bb27c"", ""csharp"": ""652af22a6cf4781f89f8cf74b458d6744e22d07c70f7c94ea737c3d57b8a98ac""}",F:\SocketServerClient\results\final-campaign-20260929\0019-proc-hard64k-aggregate-csharp,True,684259.8834292248,499.9353976478239,10.203125,10.2418981,0.0,,True,,,,,,,,,,,,,,,,,,,,,,,,,,,,,,,,,,,
20,processing-controls,proc-hard64k-aggregate,"Processing-only controls (one core, no sockets)","HARD content, 64 KiB frames, aggregate",process,aggregate,cpp,,1,hard64k,hard,16,64,0,steady,4194304,8,10,5,,0.03663906215674956,0.06633294251976467,,,"{""cpp"": ""aeddcdfc46d1dd5157b06cd27570a6f2985aa0d6ec6110389e4aefb1364bb27c"", ""csharp"": ""652af22a6cf4781f89f8cf74b458d6744e22d07c70f7c94ea737c3d57b8a98ac""}",F:\SocketServerClient\results\final-campaign-20260929\0020-proc-hard64k-aggregate-cpp,True,1020576.5960978642,745.6558228187027,10.25,10.3002362,0.0,,True,,,,,,,,,,,,,,,,,,,,,,,,,,,,,,,,,,,
21,processing-controls,proc-easy-aggregate,"Processing-only controls (one core, no sockets)",EASY aggregate,process,aggregate,csharp,,1,easy64k,easy,16,64,0,steady,4194304,8,10,5,,0.044463000471335376,0.08058456206340818,True,0,"{""cpp"": ""aeddcdfc46d1dd5157b06cd27570a6f2985aa0d6ec6110389e4aefb1364bb27c"", ""csharp"": ""652af22a6cf4781f89f8cf74b458d6744e22d07c70f7c94ea737c3d57b8a98ac""}",F:\SocketServerClient\results\final-campaign-20260929\0021-proc-easy-aggregate-csharp,True,4316463.755403376,674.1988027746296,10.640625,10.6328663,0.0,,True,,,,,,,,,,,,,,,,,,,,,,,,,,,,,,,,,,,
22,processing-controls,proc-easy-aggregate,"Processing-only controls (one core, no sockets)",EASY aggregate,process,aggregate,cpp,,1,easy64k,easy,16,64,0,steady,4194304,8,10,5,,0.04640983714025958,0.0732719281776288,,,"{""cpp"": ""aeddcdfc46d1dd5157b06cd27570a6f2985aa0d6ec6110389e4aefb1364bb27c"", ""csharp"": ""652af22a6cf4781f89f8cf74b458d6744e22d07c70f7c94ea737c3d57b8a98ac""}",F:\SocketServerClient\results\final-campaign-20260929\0022-proc-easy-aggregate-cpp,True,4061650.238443586,634.3988698202455,10.421875,10.4927964,0.0,,True,,,,,,,,,,,,,,,,,,,,,,,,,,,,,,,,,,,
23,processing-controls,proc-hardmix-reuse,"Processing-only controls (one core, no sockets)","HARD mixed frames, retain-reuse",process,retain-reuse,csharp,,1,hardmix,hard,16,64,0,steady,4194304,64,10,5,,0.035257025337258066,0.058155430340705826,True,0,"{""cpp"": ""aeddcdfc46d1dd5157b06cd27570a6f2985aa0d6ec6110389e4aefb1364bb27c"", ""csharp"": ""652af22a6cf4781f89f8cf74b458d6744e22d07c70f7c94ea737c3d57b8a98ac""}",F:\SocketServerClient\results\final-campaign-20260929\0023-proc-hardmix-reuse-csharp,True,547362.473552395,400.0510982771685,10.171875,10.2390651,0.07034943473792395,,True,,,,,,,,,,,,,,,,,,,,,,,,,,,,,,,,,,,
24,processing-controls,proc-hardmix-reuse,"Processing-only controls (one core, no sockets)","HARD mixed frames, retain-reuse",process,retain-reuse,cpp,,1,hardmix,hard,16,64,0,steady,4194304,64,10,5,,0.05069188800594591,0.08350466515058906,,,"{""cpp"": ""aeddcdfc46d1dd5157b06cd27570a6f2985aa0d6ec6110389e4aefb1364bb27c"", ""csharp"": ""652af22a6cf4781f89f8cf74b458d6744e22d07c70f7c94ea737c3d57b8a98ac""}",F:\SocketServerClient\results\final-campaign-20260929\0024-proc-hardmix-reuse-cpp,True,727950.975324004,532.037911331946,11.46875,11.54847,0.0078003073731490995,,True,,,,,,,,,,,,,,,,,,,,,,,,,,,,,,,,,,,
25,processing-controls,proc-hard64k-aggregate,"Processing-only controls (one core, no sockets)","HARD content, 64 KiB frames, aggregate",process,aggregate,cpp,,2,hard64k,hard,16,64,0,steady,4194304,8,10,5,,0.05228282317380529,0.08208158956826071,,,"{""cpp"": ""aeddcdfc46d1dd5157b06cd27570a6f2985aa0d6ec6110389e4aefb1364bb27c"", ""csharp"": ""652af22a6cf4781f89f8cf74b458d6744e22d07c70f7c94ea737c3d57b8a98ac""}",F:\SocketServerClient\results\final-campaign-20260929\0025-proc-hard64k-aggregate-cpp,True,1011762.9870289239,739.2164051920097,10.375,10.389963,0.0,,True,,,,,,,,,,,,,,,,,,,,,,,,,,,,,,,,,,,
26,processing-controls,proc-hard64k-aggregate,"Processing-only controls (one core, no sockets)","HARD content, 64 KiB frames, aggregate",process,aggregate,csharp,,2,hard64k,hard,16,64,0,steady,4194304,8,10,5,,0.06160796926847871,0.08271426026323657,True,0,"{""cpp"": ""aeddcdfc46d1dd5157b06cd27570a6f2985aa0d6ec6110389e4aefb1364bb27c"", ""csharp"": ""652af22a6cf4781f89f8cf74b458d6744e22d07c70f7c94ea737c3d57b8a98ac""}",F:\SocketServerClient\results\final-campaign-20260929\0026-proc-hard64k-aggregate-csharp,True,681523.5279278221,497.93615582636306,10.28125,10.2830199,0.0,,True,,,,,,,,,,,,,,,,,,,,,,,,,,,,,,,,,,,
27,processing-controls,proc-hardmix-reuse,"Processing-only controls (one core, no sockets)","HARD mixed frames, retain-reuse",process,retain-reuse,cpp,,2,hardmix,hard,16,64,0,steady,4194304,64,10,5,,0.039160791745705706,0.083412600117786,,,"{""cpp"": ""aeddcdfc46d1dd5157b06cd27570a6f2985aa0d6ec6110389e4aefb1364bb27c"", ""csharp"": ""652af22a6cf4781f89f8cf74b458d6744e22d07c70f7c94ea737c3d57b8a98ac""}",F:\SocketServerClient\results\final-campaign-20260929\0027-proc-hardmix-reuse-cpp,True,739671.3296870409,540.6039728755891,11.328125,11.3654804,0.0078003073731490995,,True,,,,,,,,,,,,,,,,,,,,,,,,,,,,,,,,,,,
28,processing-controls,proc-hardmix-reuse,"Processing-only controls (one core, no sockets)","HARD mixed frames, retain-reuse",process,retain-reuse,csharp,,2,hardmix,hard,16,64,0,steady,4194304,64,10,5,,0.03007814906495647,0.0571052996329494,True,0,"{""cpp"": ""aeddcdfc46d1dd5157b06cd27570a6f2985aa0d6ec6110389e4aefb1364bb27c"", ""csharp"": ""652af22a6cf4781f89f8cf74b458d6744e22d07c70f7c94ea737c3d57b8a98ac""}",F:\SocketServerClient\results\final-campaign-20260929\0028-proc-hardmix-reuse-csharp,True,553735.2612353849,404.70878095519606,10.078125,10.1212265,0.07034943473792395,,True,,,,,,,,,,,,,,,,,,,,,,,,,,,,,,,,,,,
29,processing-controls,proc-easy-aggregate,"Processing-only controls (one core, no sockets)",EASY aggregate,process,aggregate,csharp,,2,easy64k,easy,16,64,0,steady,4194304,8,10,5,,0.03407305554675729,0.0644716265317351,True,0,"{""cpp"": ""aeddcdfc46d1dd5157b06cd27570a6f2985aa0d6ec6110389e4aefb1364bb27c"", ""csharp"": ""652af22a6cf4781f89f8cf74b458d6744e22d07c70f7c94ea737c3d57b8a98ac""}",F:\SocketServerClient\results\final-campaign-20260929\0029-proc-easy-aggregate-csharp,True,4307675.023651845,672.8260697318993,10.59375,10.65456,0.0,,True,,,,,,,,,,,,,,,,,,,,,,,,,,,,,,,,,,,
30,processing-controls,proc-easy-aggregate,"Processing-only controls (one core, no sockets)",EASY aggregate,process,aggregate,cpp,,2,easy64k,easy,16,64,0,steady,4194304,8,10,5,,0.037515680210264815,0.06334860695510809,,,"{""cpp"": ""aeddcdfc46d1dd5157b06cd27570a6f2985aa0d6ec6110389e4aefb1364bb27c"", ""csharp"": ""652af22a6cf4781f89f8cf74b458d6744e22d07c70f7c94ea737c3d57b8a98ac""}",F:\SocketServerClient\results\final-campaign-20260929\0030-proc-easy-aggregate-cpp,True,4379600.529479144,684.0602865968092,10.484375,10.4795818,0.0,,True,,,,,,,,,,,,,,,,,,,,,,,,,,,,,,,,,,,
31,processing-controls,proc-easy-reuse,"Processing-only controls (one core, no sockets)",EASY retain-reuse,process,retain-reuse,csharp,,2,easy64k,easy,16,64,0,steady,4194304,8,10,5,,0.04732226134846003,0.07557263631447318,True,0,"{""cpp"": ""aeddcdfc46d1dd5157b06cd27570a6f2985aa0d6ec6110389e4aefb1364bb27c"", ""csharp"": ""652af22a6cf4781f89f8cf74b458d6744e22d07c70f7c94ea737c3d57b8a98ac""}",F:\SocketServerClient\results\final-campaign-20260929\0031-proc-easy-reuse-csharp,True,3308084.7098159357,516.6976667053094,10.859375,10.9010035,0.0,,True,,,,,,,,,,,,,,,,,,,,,,,,,,,,,,,,,,,
32,processing-controls,proc-easy-reuse,"Processing-only controls (one core, no sockets)",EASY retain-reuse,process,retain-reuse,cpp,,2,easy64k,easy,16,64,0,steady,4194304,8,10,5,,0.026260959945879903,0.043913414830932446,,,"{""cpp"": ""aeddcdfc46d1dd5157b06cd27570a6f2985aa0d6ec6110389e4aefb1364bb27c"", ""csharp"": ""652af22a6cf4781f89f8cf74b458d6744e22d07c70f7c94ea737c3d57b8a98ac""}",F:\SocketServerClient\results\final-campaign-20260929\0032-proc-easy-reuse-cpp,True,3248194.4096737965,507.3432574152747,10.078125,10.0927241,0.0,,True,,,,,,,,,,,,,,,,,,,,,,,,,,,,,,,,,,,
33,processing-controls,proc-hardmix-allocate,"Processing-only controls (one core, no sockets)","HARD mixed frames, retain-allocate",process,retain-allocate,csharp,,2,hardmix,hard,16,64,0,steady,4194304,64,10,5,,0.04002794125760373,0.06916012957288002,True,0,"{""cpp"": ""aeddcdfc46d1dd5157b06cd27570a6f2985aa0d6ec6110389e4aefb1364bb27c"", ""csharp"": ""652af22a6cf4781f89f8cf74b458d6744e22d07c70f7c94ea737c3d57b8a98ac""}",F:\SocketServerClient\results\final-campaign-20260929\0033-proc-hardmix-allocate-csharp,True,535757.0010555249,391.56900050333576,10.390625,10.4608619,829.4146168779263,,True,,,,,,,,,,,,,,,,,,,,,,,,,,,,,,,,,,,
34,processing-controls,proc-hardmix-allocate,"Processing-only controls (one core, no sockets)","HARD mixed frames, retain-allocate",process,retain-allocate,cpp,,2,hardmix,hard,16,64,0,steady,4194304,64,10,5,,0.028224899407185595,0.06528313258232357,,,"{""cpp"": ""aeddcdfc46d1dd5157b06cd27570a6f2985aa0d6ec6110389e4aefb1364bb27c"", ""csharp"": ""652af22a6cf4781f89f8cf74b458d6744e22d07c70f7c94ea737c3d57b8a98ac""}",F:\SocketServerClient\results\final-campaign-20260929\0034-proc-hardmix-allocate-cpp,True,738159.4365271982,539.4989747284793,11.375,11.3887591,828.8016244147539,,True,,,,,,,,,,,,,,,,,,,,,,,,,,,,,,,,,,,
35,processing-controls,proc-hardmix-aggregate,"Processing-only controls (one core, no sockets)","HARD mixed frames, aggregate",process,aggregate,cpp,,2,hardmix,hard,16,64,0,steady,4194304,8,10,5,,0.022118988276537452,0.043788619136858054,,,"{""cpp"": ""aeddcdfc46d1dd5157b06cd27570a6f2985aa0d6ec6110389e4aefb1364bb27c"", ""csharp"": ""652af22a6cf4781f89f8cf74b458d6744e22d07c70f7c94ea737c3d57b8a98ac""}",F:\SocketServerClient\results\final-campaign-20260929\0035-proc-hardmix-aggregate-cpp,True,1021809.9917621346,746.8108048804652,10.921875,10.9697107,0.0,,True,,,,,,,,,,,,,,,,,,,,,,,,,,,,,,,,,,,
36,processing-controls,proc-hardmix-aggregate,"Processing-only controls (one core, no sockets)","HARD mixed frames, aggregate",process,aggregate,csharp,,2,hardmix,hard,16,64,0,steady,4194304,8,10,5,,0.02447247124286813,0.045929019743702254,True,0,"{""cpp"": ""aeddcdfc46d1dd5157b06cd27570a6f2985aa0d6ec6110389e4aefb1364bb27c"", ""csharp"": ""652af22a6cf4781f89f8cf74b458d6744e22d07c70f7c94ea737c3d57b8a98ac""}",F:\SocketServerClient\results\final-campaign-20260929\0036-proc-hardmix-aggregate-csharp,True,693974.535584318,507.2055329900495,10.046875,10.0948949,0.0,,True,,,,,,,,,,,,,,,,,,,,,,,,,,,,,,,,,,,
37,easy-saturation,easy-aggregate-sat,EASY — closed-loop saturation (16 connections × 4 outstanding),EASY aggregate,tcp,aggregate,cpp,cpp,0,easy64k,easy,16,64,0,steady,4194304,8,30,15,,0.02597238307818675,0.04632437492297842,,,"{""cpp"": ""aeddcdfc46d1dd5157b06cd27570a6f2985aa0d6ec6110389e4aefb1364bb27c"", ""csharp"": ""652af22a6cf4781f89f8cf74b458d6744e22d07c70f7c94ea737c3d57b8a98ac""}",F:\SocketServerClient\results\final-campaign-20260929\0037-easy-aggregate-sat-cpp,True,14940352.466666667,2333.568869495392,,,0.0,,True,closed-loop,1121577,1121577,0,1121577,0,0,0,1.687551,1.933311,2.187263,5.4991,1.933311,1121577,0.0,1120513,6,,,,0.7955571845319899,,3.9700997571303405,106.60213253303162,266.7399845692048,0.0,,,,,15.5078125,0.0,322.559,89.343,1088
38,easy-saturation,easy-aggregate-sat,EASY — closed-loop saturation (16 connections × 4 outstanding),EASY aggregate,tcp,aggregate,csharp,cpp,0,easy64k,easy,16,64,0,steady,4194304,8,30,15,,0.06696805141670048,0.11625889027246095,True,0,"{""cpp"": ""aeddcdfc46d1dd5157b06cd27570a6f2985aa0d6ec6110389e4aefb1364bb27c"", ""csharp"": ""652af22a6cf4781f89f8cf74b458d6744e22d07c70f7c94ea737c3d57b8a98ac""}",F:\SocketServerClient\results\final-campaign-20260929\0038-easy-aggregate-sat-csharp,True,13335252.233333332,2082.8615787823996,,,0.06101475991259497,,True,closed-loop,1001087,1001087,0,1001087,0,0,0,1.728511,3.776511,6.995967,101.2807,3.776511,1001087,0.0,999738,5940,,,,0.740984704362097,,3.7402242754019244,112.48710152064706,281.4649434554511,,0,0,0,0,75.515625,0.0,324.607,89.855,968
39,easy-saturation,easy-reuse-sat,EASY — closed-loop saturation (16 connections × 4 outstanding),EASY retain-reuse,tcp,retain-reuse,cpp,cpp,0,easy64k,easy,16,64,0,steady,4194304,8,30,15,,0.05498892982127873,0.06650591913402655,,,"{""cpp"": ""aeddcdfc46d1dd5157b06cd27570a6f2985aa0d6ec6110389e4aefb1364bb27c"", ""csharp"": ""652af22a6cf4781f89f8cf74b458d6744e22d07c70f7c94ea737c3d57b8a98ac""}",F:\SocketServerClient\results\final-campaign-20260929\0039-easy-reuse-sat-cpp,True,11292432.866666667,1763.779025967916,,,0.0,,True,closed-loop,847736,847736,0,847736,0,0,0,2.236415,2.555903,2.965503,9.6785,2.555903,847736,0.0,847665,24,,,,0.6138687759332271,,3.9767534262611917,141.2954622665547,353.5471611554273,0.0,,,,,21.3671875,0.3515625,423.935,122.367,816
40,easy-saturation,easy-reuse-sat,EASY — closed-loop saturation (16 connections × 4 outstanding),EASY retain-reuse,tcp,retain-reuse,csharp,cpp,0,easy64k,easy,16,64,0,steady,4194304,8,30,15,,0.05275273885225533,0.0888687659476204,True,0,"{""cpp"": ""aeddcdfc46d1dd5157b06cd27570a6f2985aa0d6ec6110389e4aefb1364bb27c"", ""csharp"": ""652af22a6cf4781f89f8cf74b458d6744e22d07c70f7c94ea737c3d57b8a98ac""}",F:\SocketServerClient\results\final-campaign-20260929\0040-easy-reuse-sat-csharp,True,11015867.933333334,1720.5973077138265,,,0.06115059012633772,,True,closed-loop,826983,826983,0,826983,0,0,0,2.138111,4.292607,6.143999,19.3102,4.292607,826983,0.0,826915,6144,,,,0.5921224685671506,,3.7962807737567585,138.28503729822742,346.0176117391407,,0,0,0,0,84.234375,0.3515625,404.479,118.015,800
41,easy-saturation,easy-reuse-sat,EASY — closed-loop saturation (16 connections × 4 outstanding),EASY retain-reuse,tcp,retain-reuse,cpp,cpp,1,easy64k,easy,16,64,0,steady,4194304,8,30,15,,0.07051210516502507,0.12761524379468772,,,"{""cpp"": ""aeddcdfc46d1dd5157b06cd27570a6f2985aa0d6ec6110389e4aefb1364bb27c"", ""csharp"": ""652af22a6cf4781f89f8cf74b458d6744e22d07c70f7c94ea737c3d57b8a98ac""}",F:\SocketServerClient\results\final-campaign-20260929\0041-easy-reuse-sat-cpp,True,10966398.966666667,1712.8800585428874,,,0.0,,True,closed-loop,823274,823274,0,823274,0,0,0,2.277375,3.047423,5.390335,32.6084,3.047423,823274,0.0,823171,1052,,,,0.6003488284538989,,3.9417543839031364,144.2221848376118,360.8755613303244,0.0,,,,,21.4296875,0.3515625,427.007,122.111,800
42,easy-saturation,easy-reuse-sat,EASY — closed-loop saturation (16 connections × 4 outstanding),EASY retain-reuse,tcp,retain-reuse,csharp,cpp,1,easy64k,easy,16,64,0,steady,4194304,8,30,15,,0.04096520557289281,0.07551668758893719,True,0,"{""cpp"": ""aeddcdfc46d1dd5157b06cd27570a6f2985aa0d6ec6110389e4aefb1364bb27c"", ""csharp"": ""652af22a6cf4781f89f8cf74b458d6744e22d07c70f7c94ea737c3d57b8a98ac""}",F:\SocketServerClient\results\final-campaign-20260929\0042-easy-reuse-sat-csharp,True,11112257.166666666,1735.6475137710572,,,0.06113565244722911,,True,closed-loop,834216,834216,0,834216,0,0,0,2.138111,5.341183,7.077887,36.5903,5.341183,834216,0.0,834167,8734,,,,0.584008082648628,,3.832350031300029,138.3784295674022,346.2502251657528,,0,0,0,0,84.09765625,0.3515625,406.527,117.759,804
43,easy-saturation,easy-aggregate-sat,EASY — closed-loop saturation (16 connections × 4 outstanding),EASY aggregate,tcp,aggregate,cpp,cpp,1,easy64k,easy,16,64,0,steady,4194304,8,30,15,,0.06249386854023959,0.11617224714008355,,,"{""cpp"": ""aeddcdfc46d1dd5157b06cd27570a6f2985aa0d6ec6110389e4aefb1364bb27c"", ""csharp"": ""652af22a6cf4781f89f8cf74b458d6744e22d07c70f7c94ea737c3d57b8a98ac""}",F:\SocketServerClient\results\final-campaign-20260929\0043-easy-aggregate-sat-cpp,True,14413221.9,2251.236466503143,,,0.0,,True,closed-loop,1082008,1082008,0,1082008,0,0,0,1.724415,2.236415,4.210687,28.3116,2.236415,1082008,0.0,1079331,801,,,,0.7649029356236295,,3.942860300940016,109.7496506495331,274.6158095916885,0.0,,,,,15.421875,0.0,324.607,89.343,1051
44,easy-saturation,easy-aggregate-sat,EASY — closed-loop saturation (16 connections × 4 outstanding),EASY aggregate,tcp,aggregate,csharp,cpp,1,easy64k,easy,16,64,0,steady,4194304,8,30,15,,0.041393333177231435,0.07564672078121744,True,0,"{""cpp"": ""aeddcdfc46d1dd5157b06cd27570a6f2985aa0d6ec6110389e4aefb1364bb27c"", ""csharp"": ""652af22a6cf4781f89f8cf74b458d6744e22d07c70f7c94ea737c3d57b8a98ac""}",F:\SocketServerClient\results\final-campaign-20260929\0044-easy-aggregate-sat-csharp,True,13967471.433333334,2181.6129607836406,,,0.0609391399270676,,True,closed-loop,1048547,1048547,0,1048547,0,0,0,1.683455,3.850239,5.816319,28.6313,3.850239,1048547,0.0,1047716,7660,,,,0.7364077285806407,,3.8305803158436946,110.00341424847909,275.2507670957737,,0,0,0,0,80.18359375,0.0,321.535,89.599,1016
45,easy-saturation,easy-reuse-sat,EASY — closed-loop saturation (16 connections × 4 outstanding),EASY retain-reuse,tcp,retain-reuse,csharp,cpp,2,easy64k,easy,16,64,0,steady,4194304,8,30,15,,0.05639300550483172,0.0877646814501879,True,0,"{""cpp"": ""aeddcdfc46d1dd5157b06cd27570a6f2985aa0d6ec6110389e4aefb1364bb27c"", ""csharp"": ""652af22a6cf4781f89f8cf74b458d6744e22d07c70f7c94ea737c3d57b8a98ac""}",F:\SocketServerClient\results\final-campaign-20260929\0045-easy-reuse-sat-csharp,True,10848478.3,1694.4551265716552,,,0.06118187172708133,,True,closed-loop,814419,814419,0,814419,0,0,0,2.146303,4.456447,7.634943,48.843,4.456447,814419,0.0,814335,6961,,,,0.5772313928189855,,3.756524007128871,138.90270241730607,347.5636613809021,,0,0,0,0,81.59765625,0.3515625,405.503,118.015,784
46,easy-saturation,easy-reuse-sat,EASY — closed-loop saturation (16 connections × 4 outstanding),EASY retain-reuse,tcp,retain-reuse,cpp,cpp,2,easy64k,easy,16,64,0,steady,4194304,8,30,15,,0.049829550715288384,0.09246428080379085,,,"{""cpp"": ""aeddcdfc46d1dd5157b06cd27570a6f2985aa0d6ec6110389e4aefb1364bb27c"", ""csharp"": ""652af22a6cf4781f89f8cf74b458d6744e22d07c70f7c94ea737c3d57b8a98ac""}",F:\SocketServerClient\results\final-campaign-20260929\0046-easy-reuse-sat-cpp,True,11217697.166666666,1752.1352219581604,,,0.0,,True,closed-loop,842140,842140,0,842140,0,0,0,2.244607,2.613247,3.620863,31.2448,2.613247,842140,0.0,842051,349,,,,0.5988976695650715,,3.96478689821404,141.78907307573562,354.78817575962506,0.0,,,,,21.40625,0.3515625,425.983,122.367,816
47,easy-saturation,easy-aggregate-sat,EASY — closed-loop saturation (16 connections × 4 outstanding),EASY aggregate,tcp,aggregate,cpp,cpp,2,easy64k,easy,16,64,0,steady,4194304,8,30,15,,0.04612643157507507,0.08080082022667691,,,"{""cpp"": ""aeddcdfc46d1dd5157b06cd27570a6f2985aa0d6ec6110389e4aefb1364bb27c"", ""csharp"": ""652af22a6cf4781f89f8cf74b458d6744e22d07c70f7c94ea737c3d57b8a98ac""}",F:\SocketServerClient\results\final-campaign-20260929\0047-easy-aggregate-sat-cpp,True,14590836.4,2278.9830581665037,,,0.0,,True,closed-loop,1095343,1095343,0,1095343,0,0,0,1.703935,2.146303,4.718591,39.0329,2.146303,1095343,0.0,1092477,969,,,,0.7550085085550715,,3.9463319342385312,108.51338347896504,271.5230219403863,0.0,,,,,15.43359375,0.0,324.607,89.599,1057
48,easy-saturation,easy-aggregate-sat,EASY — closed-loop saturation (16 connections × 4 outstanding),EASY aggregate,tcp,aggregate,csharp,cpp,2,easy64k,easy,16,64,0,steady,4194304,8,30,15,,0.04432839719163869,0.07170687169146636,True,0,"{""cpp"": ""aeddcdfc46d1dd5157b06cd27570a6f2985aa0d6ec6110389e4aefb1364bb27c"", ""csharp"": ""652af22a6cf4781f89f8cf74b458d6744e22d07c70f7c94ea737c3d57b8a98ac""}",F:\SocketServerClient\results\final-campaign-20260929\0048-easy-aggregate-sat-csharp,True,14408010.8,2250.4249215126038,,,0.06092107123184894,,True,closed-loop,1081618,1081618,0,1081618,0,0,0,1.675263,3.678207,5.537791,44.0962,3.678207,1081618,0.0,1080481,4305,,,,0.7369036158741554,,3.9079192049427616,108.82134450425197,272.29331449196906,,0,0,0,0,81.20703125,0.0,320.511,89.599,1048
49,easy-saturation,easy-reuse-sat,EASY — closed-loop saturation (16 connections × 4 outstanding),EASY retain-reuse,tcp,retain-reuse,cpp,cpp,3,easy64k,easy,16,64,0,steady,4194304,8,30,15,,0.05801518244774226,0.08183839476550646,,,"{""cpp"": ""aeddcdfc46d1dd5157b06cd27570a6f2985aa0d6ec6110389e4aefb1364bb27c"", ""csharp"": ""652af22a6cf4781f89f8cf74b458d6744e22d07c70f7c94ea737c3d57b8a98ac""}",F:\SocketServerClient\results\final-campaign-20260929\0049-easy-reuse-sat-cpp,True,11223702.733333332,1753.0486184120177,,,0.0,,True,closed-loop,842578,842578,0,842578,0,0,0,2.252799,2.564095,3.219455,14.9557,2.564095,842578,0.0,842521,275,,,,0.5951848067569324,,3.9637153390943545,141.69682213397454,354.552341969886,0.0,,,,,21.41796875,0.3515625,424.959,121.855,816
50,easy-saturation,easy-reuse-sat,EASY — closed-loop saturation (16 connections × 4 outstanding),EASY retain-reuse,tcp,retain-reuse,csharp,cpp,3,easy64k,easy,16,64,0,steady,4194304,8,30,15,,0.06443248764372894,0.09794384068154105,True,0,"{""cpp"": ""aeddcdfc46d1dd5157b06cd27570a6f2985aa0d6ec6110389e4aefb1364bb27c"", ""csharp"": ""652af22a6cf4781f89f8cf74b458d6744e22d07c70f7c94ea737c3d57b8a98ac""}",F:\SocketServerClient\results\final-campaign-20260929\0050-easy-reuse-sat-csharp,True,10947481.933333334,1709.9129812876383,,,0.06116682886789026,,True,closed-loop,821848,821848,0,821848,0,0,0,2.162687,4.177919,5.996543,39.0663,4.177919,821848,0.0,821768,3480,,,,0.5753780982096766,,3.8127525536167,139.73843095073542,349.65362313082306,,0,0,0,0,83.7734375,0.3515625,408.575,118.271,798
51,easy-saturation,easy-aggregate-sat,EASY — closed-loop saturation (16 connections × 4 outstanding),EASY aggregate,tcp,aggregate,cpp,cpp,3,easy64k,easy,16,64,0,steady,4194304,8,30,15,,0.05979557539246817,0.09463345576254996,,,"{""cpp"": ""aeddcdfc46d1dd5157b06cd27570a6f2985aa0d6ec6110389e4aefb1364bb27c"", ""csharp"": ""652af22a6cf4781f89f8cf74b458d6744e22d07c70f7c94ea737c3d57b8a98ac""}",F:\SocketServerClient\results\final-campaign-20260929\0051-easy-aggregate-sat-cpp,True,14614173.7,2282.6138496716817,,,0.0,,True,closed-loop,1097088,1097088,0,1097088,0,0,0,1.712127,2.031615,2.555903,32.5008,2.031615,1097088,0.0,1095705,301,,,,0.7510984797452979,,3.965888053307751,108.86774807490374,272.4080296437959,0.0,,,,,15.4296875,0.0,324.607,89.343,1056
52,easy-saturation,easy-aggregate-sat,EASY — closed-loop saturation (16 connections × 4 outstanding),EASY aggregate,tcp,aggregate,csharp,cpp,3,easy64k,easy,16,64,0,steady,4194304,8,30,15,,0.04122639645217186,0.06791708905578359,True,0,"{""cpp"": ""aeddcdfc46d1dd5157b06cd27570a6f2985aa0d6ec6110389e4aefb1364bb27c"", ""csharp"": ""652af22a6cf4781f89f8cf74b458d6744e22d07c70f7c94ea737c3d57b8a98ac""}",F:\SocketServerClient\results\final-campaign-20260929\0052-easy-aggregate-sat-csharp,True,13652966.066666666,2132.4910237312315,,,0.0609372899702242,,True,closed-loop,1024939,1024939,0,1024939,0,0,0,1.765375,3.760127,5.701631,20.2948,3.760127,1024939,0.0,1024554,4070,,,,0.7001926508503182,,3.8509215908913332,113.1469775274431,283.1167809619258,,0,0,0,0,77.3125,0.0,328.703,90.879,992
53,easy-saturation,easy-reuse-sat,EASY — closed-loop saturation (16 connections × 4 outstanding),EASY retain-reuse,tcp,retain-reuse,cpp,cpp,4,easy64k,easy,16,64,0,steady,4194304,8,30,15,,0.050322452899737635,0.07561117452399439,,,"{""cpp"": ""aeddcdfc46d1dd5157b06cd27570a6f2985aa0d6ec6110389e4aefb1364bb27c"", ""csharp"": ""652af22a6cf4781f89f8cf74b458d6744e22d07c70f7c94ea737c3d57b8a98ac""}",F:\SocketServerClient\results\final-campaign-20260929\0053-easy-reuse-sat-cpp,True,11330855.033333333,1769.8089948336283,,,0.0,,True,closed-loop,850634,850634,0,850634,0,0,0,2.228223,2.490367,2.678783,5.5733,2.490367,850634,0.0,850554,4,,,,0.5876587764222122,,3.9705094106981327,140.5752944274506,351.7508563096754,0.0,,,,,21.3828125,0.3515625,424.959,122.367,816
54,easy-saturation,easy-reuse-sat,EASY — closed-loop saturation (16 connections × 4 outstanding),EASY retain-reuse,tcp,retain-reuse,csharp,cpp,4,easy64k,easy,16,64,0,steady,4194304,8,30,15,,0.05341753232641986,0.07833130153967371,True,0,"{""cpp"": ""aeddcdfc46d1dd5157b06cd27570a6f2985aa0d6ec6110389e4aefb1364bb27c"", ""csharp"": ""652af22a6cf4781f89f8cf74b458d6744e22d07c70f7c94ea737c3d57b8a98ac""}",F:\SocketServerClient\results\final-campaign-20260929\0054-easy-reuse-sat-csharp,True,11162217.633333333,1743.4522910118103,,,0.06112609461009186,,True,closed-loop,837966,837966,0,837966,0,0,0,2.138111,4.440063,7.700479,51.5328,4.440063,837966,0.0,837918,6091,,,,0.5816839810623639,,3.849102897437395,138.33720580548615,346.1473132733639,,0,0,0,0,81.73046875,0.3515625,405.503,118.015,815
55,easy-saturation,easy-aggregate-sat,EASY — closed-loop saturation (16 connections × 4 outstanding),EASY aggregate,tcp,aggregate,cpp,cpp,4,easy64k,easy,16,64,0,steady,4194304,8,30,15,,0.05872895184076669,0.09693013722822173,,,"{""cpp"": ""aeddcdfc46d1dd5157b06cd27570a6f2985aa0d6ec6110389e4aefb1364bb27c"", ""csharp"": ""652af22a6cf4781f89f8cf74b458d6744e22d07c70f7c94ea737c3d57b8a98ac""}",F:\SocketServerClient\results\final-campaign-20260929\0055-easy-aggregate-sat-cpp,True,14643848.933333334,2287.258158747355,,,0.0,,True,closed-loop,1099320,1099320,0,1099320,0,0,0,1.716223,2.015231,2.482175,33.5176,2.015231,1099320,0.0,1097696,284,,,,0.7621299131191194,,3.9700873594029558,108.71777553396645,272.0337885799094,0.0,,,,,15.4296875,0.0,325.631,89.599,1072
56,easy-saturation,easy-aggregate-sat,EASY — closed-loop saturation (16 connections × 4 outstanding),EASY aggregate,tcp,aggregate,csharp,cpp,4,easy64k,easy,16,64,0,steady,4194304,8,30,15,,0.05179097131917072,0.08116730758928238,True,0,"{""cpp"": ""aeddcdfc46d1dd5157b06cd27570a6f2985aa0d6ec6110389e4aefb1364bb27c"", ""csharp"": ""652af22a6cf4781f89f8cf74b458d6744e22d07c70f7c94ea737c3d57b8a98ac""}",F:\SocketServerClient\results\final-campaign-20260929\0056-easy-aggregate-sat-csharp,True,13894656.333333334,2170.2375257174176,,,0.06094270308745373,,True,closed-loop,1043079,1043079,0,1043079,0,0,0,1.691647,3.719167,5.668863,53.6014,3.719167,1043079,0.0,1042149,5526,,,,0.7134534567234009,,3.8095995691760525,109.99586320882695,275.2315756422459,,0,0,0,0,76.96484375,0.0,323.583,90.111,1008
57,easy-saturation,easy-aggregate-sat,EASY — closed-loop saturation (16 connections × 4 outstanding),EASY aggregate,tcp,aggregate,cpp,cpp,5,easy64k,easy,16,64,0,steady,4194304,8,30,15,,0.031854830980551245,0.05715102505201402,,,"{""cpp"": ""aeddcdfc46d1dd5157b06cd27570a6f2985aa0d6ec6110389e4aefb1364bb27c"", ""csharp"": ""652af22a6cf4781f89f8cf74b458d6744e22d07c70f7c94ea737c3d57b8a98ac""}",F:\SocketServerClient\results\final-campaign-20260929\0057-easy-aggregate-sat-cpp,True,14864760.9,2321.760815080007,,,0.0,,True,closed-loop,1115902,1115902,0,1115902,0,0,0,1.687551,1.957887,2.383871,53.5035,1.957887,1115902,0.0,1114995,404,,,,0.7398014050968624,,3.971710801847525,107.17226960790464,268.1663873819668,0.0,,,,,15.42578125,0.0,323.583,89.343,1088
58,easy-saturation,easy-aggregate-sat,EASY — closed-loop saturation (16 connections × 4 outstanding),EASY aggregate,tcp,aggregate,csharp,cpp,5,easy64k,easy,16,64,0,steady,4194304,8,30,15,,0.03717991420768248,0.05974262316378075,True,0,"{""cpp"": ""aeddcdfc46d1dd5157b06cd27570a6f2985aa0d6ec6110389e4aefb1364bb27c"", ""csharp"": ""652af22a6cf4781f89f8cf74b458d6744e22d07c70f7c94ea737c3d57b8a98ac""}",F:\SocketServerClient\results\final-campaign-20260929\0058-easy-aggregate-sat-csharp,True,14140146.333333334,2208.5833224932353,,,0.060906888430909314,,True,closed-loop,1061509,1061509,0,1061509,0,0,0,1.687551,3.686399,5.570559,23.1572,3.686399,1061509,0.0,1061103,6441,,,,0.7205251774927401,,3.834931903715113,108.77792840192593,272.18432387118025,,0,0,0,0,78.31640625,0.0,322.559,89.599,1025
59,easy-saturation,easy-reuse-sat,EASY — closed-loop saturation (16 connections × 4 outstanding),EASY retain-reuse,tcp,retain-reuse,csharp,cpp,5,easy64k,easy,16,64,0,steady,4194304,8,30,15,,0.05451682982916644,0.0773895114902052,True,0,"{""cpp"": ""aeddcdfc46d1dd5157b06cd27570a6f2985aa0d6ec6110389e4aefb1364bb27c"", ""csharp"": ""652af22a6cf4781f89f8cf74b458d6744e22d07c70f7c94ea737c3d57b8a98ac""}",F:\SocketServerClient\results\final-campaign-20260929\0059-easy-reuse-sat-csharp,True,11179121.9,1746.090691026052,,,0.06113141911397488,,True,closed-loop,839235,839235,0,839235,0,0,0,2.138111,4.161535,6.078463,42.6445,4.161535,839235,0.0,839200,5102,,,,0.5703501874662196,,3.855193148845208,138.37006321233028,346.229160299131,,0,0,0,0,84.6015625,0.3515625,404.479,117.503,816
60,easy-saturation,easy-reuse-sat,EASY — closed-loop saturation (16 connections × 4 outstanding),EASY retain-reuse,tcp,retain-reuse,cpp,cpp,5,easy64k,easy,16,64,0,steady,4194304,8,30,15,,0.06654442553676213,0.09616433172858109,,,"{""cpp"": ""aeddcdfc46d1dd5157b06cd27570a6f2985aa0d6ec6110389e4aefb1364bb27c"", ""csharp"": ""652af22a6cf4781f89f8cf74b458d6744e22d07c70f7c94ea737c3d57b8a98ac""}",F:\SocketServerClient\results\final-campaign-20260929\0060-easy-reuse-sat-cpp,True,11178915.633333333,1746.0718907674154,,,0.0,,True,closed-loop,839226,839226,0,839226,0,0,0,2.252799,2.629631,4.734975,28.3796,2.629631,839226,0.0,839153,733,,,,0.5836160407477835,,3.9576117887869593,142.0393612685975,355.41327318626264,0.0,,,,,21.36328125,0.3515625,424.959,121.855,816
61,easy-saturation,easy-reuse-sat,EASY — closed-loop saturation (16 connections × 4 outstanding),EASY retain-reuse,tcp,retain-reuse,csharp,cpp,6,easy64k,easy,16,64,0,steady,4194304,8,30,15,,0.05072789088654828,0.07740871649825724,True,0,"{""cpp"": ""aeddcdfc46d1dd5157b06cd27570a6f2985aa0d6ec6110389e4aefb1364bb27c"", ""csharp"": ""652af22a6cf4781f89f8cf74b458d6744e22d07c70f7c94ea737c3d57b8a98ac""}",F:\SocketServerClient\results\final-campaign-20260929\0061-easy-reuse-sat-csharp,True,11180151.233333332,1746.2551769574484,,,0.06112904255106085,,True,closed-loop,839314,839314,0,839314,0,0,0,2.129919,4.177919,6.078463,56.112,4.177919,839314,0.0,839263,6476,,,,0.56989483062309,,3.8145171905632447,136.88634408576527,342.5173524834025,,0,0,0,0,81.8359375,0.3515625,405.503,118.015,816
62,easy-saturation,easy-reuse-sat,EASY — closed-loop saturation (16 connections × 4 outstanding),EASY retain-reuse,tcp,retain-reuse,cpp,cpp,6,easy64k,easy,16,64,0,steady,4194304,8,30,15,,0.03629344287353357,0.06031849815869662,,,"{""cpp"": ""aeddcdfc46d1dd5157b06cd27570a6f2985aa0d6ec6110389e4aefb1364bb27c"", ""csharp"": ""652af22a6cf4781f89f8cf74b458d6744e22d07c70f7c94ea737c3d57b8a98ac""}",F:\SocketServerClient\results\final-campaign-20260929\0062-easy-reuse-sat-cpp,True,11353826.6,1773.387818845113,,,0.0,,True,closed-loop,852354,852354,0,852354,0,0,0,2.220031,2.482175,3.358719,21.8475,2.482175,852354,0.0,852288,195,,,,0.5717349495159167,,3.969544567165535,140.21829545001256,350.85561778379025,0.0,,,,,21.4375,0.3515625,423.935,122.111,831
63,easy-saturation,easy-aggregate-sat,EASY — closed-loop saturation (16 connections × 4 outstanding),EASY aggregate,tcp,aggregate,csharp,cpp,6,easy64k,easy,16,64,0,steady,4194304,8,30,15,,0.02806546189768507,0.04860982841596416,True,0,"{""cpp"": ""aeddcdfc46d1dd5157b06cd27570a6f2985aa0d6ec6110389e4aefb1364bb27c"", ""csharp"": ""652af22a6cf4781f89f8cf74b458d6744e22d07c70f7c94ea737c3d57b8a98ac""}",F:\SocketServerClient\results\final-campaign-20260929\0063-easy-aggregate-sat-csharp,True,14332358.966666667,2238.606166712443,,,0.06089619235237692,,True,closed-loop,1075934,1075934,0,1075934,0,0,0,1.671167,3.661823,5.570559,32.0138,3.661823,1075934,0.0,1075537,4569,,,,0.7118871611906805,,3.824597870449296,107.05814668929507,267.8811265340975,,0,0,0,0,80.98828125,0.0,318.463,89.343,1040
64,easy-saturation,easy-aggregate-sat,EASY — closed-loop saturation (16 connections × 4 outstanding),EASY aggregate,tcp,aggregate,cpp,cpp,6,easy64k,easy,16,64,0,steady,4194304,8,30,15,,0.020530339417054764,0.04003827632501887,,,"{""cpp"": ""aeddcdfc46d1dd5157b06cd27570a6f2985aa0d6ec6110389e4aefb1364bb27c"", ""csharp"": ""652af22a6cf4781f89f8cf74b458d6744e22d07c70f7c94ea737c3d57b8a98ac""}",F:\SocketServerClient\results\final-campaign-20260929\0064-easy-aggregate-sat-cpp,True,14973264.9,2338.710471566518,,,0.0,,True,closed-loop,1124048,1124048,0,1124048,0,0,0,1.683455,1.916927,2.129919,7.5706,1.916927,1124048,0.0,1123073,4,,,,0.7442951835782956,,3.9824732429036156,106.65970225470798,266.88415292924066,0.0,,,,,15.4296875,0.0,322.559,89.087,1088
65,hard-saturation,hard-reuse-sat,"HARD — closed-loop saturation (16 × 4, 4 KiB–1 MiB frames)","HARD retain-reuse, 64 batches",tcp,retain-reuse,csharp,cpp,0,hardmix,hard,16,64,0,steady,4194304,64,60,20,,0.024728652200316996,0.04560495787421734,True,0,"{""cpp"": ""aeddcdfc46d1dd5157b06cd27570a6f2985aa0d6ec6110389e4aefb1364bb27c"", ""csharp"": ""652af22a6cf4781f89f8cf74b458d6744e22d07c70f7c94ea737c3d57b8a98ac""}",F:\SocketServerClient\results\final-campaign-20260929\0065-hard-reuse-sat-csharp,True,1956221.4833333334,1429.7699391206106,,,0.20582218424606796,,True,closed-loop,483890,483890,0,483890,0,0,0,7.667711,13.271039,16.154623,39.5781,13.271039,483890,0.0,483887,471029,,,,0.5160724765052682,,3.9029869741655108,485.6152741325508,2001.7902220663693,,0,0,0,0,867.86328125,42.65625,1384.447,231.935,464
66,hard-saturation,hard-reuse-sat,"HARD — closed-loop saturation (16 × 4, 4 KiB–1 MiB frames)","HARD retain-reuse, 64 batches",tcp,retain-reuse,cpp,cpp,0,hardmix,hard,16,64,0,steady,4194304,64,60,20,,0.11596352051947711,0.17381936043168367,,,"{""cpp"": ""aeddcdfc46d1dd5157b06cd27570a6f2985aa0d6ec6110389e4aefb1364bb27c"", ""csharp"": ""652af22a6cf4781f89f8cf74b458d6744e22d07c70f7c94ea737c3d57b8a98ac""}",F:\SocketServerClient\results\final-campaign-20260929\0066-hard-reuse-sat-cpp,True,2399991.466666667,1754.102733786901,,,0.028230268221884236,,True,closed-loop,593643,593643,0,593643,0,0,0,6.127615,11.632639,24.707071,161.7226,11.632639,593643,0.0,593538,502293,,,,0.6736299709740214,,3.8258012717075953,388.01729322168376,1599.4160455854899,0.00010443987379620412,,,,,701.921875,42.65625,1175.551,201.727,573
67,hard-saturation,hard-allocate-sat,"HARD — closed-loop saturation (16 × 4, 4 KiB–1 MiB frames)","HARD retain-allocate, 64 batches",tcp,retain-allocate,csharp,cpp,0,hardmix,hard,16,64,0,steady,4194304,64,60,20,,0.0441961391294911,0.05506865470326765,True,0,"{""cpp"": ""aeddcdfc46d1dd5157b06cd27570a6f2985aa0d6ec6110389e4aefb1364bb27c"", ""csharp"": ""652af22a6cf4781f89f8cf74b458d6744e22d07c70f7c94ea737c3d57b8a98ac""}",F:\SocketServerClient\results\final-campaign-20260929\0067-hard-allocate-sat-csharp,True,1905559.4833333334,1392.7340476353963,,,829.5445378030444,,True,closed-loop,471270,471270,0,471270,0,0,0,7.503871,37.224447,51.511295,150.7076,37.224447,471270,0.0,471266,456893,,,,0.49951183375367986,,3.908368605147685,499.34883400174,2058.0106786532524,,114,114,0,809.62,1018.37109375,12.587779998779297,1368.063,235.519,453
68,hard-saturation,hard-allocate-sat,"HARD — closed-loop saturation (16 × 4, 4 KiB–1 MiB frames)","HARD retain-allocate, 64 batches",tcp,retain-allocate,cpp,cpp,0,hardmix,hard,16,64,0,steady,4194304,64,60,20,,0.07451100672331838,0.09353114789086545,,,"{""cpp"": ""aeddcdfc46d1dd5157b06cd27570a6f2985aa0d6ec6110389e4aefb1364bb27c"", ""csharp"": ""652af22a6cf4781f89f8cf74b458d6744e22d07c70f7c94ea737c3d57b8a98ac""}",F:\SocketServerClient\results\final-campaign-20260929\0068-hard-allocate-sat-cpp,True,2444414.05,1786.5757880369822,,,828.8488783586912,,True,closed-loop,604565,604565,0,604565,0,0,0,6.209535,9.142271,10.256383,17.9308,9.142271,604565,0.0,604556,534440,,,,0.6688626593849936,,3.9295396078057934,391.2937401271989,1612.7986079791617,14.010768072911928,,,,,198.86328125,12.587779998779297,1196.031,200.703,584
69,hard-saturation,hard-aggregate-sat,"HARD — closed-loop saturation (16 × 4, 4 KiB–1 MiB frames)",HARD aggregate,tcp,aggregate,cpp,cpp,0,hardmix,hard,16,64,0,steady,4194304,64,60,20,,0.07558623927427967,0.12571268224879165,,,"{""cpp"": ""aeddcdfc46d1dd5157b06cd27570a6f2985aa0d6ec6110389e4aefb1364bb27c"", ""csharp"": ""652af22a6cf4781f89f8cf74b458d6744e22d07c70f7c94ea737c3d57b8a98ac""}",F:\SocketServerClient\results\final-campaign-20260929\0069-hard-aggregate-sat-cpp,True,3387376.966666667,2475.764553976059,,,0.0,,True,closed-loop,837744,837744,0,837744,0,0,0,4.227071,6.766591,7.766015,22.3288,6.766591,837744,0.0,836634,181677,,,,0.8450763655046599,,3.9198802576341634,281.31729382723125,1159.4707443633242,0.0,,,,,41.29296875,0.0,866.303,81.151,808
70,hard-saturation,hard-aggregate-sat,"HARD — closed-loop saturation (16 × 4, 4 KiB–1 MiB frames)",HARD aggregate,tcp,aggregate,csharp,cpp,0,hardmix,hard,16,64,0,steady,4194304,64,60,20,,0.04606521597761839,0.06082852851766873,True,0,"{""cpp"": ""aeddcdfc46d1dd5157b06cd27570a6f2985aa0d6ec6110389e4aefb1364bb27c"", ""csharp"": ""652af22a6cf4781f89f8cf74b458d6744e22d07c70f7c94ea737c3d57b8a98ac""}",F:\SocketServerClient\results\final-campaign-20260929\0070-hard-aggregate-sat-csharp,True,2412249.9833333334,1763.0589951515199,,,0.10379931068458105,,True,closed-loop,596672,596672,0,596672,0,0,0,5.980159,12.386303,40.108031,258.2153,12.386303,596672,0.0,596616,452340,,,,0.6148341359404823,,3.8485709174924376,387.8020503727341,1598.5312218887777,,0,0,0,0,77.390625,0.0,1175.551,112.639,576
71,hard-saturation,hard-reuse-sat,"HARD — closed-loop saturation (16 × 4, 4 KiB–1 MiB frames)","HARD retain-reuse, 64 batches",tcp,retain-reuse,csharp,cpp,1,hardmix,hard,16,64,0,steady,4194304,64,60,20,,0.026218843724673407,0.05018890100281398,True,0,"{""cpp"": ""aeddcdfc46d1dd5157b06cd27570a6f2985aa0d6ec6110389e4aefb1364bb27c"", ""csharp"": ""652af22a6cf4781f89f8cf74b458d6744e22d07c70f7c94ea737c3d57b8a98ac""}",F:\SocketServerClient\results\final-campaign-20260929\0071-hard-reuse-sat-csharp,True,1956773.4833333334,1430.1755315939586,,,0.19955557890119827,,True,closed-loop,483887,483887,0,483887,0,0,0,7.684095,13.303807,16.187391,27.6595,13.303807,483887,0.0,483879,470760,,,,0.5004388575814339,,3.921437669448664,487.9754984118193,2010.8790922124047,,0,0,0,0,873.0390625,42.65625,1388.543,252.927,464
72,hard-saturation,hard-reuse-sat,"HARD — closed-loop saturation (16 × 4, 4 KiB–1 MiB frames)","HARD retain-reuse, 64 batches",tcp,retain-reuse,cpp,cpp,1,hardmix,hard,16,64,0,steady,4194304,64,60,20,,0.03859397276302507,0.07261357825521624,,,"{""cpp"": ""aeddcdfc46d1dd5157b06cd27570a6f2985aa0d6ec6110389e4aefb1364bb27c"", ""csharp"": ""652af22a6cf4781f89f8cf74b458d6744e22d07c70f7c94ea737c3d57b8a98ac""}",F:\SocketServerClient\results\final-campaign-20260929\0072-hard-reuse-sat-cpp,True,2584132.316666667,1888.6852571805318,,,0.020298909503706816,,True,closed-loop,639129,639129,0,639129,0,0,0,5.865471,8.552447,9.633791,31.5789,8.552447,639129,0.0,639114,521523,,,,0.6655620701668319,,3.967889430075029,373.79973370008247,1540.7092224615444,7.510220941312317e-05,,,,,702.40625,42.65625,1142.783,215.039,616
73,hard-saturation,hard-allocate-sat,"HARD — closed-loop saturation (16 × 4, 4 KiB–1 MiB frames)","HARD retain-allocate, 64 batches",tcp,retain-allocate,cpp,cpp,1,hardmix,hard,16,64,0,steady,4194304,64,60,20,,0.031013363720743408,0.057856373846732013,,,"{""cpp"": ""aeddcdfc46d1dd5157b06cd27570a6f2985aa0d6ec6110389e4aefb1364bb27c"", ""csharp"": ""652af22a6cf4781f89f8cf74b458d6744e22d07c70f7c94ea737c3d57b8a98ac""}",F:\SocketServerClient\results\final-campaign-20260929\0073-hard-allocate-sat-cpp,True,2509432.7333333334,1834.0837151050569,,,828.8479643559414,,True,closed-loop,620655,620655,0,620655,0,0,0,6.045695,8.847359,10.092543,51.7403,8.847359,620655,0.0,620637,532193,,,,0.6579510743382693,,3.956478426685015,383.767954821922,1581.7491945671675,14.011056061741225,,,,,200.98828125,12.587779998779297,1146.879,211.455,600
74,hard-saturation,hard-allocate-sat,"HARD — closed-loop saturation (16 × 4, 4 KiB–1 MiB frames)","HARD retain-allocate, 64 batches",tcp,retain-allocate,csharp,cpp,1,hardmix,hard,16,64,0,steady,4194304,64,60,20,,0.028055144406741846,0.048743634558522264,True,0,"{""cpp"": ""aeddcdfc46d1dd5157b06cd27570a6f2985aa0d6ec6110389e4aefb1364bb27c"", ""csharp"": ""652af22a6cf4781f89f8cf74b458d6744e22d07c70f7c94ea737c3d57b8a98ac""}",F:\SocketServerClient\results\final-campaign-20260929\0074-hard-allocate-sat-csharp,True,1895956.5333333334,1385.7344894250234,,,829.6224474652261,,True,closed-loop,469060,469060,0,469060,0,0,0,7.831551,15.499263,19.464191,29.8764,15.499263,469060,0.0,469058,456624,,,,0.5012848126942137,,3.854091937814222,494.7727902613738,2039.8113697146052,,114,114,0,812.943,1022.46484375,12.587779998779297,1421.311,284.671,448
75,hard-saturation,hard-aggregate-sat,"HARD — closed-loop saturation (16 × 4, 4 KiB–1 MiB frames)",HARD aggregate,tcp,aggregate,cpp,cpp,1,hardmix,hard,16,64,0,steady,4194304,64,60,20,,0.034084303567288615,0.0713391502722699,,,"{""cpp"": ""aeddcdfc46d1dd5157b06cd27570a6f2985aa0d6ec6110389e4aefb1364bb27c"", ""csharp"": ""652af22a6cf4781f89f8cf74b458d6744e22d07c70f7c94ea737c3d57b8a98ac""}",F:\SocketServerClient\results\final-campaign-20260929\0075-hard-aggregate-sat-cpp,True,3543847.2333333334,2590.128518295288,,,0.0,client_cpu_over_85pct,False,closed-loop,876459,876459,0,876459,0,0,0,3.997695,6.340607,7.258111,11.8825,6.340607,876459,0.0,874495,125569,,,,0.8802241394694248,,3.974619333496337,272.59903201404745,1123.5483200213512,0.0,,,,,41.5078125,0.0,808.959,77.823,848
76,hard-saturation,hard-aggregate-sat,"HARD — closed-loop saturation (16 × 4, 4 KiB–1 MiB frames)",HARD aggregate,tcp,aggregate,csharp,cpp,1,hardmix,hard,16,64,0,steady,4194304,64,60,20,,0.029507972915101183,0.054841576896897816,True,0,"{""cpp"": ""aeddcdfc46d1dd5157b06cd27570a6f2985aa0d6ec6110389e4aefb1364bb27c"", ""csharp"": ""652af22a6cf4781f89f8cf74b458d6744e22d07c70f7c94ea737c3d57b8a98ac""}",F:\SocketServerClient\results\final-campaign-20260929\0076-hard-aggregate-sat-csharp,True,2444937.9833333334,1786.9705539385477,,,0.10380186457401323,partner_excluded,False,closed-loop,604708,604708,0,604708,0,0,0,6.012927,11.632639,14.942207,34.516,11.632639,604708,0.0,604671,453068,,,,0.6130028362466513,,3.8906257160061277,386.78275299814123,1594.1996303257986,,0,0,0,0,77.0859375,0.0,1052.671,158.719,584
77,hard-saturation,hard-reuse-sat,"HARD — closed-loop saturation (16 × 4, 4 KiB–1 MiB frames)","HARD retain-reuse, 64 batches",tcp,retain-reuse,csharp,cpp,2,hardmix,hard,16,64,0,steady,4194304,64,60,20,,0.02727753906194025,0.05201864829571862,True,0,"{""cpp"": ""aeddcdfc46d1dd5157b06cd27570a6f2985aa0d6ec6110389e4aefb1364bb27c"", ""csharp"": ""652af22a6cf4781f89f8cf74b458d6744e22d07c70f7c94ea737c3d57b8a98ac""}",F:\SocketServerClient\results\final-campaign-20260929\0077-hard-reuse-sat-csharp,True,1936859.5,1415.617003663381,,,0.20911178993854762,,True,closed-loop,479141,479141,0,479141,0,0,0,7.733247,13.500415,16.220159,24.931,13.500415,479141,0.0,479135,466265,,,,0.5181785058809999,,3.889975689244476,488.7653112549333,2014.9224067201162,,0,0,0,0,868.00390625,42.65625,1404.927,241.151,462
78,hard-saturation,hard-reuse-sat,"HARD — closed-loop saturation (16 × 4, 4 KiB–1 MiB frames)","HARD retain-reuse, 64 batches",tcp,retain-reuse,cpp,cpp,2,hardmix,hard,16,64,0,steady,4194304,64,60,20,,0.03933019114943955,0.07420510402628622,,,"{""cpp"": ""aeddcdfc46d1dd5157b06cd27570a6f2985aa0d6ec6110389e4aefb1364bb27c"", ""csharp"": ""652af22a6cf4781f89f8cf74b458d6744e22d07c70f7c94ea737c3d57b8a98ac""}",F:\SocketServerClient\results\final-campaign-20260929\0078-hard-reuse-sat-cpp,True,2583210.1,1888.0189128875732,,,0.01988291650575634,,True,closed-loop,638869,638869,0,638869,0,0,0,5.865471,8.585215,9.699327,23.5116,8.585215,638869,0.0,638851,521352,,,,0.6838286744896922,,3.967172263039981,373.82957225972774,1540.7401525300213,7.356750757980118e-05,,,,,701.96484375,42.65625,1093.631,203.263,616
79,hard-saturation,hard-allocate-sat,"HARD — closed-loop saturation (16 × 4, 4 KiB–1 MiB frames)","HARD retain-allocate, 64 batches",tcp,retain-allocate,csharp,cpp,2,hardmix,hard,16,64,0,steady,4194304,64,60,20,,0.0252010818505252,0.04688565173113874,True,0,"{""cpp"": ""aeddcdfc46d1dd5157b06cd27570a6f2985aa0d6ec6110389e4aefb1364bb27c"", ""csharp"": ""652af22a6cf4781f89f8cf74b458d6744e22d07c70f7c94ea737c3d57b8a98ac""}",F:\SocketServerClient\results\final-campaign-20260929\0079-hard-allocate-sat-csharp,True,1911784.1166666667,1397.2772144794465,,,829.5461622497643,,True,closed-loop,472793,472793,0,472793,0,0,0,7.766015,15.400959,19.267583,30.508,15.400959,472793,0.0,472791,460662,,,,0.5051466443753341,,3.891605427627342,495.59215132203735,2042.425459958572,,115,115,0,813.728,1019.25390625,12.587779998779297,1384.447,224.767,455
80,hard-saturation,hard-allocate-sat,"HARD — closed-loop saturation (16 × 4, 4 KiB–1 MiB frames)","HARD retain-allocate, 64 batches",tcp,retain-allocate,cpp,cpp,2,hardmix,hard,16,64,0,steady,4194304,64,60,20,,0.03234624306001998,0.0635658598354795,,,"{""cpp"": ""aeddcdfc46d1dd5157b06cd27570a6f2985aa0d6ec6110389e4aefb1364bb27c"", ""csharp"": ""652af22a6cf4781f89f8cf74b458d6744e22d07c70f7c94ea737c3d57b8a98ac""}",F:\SocketServerClient\results\final-campaign-20260929\0080-hard-allocate-sat-cpp,True,2518574.25,1840.8007420380911,,,828.8563867432781,,True,closed-loop,622904,622904,0,622904,0,0,0,6.029311,8.814591,9.895935,23.2963,8.814591,622904,0.0,622889,530112,,,,0.6729405688685148,,3.9700905339279244,383.68673182384447,1581.3931194683746,14.01085881612576,,,,,200.26171875,12.587779998779297,1110.015,200.191,600
81,hard-saturation,hard-aggregate-sat,"HARD — closed-loop saturation (16 × 4, 4 KiB–1 MiB frames)",HARD aggregate,tcp,aggregate,cpp,cpp,2,hardmix,hard,16,64,0,steady,4194304,64,60,20,,0.05895676195188846,0.07302028467966687,,,"{""cpp"": ""aeddcdfc46d1dd5157b06cd27570a6f2985aa0d6ec6110389e4aefb1364bb27c"", ""csharp"": ""652af22a6cf4781f89f8cf74b458d6744e22d07c70f7c94ea737c3d57b8a98ac""}",F:\SocketServerClient\results\final-campaign-20260929\0081-hard-aggregate-sat-cpp,True,3394485.033333333,2480.9227973937986,,,0.0,,True,closed-loop,839612,839612,0,839612,0,0,0,4.038655,7.077887,13.336575,41.465,7.077887,839612,0.0,834687,156122,,,,0.8475117046371953,,3.825847804630073,273.9546659647551,1129.259226125662,0.0,,,,,41.44921875,0.0,815.103,86.783,813
82,hard-saturation,hard-aggregate-sat,"HARD — closed-loop saturation (16 × 4, 4 KiB–1 MiB frames)",HARD aggregate,tcp,aggregate,csharp,cpp,2,hardmix,hard,16,64,0,steady,4194304,64,60,20,,0.07978331654303498,0.06650399801292058,True,0,"{""cpp"": ""aeddcdfc46d1dd5157b06cd27570a6f2985aa0d6ec6110389e4aefb1364bb27c"", ""csharp"": ""652af22a6cf4781f89f8cf74b458d6744e22d07c70f7c94ea737c3d57b8a98ac""}",F:\SocketServerClient\results\final-campaign-20260929\0082-hard-aggregate-sat-csharp,True,2332705.283333333,1704.901268005371,,,0.10462437867187808,,True,closed-loop,577051,577051,0,577051,0,0,0,6.193151,13.008895,18.939903,31.6173,13.008895,577051,0.0,576320,441415,,,,0.5801170275776939,,3.627024558009467,377.83705426383455,1557.5775793382913,,0,0,0,0,76.1015625,0.0,1171.455,117.503,554
83,hard-saturation,hard-aggregate-sat,"HARD — closed-loop saturation (16 × 4, 4 KiB–1 MiB frames)",HARD aggregate,tcp,aggregate,cpp,cpp,3,hardmix,hard,16,64,0,steady,4194304,64,60,20,,0.11416132036560328,0.11844804396936688,,,"{""cpp"": ""aeddcdfc46d1dd5157b06cd27570a6f2985aa0d6ec6110389e4aefb1364bb27c"", ""csharp"": ""652af22a6cf4781f89f8cf74b458d6744e22d07c70f7c94ea737c3d57b8a98ac""}",F:\SocketServerClient\results\final-campaign-20260929\0083-hard-aggregate-sat-cpp,True,3326164.9833333334,2430.9984013875323,,,0.0,,True,closed-loop,822535,822535,0,822535,0,0,0,4.014079,7.782399,14.188543,48.624,7.782399,822535,0.0,814937,164532,,,,0.8295628199281784,,3.702587069766212,270.6381795303543,1115.3522858678432,0.0,,,,,41.20703125,0.0,843.775,84.479,794
84,hard-saturation,hard-aggregate-sat,"HARD — closed-loop saturation (16 × 4, 4 KiB–1 MiB frames)",HARD aggregate,tcp,aggregate,csharp,cpp,3,hardmix,hard,16,64,0,steady,4194304,64,60,20,,0.08206155908478276,0.06923821247614272,True,0,"{""cpp"": ""aeddcdfc46d1dd5157b06cd27570a6f2985aa0d6ec6110389e4aefb1364bb27c"", ""csharp"": ""652af22a6cf4781f89f8cf74b458d6744e22d07c70f7c94ea737c3d57b8a98ac""}",F:\SocketServerClient\results\final-campaign-20260929\0084-hard-aggregate-sat-csharp,True,2335711.0,1707.1145228862763,,,0.10473360636088129,,True,closed-loop,577729,577729,0,577729,0,0,0,6.193151,12.615679,17.039359,62.2043,12.615679,577729,0.0,576899,443984,,,,0.5603347556845821,,3.650232597437182,379.8277393033758,1565.6135688359557,,0,0,0,0,76.23046875,0.0,1134.591,119.551,558
85,hard-saturation,hard-reuse-sat,"HARD — closed-loop saturation (16 × 4, 4 KiB–1 MiB frames)","HARD retain-reuse, 64 batches",tcp,retain-reuse,csharp,cpp,3,hardmix,hard,16,64,0,steady,4194304,64,60,20,,0.08162379617650248,0.06416019319808523,True,0,"{""cpp"": ""aeddcdfc46d1dd5157b06cd27570a6f2985aa0d6ec6110389e4aefb1364bb27c"", ""csharp"": ""652af22a6cf4781f89f8cf74b458d6744e22d07c70f7c94ea737c3d57b8a98ac""}",F:\SocketServerClient\results\final-campaign-20260929\0085-hard-reuse-sat-csharp,True,1887946.4,1379.8421659151713,,,0.20841837523897108,,True,closed-loop,466947,466947,0,466947,0,0,0,7.847935,14.450687,18.612223,40.7774,14.450687,466947,0.0,466916,454117,,,,0.48197715990995443,,3.7565152315049124,484.36305405110215,1996.2985769572813,,0,0,0,0,871.96875,42.65625,1462.271,240.127,448
86,hard-saturation,hard-reuse-sat,"HARD — closed-loop saturation (16 × 4, 4 KiB–1 MiB frames)","HARD retain-reuse, 64 batches",tcp,retain-reuse,cpp,cpp,3,hardmix,hard,16,64,0,steady,4194304,64,60,20,,0.07963729486762465,0.04286588898405691,,,"{""cpp"": ""aeddcdfc46d1dd5157b06cd27570a6f2985aa0d6ec6110389e4aefb1364bb27c"", ""csharp"": ""652af22a6cf4781f89f8cf74b458d6744e22d07c70f7c94ea737c3d57b8a98ac""}",F:\SocketServerClient\results\final-campaign-20260929\0086-hard-reuse-sat-cpp,True,2466950.316666667,1803.0151668230692,,,0.024363361131033604,,True,closed-loop,610160,610160,0,610160,0,0,0,5.947391,10.321919,15.859711,42.2863,10.321919,610160,0.0,609795,484855,,,,0.6384379926836629,,3.7285942517215522,367.9618870460207,1516.6409736068254,9.014029107119444e-05,,,,,702.90625,42.65625,1183.743,188.415,590
87,hard-saturation,hard-allocate-sat,"HARD — closed-loop saturation (16 × 4, 4 KiB–1 MiB frames)","HARD retain-allocate, 64 batches",tcp,retain-allocate,csharp,cpp,3,hardmix,hard,16,64,0,steady,4194304,64,60,20,,0.07958340430638074,0.06318827055977323,True,0,"{""cpp"": ""aeddcdfc46d1dd5157b06cd27570a6f2985aa0d6ec6110389e4aefb1364bb27c"", ""csharp"": ""652af22a6cf4781f89f8cf74b458d6744e22d07c70f7c94ea737c3d57b8a98ac""}",F:\SocketServerClient\results\final-campaign-20260929\0087-hard-allocate-sat-csharp,True,1851871.1,1353.492837635676,,,829.5667468562873,,True,closed-loop,458053,458053,0,458053,0,0,0,7.831551,17.563647,23.986175,45.5641,17.563647,458053,0.0,458012,437375,,,,0.4691281303356261,,3.699992379261487,486.2974371961323,2004.4180703719644,,112,112,0,854.315,1019.65234375,12.587779998779297,1368.063,247.295,440
88,hard-saturation,hard-allocate-sat,"HARD — closed-loop saturation (16 × 4, 4 KiB–1 MiB frames)","HARD retain-allocate, 64 batches",tcp,retain-allocate,cpp,cpp,3,hardmix,hard,16,64,0,steady,4194304,64,60,20,,0.08065727346293396,0.04704201289874818,,,"{""cpp"": ""aeddcdfc46d1dd5157b06cd27570a6f2985aa0d6ec6110389e4aefb1364bb27c"", ""csharp"": ""652af22a6cf4781f89f8cf74b458d6744e22d07c70f7c94ea737c3d57b8a98ac""}",F:\SocketServerClient\results\final-campaign-20260929\0088-hard-allocate-sat-cpp,True,2400074.45,1754.157713206609,,,828.8376634991367,,True,closed-loop,593613,593613,0,593613,0,0,0,6.127615,10.878975,16.056319,32.9725,10.878975,593613,0.0,593273,495146,,,,0.6108391485870918,,3.7041786205536695,375.63930540604736,1548.313580883667,14.010495053174374,,,,,201.28515625,12.587779998779297,1224.703,204.799,573
89,hard-saturation,hard-allocate-sat,"HARD — closed-loop saturation (16 × 4, 4 KiB–1 MiB frames)","HARD retain-allocate, 64 batches",tcp,retain-allocate,csharp,cpp,4,hardmix,hard,16,64,0,steady,4194304,64,60,20,,0.07811403422964389,0.0623858643340106,True,0,"{""cpp"": ""aeddcdfc46d1dd5157b06cd27570a6f2985aa0d6ec6110389e4aefb1364bb27c"", ""csharp"": ""652af22a6cf4781f89f8cf74b458d6744e22d07c70f7c94ea737c3d57b8a98ac""}",F:\SocketServerClient\results\final-campaign-20260929\0089-hard-allocate-sat-csharp,True,1843504.2666666666,1347.367207256953,,,829.5573311256572,,True,closed-loop,455956,455956,0,455956,0,0,0,7.897087,17.694719,24.641535,42.4083,17.694719,455956,0.0,455922,438636,,,,0.4640210358664328,,3.6777377860414657,485.68968277640823,2001.7500806767569,,110,110,0,861.191,1015.859375,12.587779998779297,1368.063,246.783,439
90,hard-saturation,hard-allocate-sat,"HARD — closed-loop saturation (16 × 4, 4 KiB–1 MiB frames)","HARD retain-allocate, 64 batches",tcp,retain-allocate,cpp,cpp,4,hardmix,hard,16,64,0,steady,4194304,64,60,20,,0.08781809087508073,0.12268158292165236,,,"{""cpp"": ""aeddcdfc46d1dd5157b06cd27570a6f2985aa0d6ec6110389e4aefb1364bb27c"", ""csharp"": ""652af22a6cf4781f89f8cf74b458d6744e22d07c70f7c94ea737c3d57b8a98ac""}",F:\SocketServerClient\results\final-campaign-20260929\0090-hard-allocate-sat-cpp,True,2402101.15,1755.634292602539,,,828.842738442673,,True,closed-loop,594134,594134,0,594134,0,0,0,6.193151,10.289151,23.592959,99.1411,10.289151,594134,0.0,594061,514902,,,,0.6578131142054243,,3.854187313153421,390.61579542662093,1610.0951631651208,14.010568322970911,,,,,204.28125,12.587779998779297,1200.127,242.687,576
91,hard-saturation,hard-reuse-sat,"HARD — closed-loop saturation (16 × 4, 4 KiB–1 MiB frames)","HARD retain-reuse, 64 batches",tcp,retain-reuse,cpp,cpp,4,hardmix,hard,16,64,0,steady,4194304,64,60,20,,0.08864839289908197,0.15682539952582092,,,"{""cpp"": ""aeddcdfc46d1dd5157b06cd27570a6f2985aa0d6ec6110389e4aefb1364bb27c"", ""csharp"": ""652af22a6cf4781f89f8cf74b458d6744e22d07c70f7c94ea737c3d57b8a98ac""}",F:\SocketServerClient\results\final-campaign-20260929\0091-hard-reuse-sat-cpp,True,2462240.2666666666,1799.5943754196167,,,0.02574171534328129,,True,closed-loop,608973,608973,0,608973,0,0,0,6.094847,9.469951,15.138815,40.6498,9.469951,608973,0.0,608947,521618,,,,0.6869966760768086,,3.9371426457278997,389.23113175789405,1604.2675443916926,9.52423178039092e-05,,,,,702.43359375,42.65625,1208.319,220.671,584
92,hard-saturation,hard-reuse-sat,"HARD — closed-loop saturation (16 × 4, 4 KiB–1 MiB frames)","HARD retain-reuse, 64 batches",tcp,retain-reuse,csharp,cpp,4,hardmix,hard,16,64,0,steady,4194304,64,60,20,,0.08544397427479865,0.13321816799602176,True,0,"{""cpp"": ""aeddcdfc46d1dd5157b06cd27570a6f2985aa0d6ec6110389e4aefb1364bb27c"", ""csharp"": ""652af22a6cf4781f89f8cf74b458d6744e22d07c70f7c94ea737c3d57b8a98ac""}",F:\SocketServerClient\results\final-campaign-20260929\0092-hard-reuse-sat-csharp,True,1817921.7666666666,1328.6883369286854,,,0.21756060608935474,,True,closed-loop,449719,449719,0,449719,0,0,0,8.175615,15.204351,23.330815,130.8053,15.204351,449719,0.0,449718,442088,,,,0.5225963460990142,,3.8258773680208154,512.2295811384442,2111.530479043457,,0,0,0,0,871.6328125,42.65625,1499.135,210.431,432
93,hard-saturation,hard-aggregate-sat,"HARD — closed-loop saturation (16 × 4, 4 KiB–1 MiB frames)",HARD aggregate,tcp,aggregate,cpp,cpp,4,hardmix,hard,16,64,0,steady,4194304,64,60,20,,0.09530087130841247,0.18728623063153269,,,"{""cpp"": ""aeddcdfc46d1dd5157b06cd27570a6f2985aa0d6ec6110389e4aefb1364bb27c"", ""csharp"": ""652af22a6cf4781f89f8cf74b458d6744e22d07c70f7c94ea737c3d57b8a98ac""}",F:\SocketServerClient\results\final-campaign-20260929\0093-hard-aggregate-sat-cpp,True,3365082.966666667,2459.4769954045614,,,0.0,client_cpu_over_85pct,False,closed-loop,832307,832307,0,832307,0,0,0,4.161535,7.028735,11.436031,36.6269,7.028735,832307,0.0,830324,169583,,,,0.8798668356827245,,3.9371183713499187,284.3564634203485,1172.1087949628454,0.0,,,,,41.34375,0.0,831.487,73.215,808
94,hard-saturation,hard-aggregate-sat,"HARD — closed-loop saturation (16 × 4, 4 KiB–1 MiB frames)",HARD aggregate,tcp,aggregate,csharp,cpp,4,hardmix,hard,16,64,0,steady,4194304,64,60,20,,0.09913075990343662,0.1572176958837092,True,0,"{""cpp"": ""aeddcdfc46d1dd5157b06cd27570a6f2985aa0d6ec6110389e4aefb1364bb27c"", ""csharp"": ""652af22a6cf4781f89f8cf74b458d6744e22d07c70f7c94ea737c3d57b8a98ac""}",F:\SocketServerClient\results\final-campaign-20260929\0094-hard-aggregate-sat-csharp,True,2290052.4833333334,1673.7539333820343,,,0.10424290844327105,partner_excluded,False,closed-loop,566457,566457,0,566457,0,0,0,6.373375,12.877823,19.464191,58.8196,12.877823,566457,0.0,566368,457277,,,,0.6318006253599802,,3.8416641747381832,407.7703603274388,1680.820728823479,,0,0,0,0,78.77734375,0.0,1167.359,103.935,544
95,controlled-comparisons,ctl-hard64k-reuse,Controlled comparisons (one variable changed from EASY or HARD),HARD content at EASY settings: retain-reuse,tcp,retain-reuse,csharp,cpp,0,hard64k,hard,16,64,0,steady,4194304,8,30,15,,0.05949260504278811,0.09070363899508932,True,0,"{""cpp"": ""aeddcdfc46d1dd5157b06cd27570a6f2985aa0d6ec6110389e4aefb1364bb27c"", ""csharp"": ""652af22a6cf4781f89f8cf74b458d6744e22d07c70f7c94ea737c3d57b8a98ac""}",F:\SocketServerClient\results\final-campaign-20260929\0095-ctl-hard64k-reuse-csharp,True,1861341.6,1359.942588933309,,,0.2950249129672059,,True,closed-loop,664752,664752,0,664752,0,0,0,2.703359,5.390335,7.880703,20.9897,5.390335,664752,0.0,664735,7931,,,,0.4625636476650581,,3.855405087876415,174.665702397285,2079.1135153742416,,0,0,0,0,82.9375,0.6496734619140625,506.879,153.087,640
96,controlled-comparisons,ctl-hard64k-reuse,Controlled comparisons (one variable changed from EASY or HARD),HARD content at EASY settings: retain-reuse,tcp,retain-reuse,cpp,cpp,0,hard64k,hard,16,64,0,steady,4194304,8,30,15,,0.03423573970418577,0.06553495130694227,,,"{""cpp"": ""aeddcdfc46d1dd5157b06cd27570a6f2985aa0d6ec6110389e4aefb1364bb27c"", ""csharp"": ""652af22a6cf4781f89f8cf74b458d6744e22d07c70f7c94ea737c3d57b8a98ac""}",F:\SocketServerClient\results\final-campaign-20260929\0096-ctl-hard64k-reuse-cpp,True,2571789.7,1879.016315237681,,,0.0,,True,closed-loop,918455,918455,0,918455,0,0,0,2.064383,2.326527,2.662399,17.0901,2.326527,918455,0.0,918428,87,,,,0.6158250799809334,,3.9760556252539385,130.38200020686915,1551.9877736282426,0.0,,,,,26.40234375,0.6496734619140625,393.215,112.127,896
97,controlled-comparisons,ctl-hard64k-aggregate,Controlled comparisons (one variable changed from EASY or HARD),HARD content at EASY settings: aggregate,tcp,aggregate,csharp,cpp,0,hard64k,hard,16,64,0,steady,4194304,8,30,15,,0.034522327031029566,0.06284488798945752,True,0,"{""cpp"": ""aeddcdfc46d1dd5157b06cd27570a6f2985aa0d6ec6110389e4aefb1364bb27c"", ""csharp"": ""652af22a6cf4781f89f8cf74b458d6744e22d07c70f7c94ea737c3d57b8a98ac""}",F:\SocketServerClient\results\final-campaign-20260929\0097-ctl-hard64k-aggregate-csharp,True,2348634.7,1715.9775716463726,,,0.29082462908542894,,True,closed-loop,838766,838766,0,838766,0,0,0,2.146303,4.407295,6.193151,36.4203,4.407295,838766,0.0,838721,6285,,,,0.5637632624567338,,3.84014568751247,137.86994823347632,1641.1179773384176,,0,0,0,0,73.41796875,0.0,404.479,119.039,816
98,controlled-comparisons,ctl-hard64k-aggregate,Controlled comparisons (one variable changed from EASY or HARD),HARD content at EASY settings: aggregate,tcp,aggregate,cpp,cpp,0,hard64k,hard,16,64,0,steady,4194304,8,30,15,,0.03415643104582014,0.06443947195284232,,,"{""cpp"": ""aeddcdfc46d1dd5157b06cd27570a6f2985aa0d6ec6110389e4aefb1364bb27c"", ""csharp"": ""652af22a6cf4781f89f8cf74b458d6744e22d07c70f7c94ea737c3d57b8a98ac""}",F:\SocketServerClient\results\final-campaign-20260929\0098-ctl-hard64k-aggregate-cpp,True,3373007.466666667,2464.3991013526916,,,0.0,,True,closed-loop,1204567,1204567,0,1204567,0,0,0,1.568767,1.826815,2.105343,12.4215,1.826815,1204567,0.0,1203700,44,,,,0.7983455292027739,,3.9582706077066856,98.95931484093454,1177.9474976871034,0.0,,,,,15.5859375,0.0,300.031,81.919,1168
99,controlled-comparisons,ctl-hardmix-allocate-8,Controlled comparisons (one variable changed from EASY or HARD),"HARD retain-allocate, 8 batches retained",tcp,retain-allocate,csharp,cpp,0,hardmix,hard,16,64,0,steady,4194304,8,60,20,,0.07278496574223958,0.12491095741094832,True,0,"{""cpp"": ""aeddcdfc46d1dd5157b06cd27570a6f2985aa0d6ec6110389e4aefb1364bb27c"", ""csharp"": ""652af22a6cf4781f89f8cf74b458d6744e22d07c70f7c94ea737c3d57b8a98ac""}",F:\SocketServerClient\results\final-campaign-20260929\0099-ctl-hardmix-allocate-8-csharp,True,1821987.8166666667,1331.6488599936167,,,829.5628706955415,,True,closed-loop,450644,450644,0,450644,0,0,0,8.044543,16.842751,28.246015,103.5658,16.842751,450644,0.0,450640,435235,,,,0.515572135379723,,3.8623835865424483,515.3042090874393,2123.9194494777007,,131,131,0,157.36700000000002,813.83203125,3.015169143676758,1355.775,270.335,432
100,controlled-comparisons,ctl-hardmix-allocate-8,Controlled comparisons (one variable changed from EASY or HARD),"HARD retain-allocate, 8 batches retained",tcp,retain-allocate,cpp,cpp,0,hardmix,hard,16,64,0,steady,4194304,8,60,20,,0.10451810193740672,0.17686173058231025,,,"{""cpp"": ""aeddcdfc46d1dd5157b06cd27570a6f2985aa0d6ec6110389e4aefb1364bb27c"", ""csharp"": ""652af22a6cf4781f89f8cf74b458d6744e22d07c70f7c94ea737c3d57b8a98ac""}",F:\SocketServerClient\results\final-campaign-20260929\0100-ctl-hardmix-allocate-8-cpp,True,2415007.1333333333,1765.063615957896,,,828.8442127076689,,True,closed-loop,597290,597290,0,597290,0,0,0,6.225919,9.666559,15.204351,43.3759,9.666559,597290,0.0,597271,526007,,,,0.6809449525825866,,3.9016227349455863,392.7635654372248,1618.8112674888114,14.010937735438397,,,,,72.71875,3.015169143676758,1171.455,218.111,576
101,controlled-comparisons,ctl-hardmix-allocate-8,Controlled comparisons (one variable changed from EASY or HARD),"HARD retain-allocate, 8 batches retained",tcp,retain-allocate,csharp,cpp,1,hardmix,hard,16,64,0,steady,4194304,8,60,20,,0.08708413832771338,0.131734091089987,True,0,"{""cpp"": ""aeddcdfc46d1dd5157b06cd27570a6f2985aa0d6ec6110389e4aefb1364bb27c"", ""csharp"": ""652af22a6cf4781f89f8cf74b458d6744e22d07c70f7c94ea737c3d57b8a98ac""}",F:\SocketServerClient\results\final-campaign-20260929\0101-ctl-hardmix-allocate-8-csharp,True,1815309.4166666667,1326.7717653274535,,,829.6194760057008,,True,closed-loop,449086,449086,0,449086,0,0,0,8.208383,15.073279,22.085631,86.9498,15.073279,449086,0.0,449084,440736,,,,0.51063720423126,,3.838239151811472,513.8561990353741,2118.4272876600367,,131,131,0,161.08,818.98828125,3.015169143676758,1433.599,282.623,432
102,controlled-comparisons,ctl-hardmix-allocate-8,Controlled comparisons (one variable changed from EASY or HARD),"HARD retain-allocate, 8 batches retained",tcp,retain-allocate,cpp,cpp,1,hardmix,hard,16,64,0,steady,4194304,8,60,20,,0.05561844082385304,0.10232913416122498,,,"{""cpp"": ""aeddcdfc46d1dd5157b06cd27570a6f2985aa0d6ec6110389e4aefb1364bb27c"", ""csharp"": ""652af22a6cf4781f89f8cf74b458d6744e22d07c70f7c94ea737c3d57b8a98ac""}",F:\SocketServerClient\results\final-campaign-20260929\0102-ctl-hardmix-allocate-8-cpp,True,2501949.216666667,1828.6342495123545,,,828.8500129711451,,True,closed-loop,618768,618768,0,618768,0,0,0,6.062079,8.945663,10.747903,28.5241,8.945663,618768,0.0,618761,529594,,,,0.6813024295011403,,3.956557056526344,384.5090163033641,1584.7382054697068,14.0111188684612,,,,,73.32421875,3.015169143676758,1150.975,208.895,596
103,controlled-comparisons,ctl-hard64k-aggregate,Controlled comparisons (one variable changed from EASY or HARD),HARD content at EASY settings: aggregate,tcp,aggregate,cpp,cpp,1,hard64k,hard,16,64,0,steady,4194304,8,30,15,,0.08465012806126679,0.1560998062677921,,,"{""cpp"": ""aeddcdfc46d1dd5157b06cd27570a6f2985aa0d6ec6110389e4aefb1364bb27c"", ""csharp"": ""652af22a6cf4781f89f8cf74b458d6744e22d07c70f7c94ea737c3d57b8a98ac""}",F:\SocketServerClient\results\final-campaign-20260929\0103-ctl-hard64k-aggregate-cpp,True,3186377.3,2328.047001838684,,,0.0,,True,closed-loop,1137923,1137923,0,1137923,0,0,0,1.617919,2.383871,4.169727,31.3063,2.383871,1137923,0.0,1132074,681,,,,0.7949576118472399,,3.918659872255075,103.69770186559197,1234.3541815510516,0.0,,,,,15.6171875,0.0,305.151,82.431,1104
104,controlled-comparisons,ctl-hard64k-aggregate,Controlled comparisons (one variable changed from EASY or HARD),HARD content at EASY settings: aggregate,tcp,aggregate,csharp,cpp,1,hard64k,hard,16,64,0,steady,4194304,8,30,15,,0.08832843456445001,0.13122797555333535,True,0,"{""cpp"": ""aeddcdfc46d1dd5157b06cd27570a6f2985aa0d6ec6110389e4aefb1364bb27c"", ""csharp"": ""652af22a6cf4781f89f8cf74b458d6744e22d07c70f7c94ea737c3d57b8a98ac""}",F:\SocketServerClient\results\final-campaign-20260929\0104-ctl-hard64k-aggregate-csharp,True,2207215.7666666666,1612.6730653127036,,,0.29112763127307756,,True,closed-loop,788277,788277,0,788277,0,0,0,2.236415,4.521983,7.831551,38.1971,4.521983,788277,0.0,788228,4842,,,,0.5330239950680637,,3.717028311820147,141.98292605264393,1690.1051317781223,,0,0,0,0,72.5703125,0.0,414.719,119.807,766
105,controlled-comparisons,ctl-hard64k-reuse,Controlled comparisons (one variable changed from EASY or HARD),HARD content at EASY settings: retain-reuse,tcp,retain-reuse,cpp,cpp,1,hard64k,hard,16,64,0,steady,4194304,8,30,15,,0.06126489802048776,0.09838125361279008,,,"{""cpp"": ""aeddcdfc46d1dd5157b06cd27570a6f2985aa0d6ec6110389e4aefb1364bb27c"", ""csharp"": ""652af22a6cf4781f89f8cf74b458d6744e22d07c70f7c94ea737c3d57b8a98ac""}",F:\SocketServerClient\results\final-campaign-20260929\0105-ctl-hard64k-reuse-cpp,True,2527501.1666666665,1846.6508324305216,,,0.0,,True,closed-loop,902635,902635,0,902635,0,0,0,2.080767,2.646015,4.489215,49.0135,2.646015,902635,0.0,902587,733,,,,0.6219771261326794,,3.9502344046368765,131.78430373295961,1568.6777219737041,0.0,,,,,26.265625,0.6496734619140625,394.239,112.639,880
106,controlled-comparisons,ctl-hard64k-reuse,Controlled comparisons (one variable changed from EASY or HARD),HARD content at EASY settings: retain-reuse,tcp,retain-reuse,csharp,cpp,1,hard64k,hard,16,64,0,steady,4194304,8,30,15,,0.0685413668997323,0.0968539157725317,True,0,"{""cpp"": ""aeddcdfc46d1dd5157b06cd27570a6f2985aa0d6ec6110389e4aefb1364bb27c"", ""csharp"": ""652af22a6cf4781f89f8cf74b458d6744e22d07c70f7c94ea737c3d57b8a98ac""}",F:\SocketServerClient\results\final-campaign-20260929\0106-ctl-hard64k-reuse-csharp,True,1874923.3333333333,1369.8600419044494,,,0.29452338895323615,,True,closed-loop,669599,669599,0,669599,0,0,0,2.662399,4.898815,7.389183,23.9539,4.898815,669599,0.0,669576,6141,,,,0.46192446885916444,,3.81081782668906,171.44122825750935,2040.7264899642144,,0,0,0,0,86.74609375,0.6496734619140625,497.663,150.527,640
107,controlled-comparisons,ctl-hard64k-aggregate,Controlled comparisons (one variable changed from EASY or HARD),HARD content at EASY settings: aggregate,tcp,aggregate,cpp,cpp,2,hard64k,hard,16,64,0,steady,4194304,8,30,15,,0.082683385689442,0.13908993762550478,,,"{""cpp"": ""aeddcdfc46d1dd5157b06cd27570a6f2985aa0d6ec6110389e4aefb1364bb27c"", ""csharp"": ""652af22a6cf4781f89f8cf74b458d6744e22d07c70f7c94ea737c3d57b8a98ac""}",F:\SocketServerClient\results\final-campaign-20260929\0107-ctl-hard64k-aggregate-cpp,True,3246406.033333333,2371.896916611989,,,0.0,,True,closed-loop,1159354,1159354,0,1159354,0,0,0,1.597439,2.236415,4.620287,52.0536,2.236415,1159354,0.0,1152129,986,,,,0.7895352514839927,,3.918348901016533,101.78081931834453,1211.5280176377944,0.0,,,,,15.578125,0.0,302.079,82.175,1123
108,controlled-comparisons,ctl-hard64k-aggregate,Controlled comparisons (one variable changed from EASY or HARD),HARD content at EASY settings: aggregate,tcp,aggregate,csharp,cpp,2,hard64k,hard,16,64,0,steady,4194304,8,30,15,,0.04747486832899946,0.07879869226717033,True,0,"{""cpp"": ""aeddcdfc46d1dd5157b06cd27570a6f2985aa0d6ec6110389e4aefb1364bb27c"", ""csharp"": ""652af22a6cf4781f89f8cf74b458d6744e22d07c70f7c94ea737c3d57b8a98ac""}",F:\SocketServerClient\results\final-campaign-20260929\0108-ctl-hard64k-aggregate-csharp,True,2329554.8333333335,1702.0716185251872,,,0.2908264722560557,,True,closed-loop,831972,831972,0,831972,0,0,0,2.129919,5.210111,6.881279,15.8747,5.210111,831972,0.0,831952,8512,,,,0.5597445816035372,,3.818223876837617,138.16946363579544,1644.72020464313,,0,0,0,0,73.75390625,0.0,403.455,118.015,800
109,controlled-comparisons,ctl-hardmix-allocate-8,Controlled comparisons (one variable changed from EASY or HARD),"HARD retain-allocate, 8 batches retained",tcp,retain-allocate,csharp,cpp,2,hardmix,hard,16,64,0,steady,4194304,8,60,20,,0.09425931045959944,0.15558033658802378,True,0,"{""cpp"": ""aeddcdfc46d1dd5157b06cd27570a6f2985aa0d6ec6110389e4aefb1364bb27c"", ""csharp"": ""652af22a6cf4781f89f8cf74b458d6744e22d07c70f7c94ea737c3d57b8a98ac""}",F:\SocketServerClient\results\final-campaign-20260929\0109-ctl-hardmix-allocate-8-csharp,True,1810185.2666666666,1323.0292477925618,,,829.5914865249682,,True,closed-loop,447767,447767,0,447767,0,0,0,8.224767,15.400959,22.020095,56.0103,15.400959,447767,0.0,447767,439905,,,,0.5204264097752985,,3.881735374124642,521.23230385446,2148.5592599622796,,133,133,0,163.708,850.53125,3.015169143676758,1462.271,264.191,432
110,controlled-comparisons,ctl-hardmix-allocate-8,Controlled comparisons (one variable changed from EASY or HARD),"HARD retain-allocate, 8 batches retained",tcp,retain-allocate,cpp,cpp,2,hardmix,hard,16,64,0,steady,4194304,8,60,20,,0.05175221343403123,0.10028628939902684,,,"{""cpp"": ""aeddcdfc46d1dd5157b06cd27570a6f2985aa0d6ec6110389e4aefb1364bb27c"", ""csharp"": ""652af22a6cf4781f89f8cf74b458d6744e22d07c70f7c94ea737c3d57b8a98ac""}",F:\SocketServerClient\results\final-campaign-20260929\0110-ctl-hardmix-allocate-8-cpp,True,2477776.6166666667,1810.9446696122488,,,828.8396749349448,,True,closed-loop,612819,612819,0,612819,0,0,0,6.111231,9.043967,11.206655,26.3036,9.043967,612819,0.0,612814,532146,,,,0.6838661095311632,,3.9602323059548037,388.57313497133737,1601.552685235365,14.010929817776537,,,,,73.12890625,3.015169143676758,1196.031,212.479,592
111,controlled-comparisons,ctl-hard64k-reuse,Controlled comparisons (one variable changed from EASY or HARD),HARD content at EASY settings: retain-reuse,tcp,retain-reuse,cpp,cpp,2,hard64k,hard,16,64,0,steady,4194304,8,30,15,,0.03746610127103107,0.07467650995562436,,,"{""cpp"": ""aeddcdfc46d1dd5157b06cd27570a6f2985aa0d6ec6110389e4aefb1364bb27c"", ""csharp"": ""652af22a6cf4781f89f8cf74b458d6744e22d07c70f7c94ea737c3d57b8a98ac""}",F:\SocketServerClient\results\final-campaign-20260929\0111-ctl-hard64k-reuse-cpp,True,2564228.7,1873.4582030614217,,,0.0,,True,closed-loop,915738,915738,0,915738,0,0,0,2.064383,2.408447,2.768895,106.271,2.408447,915738,0.0,915698,102,,,,0.5992697737482756,,3.9743042399121187,130.70059340116933,1555.7565872894904,0.0,,,,,26.53515625,0.6496734619140625,393.215,112.895,880
112,controlled-comparisons,ctl-hard64k-reuse,Controlled comparisons (one variable changed from EASY or HARD),HARD content at EASY settings: retain-reuse,tcp,retain-reuse,csharp,cpp,2,hard64k,hard,16,64,0,steady,4194304,8,30,15,,0.034137407174096766,0.06525817085158858,True,0,"{""cpp"": ""aeddcdfc46d1dd5157b06cd27570a6f2985aa0d6ec6110389e4aefb1364bb27c"", ""csharp"": ""652af22a6cf4781f89f8cf74b458d6744e22d07c70f7c94ea737c3d57b8a98ac""}",F:\SocketServerClient\results\final-campaign-20260929\0112-ctl-hard64k-reuse-csharp,True,1900559.2,1388.587946065267,,,0.29439159119671837,,True,closed-loop,678753,678753,0,678753,0,0,0,2.654207,5.881855,7.815167,22.7302,5.881855,678753,0.0,678734,7709,,,,0.449314644952157,,3.829962680021717,169.91177202900025,2022.5146739043225,,0,0,0,0,86.765625,0.6496734619140625,499.711,150.527,656
113,controlled-comparisons,ctl-hardmix-allocate-8,Controlled comparisons (one variable changed from EASY or HARD),"HARD retain-allocate, 8 batches retained",tcp,retain-allocate,csharp,cpp,3,hardmix,hard,16,64,0,steady,4194304,8,60,20,,0.04267714586618137,0.08341255462761024,True,0,"{""cpp"": ""aeddcdfc46d1dd5157b06cd27570a6f2985aa0d6ec6110389e4aefb1364bb27c"", ""csharp"": ""652af22a6cf4781f89f8cf74b458d6744e22d07c70f7c94ea737c3d57b8a98ac""}",F:\SocketServerClient\results\final-campaign-20260929\0113-ctl-hardmix-allocate-8-csharp,True,1865009.15,1363.0727950572968,,,829.5436964470206,,True,closed-loop,461324,461324,0,461324,0,0,0,7.979007,14.778367,18.743295,30.5509,14.778367,461324,0.0,461322,448281,,,,0.4977692480501292,,3.8678659769414407,504.2212739853118,2078.3819435452906,,137,137,0,157.97,810.98828125,3.015169143676758,1404.927,243.199,440
114,controlled-comparisons,ctl-hardmix-allocate-8,Controlled comparisons (one variable changed from EASY or HARD),"HARD retain-allocate, 8 batches retained",tcp,retain-allocate,cpp,cpp,3,hardmix,hard,16,64,0,steady,4194304,8,60,20,,0.11506992298704416,0.190738469293513,,,"{""cpp"": ""aeddcdfc46d1dd5157b06cd27570a6f2985aa0d6ec6110389e4aefb1364bb27c"", ""csharp"": ""652af22a6cf4781f89f8cf74b458d6744e22d07c70f7c94ea737c3d57b8a98ac""}",F:\SocketServerClient\results\final-campaign-20260929\0114-ctl-hardmix-allocate-8-cpp,True,2356324.816666667,1722.1943600813547,,,828.8629118557869,,True,closed-loop,582848,582848,0,582848,0,0,0,6.356991,10.387455,18.153471,195.8236,10.387455,582848,0.0,582827,522443,,,,0.664764299116041,,3.8653467687377505,398.7424680191062,1643.6479513642657,14.01030628911826,,,,,74.0546875,3.015169143676758,1257.471,193.023,560
115,controlled-comparisons,ctl-hard64k-reuse,Controlled comparisons (one variable changed from EASY or HARD),HARD content at EASY settings: retain-reuse,tcp,retain-reuse,cpp,cpp,3,hard64k,hard,16,64,0,steady,4194304,8,30,15,,0.09396754333330128,0.14675329210342095,,,"{""cpp"": ""aeddcdfc46d1dd5157b06cd27570a6f2985aa0d6ec6110389e4aefb1364bb27c"", ""csharp"": ""652af22a6cf4781f89f8cf74b458d6744e22d07c70f7c94ea737c3d57b8a98ac""}",F:\SocketServerClient\results\final-campaign-20260929\0115-ctl-hard64k-reuse-cpp,True,2468662.433333333,1803.6520126024882,,,0.0,,True,closed-loop,881618,881618,0,881618,0,0,0,2.121727,2.834431,6.438911,49.4799,2.834431,881618,0.0,881546,1407,,,,0.6065929579653999,,3.9175784694433577,133.809370952045,1592.767777452029,0.0,,,,,25.9453125,0.6496734619140625,398.335,112.895,848
116,controlled-comparisons,ctl-hard64k-reuse,Controlled comparisons (one variable changed from EASY or HARD),HARD content at EASY settings: retain-reuse,tcp,retain-reuse,csharp,cpp,3,hard64k,hard,16,64,0,steady,4194304,8,30,15,,0.09626257864129237,0.14068933715745774,True,0,"{""cpp"": ""aeddcdfc46d1dd5157b06cd27570a6f2985aa0d6ec6110389e4aefb1364bb27c"", ""csharp"": ""652af22a6cf4781f89f8cf74b458d6744e22d07c70f7c94ea737c3d57b8a98ac""}",F:\SocketServerClient\results\final-campaign-20260929\0116-ctl-hard64k-reuse-csharp,True,1770537.2666666666,1293.582588036855,,,0.2956926410829911,,True,closed-loop,632318,632318,0,632318,0,0,0,2.785279,5.947391,9.207807,27.0027,5.947391,632318,0.0,632299,8923,,,,0.4425736355287192,,3.716046933559069,177.0272236437995,2107.2047115092505,,0,0,0,0,82.53125,0.6496734619140625,532.479,152.063,608
117,controlled-comparisons,ctl-hard64k-aggregate,Controlled comparisons (one variable changed from EASY or HARD),HARD content at EASY settings: aggregate,tcp,aggregate,csharp,cpp,3,hard64k,hard,16,64,0,steady,4194304,8,30,15,,0.07993578762757912,0.1182782027010957,True,0,"{""cpp"": ""aeddcdfc46d1dd5157b06cd27570a6f2985aa0d6ec6110389e4aefb1364bb27c"", ""csharp"": ""652af22a6cf4781f89f8cf74b458d6744e22d07c70f7c94ea737c3d57b8a98ac""}",F:\SocketServerClient\results\final-campaign-20260929\0117-ctl-hard64k-aggregate-csharp,True,2202585.566666667,1609.2537452697754,,,0.29125496753721164,,True,closed-loop,786607,786607,0,786607,0,0,0,2.236415,4.620287,6.619135,36.7446,4.620287,786607,0.0,786588,7257,,,,0.5546154111251791,,3.7593798629096287,143.91319299218034,1713.0433360156148,,0,0,0,0,72.58203125,0.0,409.599,120.319,759
118,controlled-comparisons,ctl-hard64k-aggregate,Controlled comparisons (one variable changed from EASY or HARD),HARD content at EASY settings: aggregate,tcp,aggregate,cpp,cpp,3,hard64k,hard,16,64,0,steady,4194304,8,30,15,,0.08006473617183121,0.13770321702210658,,,"{""cpp"": ""aeddcdfc46d1dd5157b06cd27570a6f2985aa0d6ec6110389e4aefb1364bb27c"", ""csharp"": ""652af22a6cf4781f89f8cf74b458d6744e22d07c70f7c94ea737c3d57b8a98ac""}",F:\SocketServerClient\results\final-campaign-20260929\0118-ctl-hard64k-aggregate-cpp,True,3298669.7666666666,2410.0742336908975,,,0.0,,True,closed-loop,1178016,1178016,0,1178016,0,0,0,1.597439,1.945599,2.940927,30.6848,1.945599,1178016,0.0,1170432,291,,,,0.795543445201994,,3.956525960868468,101.14994193627251,1204.0189306914438,0.0,,,,,15.5859375,0.0,302.079,82.175,1144
119,controlled-comparisons,ctl-hard64k-reuse,Controlled comparisons (one variable changed from EASY or HARD),HARD content at EASY settings: retain-reuse,tcp,retain-reuse,csharp,cpp,4,hard64k,hard,16,64,0,steady,4194304,8,30,15,,0.1027668304684439,0.1621844989448437,True,0,"{""cpp"": ""aeddcdfc46d1dd5157b06cd27570a6f2985aa0d6ec6110389e4aefb1364bb27c"", ""csharp"": ""652af22a6cf4781f89f8cf74b458d6744e22d07c70f7c94ea737c3d57b8a98ac""}",F:\SocketServerClient\results\final-campaign-20260929\0119-ctl-hard64k-reuse-csharp,True,1774947.0,1296.8067151387534,,,0.29495662551133234,,True,closed-loop,633893,633893,0,633893,0,0,0,2.719743,6.422527,9.568255,34.3308,6.422527,633893,0.0,633858,15903,,,,0.462970654169084,,3.7538728263951624,178.36212105197566,2123.089165764023,,0,0,0,0,85.30078125,0.6496734619140625,499.711,151.551,608
120,controlled-comparisons,ctl-hard64k-reuse,Controlled comparisons (one variable changed from EASY or HARD),HARD content at EASY settings: retain-reuse,tcp,retain-reuse,cpp,cpp,4,hard64k,hard,16,64,0,steady,4194304,8,30,15,,0.06449770722485984,0.11677265708681915,,,"{""cpp"": ""aeddcdfc46d1dd5157b06cd27570a6f2985aa0d6ec6110389e4aefb1364bb27c"", ""csharp"": ""652af22a6cf4781f89f8cf74b458d6744e22d07c70f7c94ea737c3d57b8a98ac""}",F:\SocketServerClient\results\final-campaign-20260929\0120-ctl-hard64k-reuse-cpp,True,2539469.8333333335,1855.3819505691529,,,0.0,,True,closed-loop,906903,906903,0,906903,0,0,0,2.072575,2.588671,4.685823,24.7802,2.588671,906903,0.0,906846,746,,,,0.6197753597940192,,3.954668759410607,131.3019418835311,1562.921030950865,0.0,,,,,26.42578125,0.6496734619140625,394.239,112.383,880
121,controlled-comparisons,ctl-hardmix-allocate-8,Controlled comparisons (one variable changed from EASY or HARD),"HARD retain-allocate, 8 batches retained",tcp,retain-allocate,csharp,cpp,4,hardmix,hard,16,64,0,steady,4194304,8,60,20,,0.04027355509595246,0.08419076253903297,True,0,"{""cpp"": ""aeddcdfc46d1dd5157b06cd27570a6f2985aa0d6ec6110389e4aefb1364bb27c"", ""csharp"": ""652af22a6cf4781f89f8cf74b458d6744e22d07c70f7c94ea737c3d57b8a98ac""}",F:\SocketServerClient\results\final-campaign-20260929\0121-ctl-hardmix-allocate-8-csharp,True,1918024.9166666667,1401.8468126773835,,,829.5580431547234,,True,closed-loop,474430,474430,0,474430,0,0,0,7.815167,13.697023,16.973823,26.2792,13.697023,474430,0.0,474429,462686,,,,0.5156017836893673,,3.9152238257942367,496.220464557469,2045.3824278200655,,139,139,0,161.745,850.64453125,3.015169143676758,1437.695,252.415,456
122,controlled-comparisons,ctl-hardmix-allocate-8,Controlled comparisons (one variable changed from EASY or HARD),"HARD retain-allocate, 8 batches retained",tcp,retain-allocate,cpp,cpp,4,hardmix,hard,16,64,0,steady,4194304,8,60,20,,0.0457348751743069,0.09845772179057229,,,"{""cpp"": ""aeddcdfc46d1dd5157b06cd27570a6f2985aa0d6ec6110389e4aefb1364bb27c"", ""csharp"": ""652af22a6cf4781f89f8cf74b458d6744e22d07c70f7c94ea737c3d57b8a98ac""}",F:\SocketServerClient\results\final-campaign-20260929\0122-ctl-hardmix-allocate-8-cpp,True,2497708.0833333335,1825.5057111740111,,,828.8509919722381,,True,closed-loop,617806,617806,0,617806,0,0,0,6.062079,8.945663,10.321919,25.3522,8.945663,617806,0.0,617800,530468,,,,0.6737396651550744,,3.962881038251557,385.689439727034,1589.8306165395907,14.010262121118927,,,,,73.2421875,3.015169143676758,1179.647,193.023,592
123,controlled-comparisons,ctl-hard64k-aggregate,Controlled comparisons (one variable changed from EASY or HARD),HARD content at EASY settings: aggregate,tcp,aggregate,cpp,cpp,4,hard64k,hard,16,64,0,steady,4194304,8,30,15,,0.038719501696882486,0.08680976759464705,,,"{""cpp"": ""aeddcdfc46d1dd5157b06cd27570a6f2985aa0d6ec6110389e4aefb1364bb27c"", ""csharp"": ""652af22a6cf4781f89f8cf74b458d6744e22d07c70f7c94ea737c3d57b8a98ac""}",F:\SocketServerClient\results\final-campaign-20260929\0123-ctl-hard64k-aggregate-cpp,True,3380781.566666667,2470.0667105992634,,,0.0,,True,closed-loop,1207335,1207335,0,1207335,0,0,0,1.564671,1.810431,2.277375,15.2953,1.810431,1207335,0.0,1206590,124,,,,0.7965149838948296,,3.9667558460782324,98.91361966645546,1177.3962768321016,0.0,,,,,15.58203125,0.0,300.031,81.919,1168
124,controlled-comparisons,ctl-hard64k-aggregate,Controlled comparisons (one variable changed from EASY or HARD),HARD content at EASY settings: aggregate,tcp,aggregate,csharp,cpp,4,hard64k,hard,16,64,0,steady,4194304,8,30,15,,0.034131467987184014,0.06584144529481852,True,0,"{""cpp"": ""aeddcdfc46d1dd5157b06cd27570a6f2985aa0d6ec6110389e4aefb1364bb27c"", ""csharp"": ""652af22a6cf4781f89f8cf74b458d6744e22d07c70f7c94ea737c3d57b8a98ac""}",F:\SocketServerClient\results\final-campaign-20260929\0124-ctl-hard64k-aggregate-csharp,True,2346025.2,1714.0453409194947,,,0.2907961678300612,,True,closed-loop,837823,837823,0,837823,0,0,0,2.138111,4.276223,6.242303,11.5954,4.276223,837823,0.0,837790,6947,,,,0.5518551459675782,,3.8422315721805633,138.1370229750198,1644.2782112446675,,0,0,0,0,73.19921875,0.0,405.503,119.039,813
125,easy-paced,easy-reuse-paced,EASY — steady arrivals at 50% of the slower server's capacity,EASY retain-reuse,tcp,retain-reuse,cpp,cpp,0,easy64k,easy,16,64,13902.533,steady,4194304,8,30,15,,0.05142496006156372,0.10016649759725552,,,"{""cpp"": ""aeddcdfc46d1dd5157b06cd27570a6f2985aa0d6ec6110389e4aefb1364bb27c"", ""csharp"": ""652af22a6cf4781f89f8cf74b458d6744e22d07c70f7c94ea737c3d57b8a98ac""}",F:\SocketServerClient\results\final-campaign-20260929\0125-easy-reuse-paced-cpp,True,5555108.933333334,867.6634514808654,,,0.0,,True,scheduled,417076,417002,74,417002,0,0,0,0.191487,0.356351,4.169727,16.1648,0.353279,417002,0.044415,1385,343,0.3,1666.0,10,0.6646011117295488,False,2.137991526835664,154.41322823391735,386.37202006796434,0.0,,,,,21.33984375,0.3515625,1019.903,122.367,400
126,easy-paced,easy-reuse-paced,EASY — steady arrivals at 50% of the slower server's capacity,EASY retain-reuse,tcp,retain-reuse,csharp,cpp,0,easy64k,easy,16,64,13902.533,steady,4194304,8,30,15,,0.08057448647569425,0.13982609181648284,True,0,"{""cpp"": ""aeddcdfc46d1dd5157b06cd27570a6f2985aa0d6ec6110389e4aefb1364bb27c"", ""csharp"": ""652af22a6cf4781f89f8cf74b458d6744e22d07c70f7c94ea737c3d57b8a98ac""}",F:\SocketServerClient\results\final-campaign-20260929\0126-easy-reuse-paced-csharp,True,5551131.066666666,867.0412909507752,,,0.37918902168740926,,True,scheduled,417076,416702,374,416702,0,0,0,0.190975,0.704511,16.547839,24.959,0.641023,416702,0.053119,3278,976,0.3,294.4,0,0.6650025134729634,True,2.368289203676469,171.17298453091178,428.30778902301927,,0,0,0,0,145.2421875,0.3515625,1023.999,117.759,400
127,easy-paced,easy-aggregate-paced,EASY — steady arrivals at 50% of the slower server's capacity,EASY aggregate,tcp,aggregate,csharp,cpp,0,easy64k,easy,16,64,17474.717,steady,4194304,8,30,15,,0.08839657914451389,0.14662708885115436,True,0,"{""cpp"": ""aeddcdfc46d1dd5157b06cd27570a6f2985aa0d6ec6110389e4aefb1364bb27c"", ""csharp"": ""652af22a6cf4781f89f8cf74b458d6744e22d07c70f7c94ea737c3d57b8a98ac""}",F:\SocketServerClient\results\final-campaign-20260929\0127-easy-aggregate-paced-csharp,True,6974930.633333334,1089.4280466715495,,,0.39380281855184057,,True,scheduled,524242,523583,659,523583,0,0,0,0.163327,1.212415,inf,15.9154,1.069055,523583,0.236543,6232,1480,0.3,231.7,0,0.7588928320713649,True,2.454513106366281,141.1249505809012,353.1220882698064,,0,0,0,0,155.60546875,0.0,817.151,89.087,496
128,easy-paced,easy-aggregate-paced,EASY — steady arrivals at 50% of the slower server's capacity,EASY aggregate,tcp,aggregate,cpp,cpp,0,easy64k,easy,16,64,17474.717,steady,4194304,8,30,15,,0.10437869599504053,0.19110153138448718,,,"{""cpp"": ""aeddcdfc46d1dd5157b06cd27570a6f2985aa0d6ec6110389e4aefb1364bb27c"", ""csharp"": ""652af22a6cf4781f89f8cf74b458d6744e22d07c70f7c94ea737c3d57b8a98ac""}",F:\SocketServerClient\results\final-campaign-20260929\0128-easy-aggregate-paced-cpp,True,6979965.1,1090.2166720708212,,,0.0,,True,scheduled,524242,523961,281,523961,0,0,0,0.162815,1.089535,6.848511,19.5635,1.038335,523961,0.516095,5663,773,0.3,727.1,0,0.7702015419217303,True,2.1361760596100887,122.74291407184886,307.127284224703,0.0,,,,,15.4296875,0.0,815.103,89.599,496
129,easy-paced,easy-aggregate-paced,EASY — steady arrivals at 50% of the slower server's capacity,EASY aggregate,tcp,aggregate,cpp,cpp,1,easy64k,easy,16,64,17474.717,steady,4194304,8,30,15,,0.10185751657889638,0.17090383995085084,,,"{""cpp"": ""aeddcdfc46d1dd5157b06cd27570a6f2985aa0d6ec6110389e4aefb1364bb27c"", ""csharp"": ""652af22a6cf4781f89f8cf74b458d6744e22d07c70f7c94ea737c3d57b8a98ac""}",F:\SocketServerClient\results\final-campaign-20260929\0129-easy-aggregate-paced-cpp,True,6981223.966666667,1090.410173257192,,,0.0,,True,scheduled,524242,524054,188,524054,0,0,0,0.164351,1.163263,6.143999,18.7406,1.130495,524054,0.600063,6115,704,0.3,545.5,0,0.7716610273969325,True,2.1681152051704258,124.599516462044,311.77198295105285,0.0,,,,,15.41796875,0.0,817.151,89.855,496
130,easy-paced,easy-aggregate-paced,EASY — steady arrivals at 50% of the slower server's capacity,EASY aggregate,tcp,aggregate,csharp,cpp,1,easy64k,easy,16,64,17474.717,steady,4194304,8,30,15,,0.09790563859816317,0.18187881320067245,True,0,"{""cpp"": ""aeddcdfc46d1dd5157b06cd27570a6f2985aa0d6ec6110389e4aefb1364bb27c"", ""csharp"": ""652af22a6cf4781f89f8cf74b458d6744e22d07c70f7c94ea737c3d57b8a98ac""}",F:\SocketServerClient\results\final-campaign-20260929\0130-easy-aggregate-paced-csharp,True,6975777.866666666,1089.5591379165649,,,0.3951953351610601,,True,scheduled,524242,523645,597,523645,0,0,0,0.163839,1.241087,inf,15.276,1.097727,523645,0.271359,6309,1383,0.3,197.8,0,0.758179168367562,True,2.4456350281105195,140.60097967134223,351.81060132328093,,0,0,0,0,157.66015625,0.0,817.151,89.599,496
131,easy-paced,easy-reuse-paced,EASY — steady arrivals at 50% of the slower server's capacity,EASY retain-reuse,tcp,retain-reuse,cpp,cpp,1,easy64k,easy,16,64,13902.533,steady,4194304,8,30,15,,0.08974796755451536,0.14594644367774354,,,"{""cpp"": ""aeddcdfc46d1dd5157b06cd27570a6f2985aa0d6ec6110389e4aefb1364bb27c"", ""csharp"": ""652af22a6cf4781f89f8cf74b458d6744e22d07c70f7c94ea737c3d57b8a98ac""}",F:\SocketServerClient\results\final-campaign-20260929\0131-easy-reuse-paced-cpp,True,5554709.366666666,867.6010275522868,,,0.0,,True,scheduled,417076,416972,104,416972,0,0,0,0.191999,0.450559,4.734975,25.6055,0.445439,416972,0.069631,1462,395,0.4,263.5,0,0.6729339263873939,True,2.1443517871905464,154.8365357865756,387.43121239460635,0.0,,,,,21.37109375,0.3515625,1019.903,122.367,400
132,easy-paced,easy-reuse-paced,EASY — steady arrivals at 50% of the slower server's capacity,EASY retain-reuse,tcp,retain-reuse,csharp,cpp,1,easy64k,easy,16,64,13902.533,steady,4194304,8,30,15,,0.12009411730755372,0.19369530090898576,True,0,"{""cpp"": ""aeddcdfc46d1dd5157b06cd27570a6f2985aa0d6ec6110389e4aefb1364bb27c"", ""csharp"": ""652af22a6cf4781f89f8cf74b458d6744e22d07c70f7c94ea737c3d57b8a98ac""}",F:\SocketServerClient\results\final-campaign-20260929\0132-easy-reuse-paced-csharp,True,5547946.1,866.5440086046855,,,0.3518874172830019,,True,scheduled,417076,416463,613,416463,0,0,0,0.197631,1.134591,inf,30.8772,0.905215,416463,0.077823,4467,1778,0.4,226.8,0,0.6751414972372921,True,2.3851797104574843,172.50932255686578,431.6516492498149,,0,0,0,0,134.1875,0.3515625,1023.999,117.503,400
133,easy-paced,easy-reuse-paced,EASY — steady arrivals at 50% of the slower server's capacity,EASY retain-reuse,tcp,retain-reuse,cpp,cpp,2,easy64k,easy,16,64,13902.533,steady,4194304,8,30,15,,0.09936471849603776,0.16743126713684922,,,"{""cpp"": ""aeddcdfc46d1dd5157b06cd27570a6f2985aa0d6ec6110389e4aefb1364bb27c"", ""csharp"": ""652af22a6cf4781f89f8cf74b458d6744e22d07c70f7c94ea737c3d57b8a98ac""}",F:\SocketServerClient\results\final-campaign-20260929\0133-easy-reuse-paced-cpp,True,5550346.133333334,866.9185209274292,,,0.0,,True,scheduled,417076,416644,432,416644,0,0,0,0.192511,0.536575,inf,46.274,0.491519,416644,0.081407,2273,792,0.3,253.5,0,0.6705702256944681,True,2.150725342514774,155.44595626002055,388.955662353061,0.0,,,,,21.28125,0.3515625,1019.903,122.367,400
134,easy-paced,easy-reuse-paced,EASY — steady arrivals at 50% of the slower server's capacity,EASY retain-reuse,tcp,retain-reuse,csharp,cpp,2,easy64k,easy,16,64,13902.533,steady,4194304,8,30,15,,0.10078168867188017,0.17188259347407395,True,0,"{""cpp"": ""aeddcdfc46d1dd5157b06cd27570a6f2985aa0d6ec6110389e4aefb1364bb27c"", ""csharp"": ""652af22a6cf4781f89f8cf74b458d6744e22d07c70f7c94ea737c3d57b8a98ac""}",F:\SocketServerClient\results\final-campaign-20260929\0134-easy-reuse-paced-csharp,True,5547375.033333333,866.4587238311767,,,0.3637017372445323,,True,scheduled,417076,416423,653,416423,0,0,0,0.192511,1.216511,inf,19.4545,0.921599,416423,0.061311,4598,1749,0.3,74.4,0,0.6726439094748943,True,2.392913330718872,173.0136783991278,432.91558822395695,,0,0,0,0,136.61328125,0.3515625,1023.999,117.759,400
135,easy-paced,easy-aggregate-paced,EASY — steady arrivals at 50% of the slower server's capacity,EASY aggregate,tcp,aggregate,cpp,cpp,2,easy64k,easy,16,64,17474.717,steady,4194304,8,30,15,,0.1197909144748361,0.19720178854072337,,,"{""cpp"": ""aeddcdfc46d1dd5157b06cd27570a6f2985aa0d6ec6110389e4aefb1364bb27c"", ""csharp"": ""652af22a6cf4781f89f8cf74b458d6744e22d07c70f7c94ea737c3d57b8a98ac""}",F:\SocketServerClient\results\final-campaign-20260929\0135-easy-aggregate-paced-cpp,True,6886073.266666667,1075.5663647333781,,,0.0,,True,scheduled,524242,516920,7322,516920,0,0,0,0.164863,inf,inf,180.6507,5.095423,516920,2.564095,28267,12592,0.4,4514.5,174,0.7575735456730097,False,2.1138653898425077,123.11503714307823,308.062631964562,0.0,,,,,15.43359375,0.0,817.151,89.343,496
136,easy-paced,easy-aggregate-paced,EASY — steady arrivals at 50% of the slower server's capacity,EASY aggregate,tcp,aggregate,csharp,cpp,2,easy64k,easy,16,64,17474.717,steady,4194304,8,30,15,,0.05826242331900508,0.1066726407259035,True,0,"{""cpp"": ""aeddcdfc46d1dd5157b06cd27570a6f2985aa0d6ec6110389e4aefb1364bb27c"", ""csharp"": ""652af22a6cf4781f89f8cf74b458d6744e22d07c70f7c94ea737c3d57b8a98ac""}",F:\SocketServerClient\results\final-campaign-20260929\0136-easy-aggregate-paced-csharp,True,6964910.933333334,1087.8612338701885,,,0.422493143490789,,True,scheduled,524242,522829,1413,522829,0,0,0,0.160767,1.146879,inf,32.0712,0.739327,522829,0.079871,5599,2249,0.4,2762.7,32,0.751181895483755,False,2.3772785751308705,136.935307720115,342.63821347733165,,0,0,0,0,161.91015625,0.0,817.151,89.343,496
137,easy-paced,easy-aggregate-paced,EASY — steady arrivals at 50% of the slower server's capacity,EASY aggregate,tcp,aggregate,csharp,cpp,3,easy64k,easy,16,64,17474.717,steady,4194304,8,30,15,,0.04879834759821862,0.07002126877956916,True,0,"{""cpp"": ""aeddcdfc46d1dd5157b06cd27570a6f2985aa0d6ec6110389e4aefb1364bb27c"", ""csharp"": ""652af22a6cf4781f89f8cf74b458d6744e22d07c70f7c94ea737c3d57b8a98ac""}",F:\SocketServerClient\results\final-campaign-20260929\0137-easy-aggregate-paced-csharp,True,6983522.766666667,1090.770128027598,,,0.4375805086918338,,True,scheduled,524242,524227,15,524227,0,0,0,0.160255,0.346111,2.023423,7.0906,0.346111,524227,0.041343,1404,38,0.4,38.4,0,0.7454361984247436,True,2.3118380645618775,132.78479551797219,332.2534054036468,,0,0,0,0,167.05078125,0.0,819.199,88.831,496
138,easy-paced,easy-aggregate-paced,EASY — steady arrivals at 50% of the slower server's capacity,EASY aggregate,tcp,aggregate,cpp,cpp,3,easy64k,easy,16,64,17474.717,steady,4194304,8,30,15,,0.041177433326671495,0.06035081372004955,,,"{""cpp"": ""aeddcdfc46d1dd5157b06cd27570a6f2985aa0d6ec6110389e4aefb1364bb27c"", ""csharp"": ""652af22a6cf4781f89f8cf74b458d6744e22d07c70f7c94ea737c3d57b8a98ac""}",F:\SocketServerClient\results\final-campaign-20260929\0138-easy-aggregate-paced-cpp,True,6983722.333333333,1090.801342423757,,,0.0,,True,scheduled,524242,524242,0,524242,0,0,0,0.158719,0.260095,1.056767,6.5052,0.260095,524242,0.029247,552,19,0.4,1095.4,2,0.7479089473192276,False,2.033008118230849,116.77574478962006,292.195655055442,0.0,,,,,15.421875,0.0,819.199,89.343,496
139,easy-paced,easy-reuse-paced,EASY — steady arrivals at 50% of the slower server's capacity,EASY retain-reuse,tcp,retain-reuse,csharp,cpp,3,easy64k,easy,16,64,13902.533,steady,4194304,8,30,15,,0.03296064614179261,0.05603078353252343,True,0,"{""cpp"": ""aeddcdfc46d1dd5157b06cd27570a6f2985aa0d6ec6110389e4aefb1364bb27c"", ""csharp"": ""652af22a6cf4781f89f8cf74b458d6744e22d07c70f7c94ea737c3d57b8a98ac""}",F:\SocketServerClient\results\final-campaign-20260929\0139-easy-reuse-paced-csharp,True,5556093.2,867.8174170176188,,,0.4528173549950805,,True,scheduled,417076,417076,0,417076,0,0,0,0.187391,0.287743,1.073151,2.4074,0.287743,417076,0.011007,487,0,0.4,46.8,0,0.6539424925381724,True,2.23233311053179,161.20413305968216,403.36430011278827,,0,0,0,0,157.09765625,0.3515625,1026.047,116.991,400
140,easy-paced,easy-reuse-paced,EASY — steady arrivals at 50% of the slower server's capacity,EASY retain-reuse,tcp,retain-reuse,cpp,cpp,3,easy64k,easy,16,64,13902.533,steady,4194304,8,30,15,,0.0314971632292153,0.06065471156124086,,,"{""cpp"": ""aeddcdfc46d1dd5157b06cd27570a6f2985aa0d6ec6110389e4aefb1364bb27c"", ""csharp"": ""652af22a6cf4781f89f8cf74b458d6744e22d07c70f7c94ea737c3d57b8a98ac""}",F:\SocketServerClient\results\final-campaign-20260929\0140-easy-reuse-paced-cpp,True,5556093.2,867.8174170176188,,,0.0,,True,scheduled,417076,417076,0,417076,0,0,0,0.190463,0.260607,0.550911,9.2459,0.260607,417076,0.011615,186,13,0.4,43.7,0,0.6571755203118145,True,2.0840705246427373,150.48965895903865,376.5545883228144,0.0,,,,,21.36328125,0.3515625,1019.903,122.111,400
141,easy-paced,easy-aggregate-paced,EASY — steady arrivals at 50% of the slower server's capacity,EASY aggregate,tcp,aggregate,csharp,cpp,4,easy64k,easy,16,64,17474.717,steady,4194304,8,30,15,,0.05699733194616119,0.09182388060290482,True,0,"{""cpp"": ""aeddcdfc46d1dd5157b06cd27570a6f2985aa0d6ec6110389e4aefb1364bb27c"", ""csharp"": ""652af22a6cf4781f89f8cf74b458d6744e22d07c70f7c94ea737c3d57b8a98ac""}",F:\SocketServerClient\results\final-campaign-20260929\0141-easy-aggregate-paced-csharp,True,6970749.733333333,1088.7747168858846,,,0.4135048285849163,,True,scheduled,524242,523268,974,523268,0,0,0,0.162303,2.269183,inf,17.1655,1.720319,523268,0.140287,8365,2176,0.3,495.4,0,0.7524816079883944,True,2.40387666279236,138.3433059158978,346.1617603143778,,0,0,0,0,165.703125,0.0,815.103,90.879,496
142,easy-paced,easy-aggregate-paced,EASY — steady arrivals at 50% of the slower server's capacity,EASY aggregate,tcp,aggregate,cpp,cpp,4,easy64k,easy,16,64,17474.717,steady,4194304,8,30,15,,0.08181572920596707,0.13499012913497033,,,"{""cpp"": ""aeddcdfc46d1dd5157b06cd27570a6f2985aa0d6ec6110389e4aefb1364bb27c"", ""csharp"": ""652af22a6cf4781f89f8cf74b458d6744e22d07c70f7c94ea737c3d57b8a98ac""}",F:\SocketServerClient\results\final-campaign-20260929\0142-easy-aggregate-paced-cpp,True,6977726.0,1089.8629508972167,,,0.0,,True,scheduled,524242,523791,451,523791,0,0,0,0.163327,1.150975,13.762559,54.6264,1.052671,523791,0.489471,5892,1168,0.4,323.0,0,0.770468069830788,True,2.1199114525417277,121.88783312428049,304.986583122194,0.0,,,,,15.42578125,0.0,815.103,89.599,496
143,easy-paced,easy-reuse-paced,EASY — steady arrivals at 50% of the slower server's capacity,EASY retain-reuse,tcp,retain-reuse,cpp,cpp,4,easy64k,easy,16,64,13902.533,steady,4194304,8,30,15,,0.11370242528521053,0.19407867461888834,,,"{""cpp"": ""aeddcdfc46d1dd5157b06cd27570a6f2985aa0d6ec6110389e4aefb1364bb27c"", ""csharp"": ""652af22a6cf4781f89f8cf74b458d6744e22d07c70f7c94ea737c3d57b8a98ac""}",F:\SocketServerClient\results\final-campaign-20260929\0143-easy-reuse-paced-cpp,True,5546759.666666667,866.3567716598511,,,0.0,,True,scheduled,417076,416373,703,416373,0,0,0,0.195071,1.122303,inf,48.1136,0.882687,416373,0.272383,4465,1713,0.3,1990.3,15,0.6804127440157843,False,2.2191106176135547,160.5381472862073,401.69654988523536,0.0,,,,,21.37890625,0.3515625,1019.903,122.623,400
144,easy-paced,easy-reuse-paced,EASY — steady arrivals at 50% of the slower server's capacity,EASY retain-reuse,tcp,retain-reuse,csharp,cpp,4,easy64k,easy,16,64,13902.533,steady,4194304,8,30,15,,0.12416820281477227,0.20773885527808061,True,0,"{""cpp"": ""aeddcdfc46d1dd5157b06cd27570a6f2985aa0d6ec6110389e4aefb1364bb27c"", ""csharp"": ""652af22a6cf4781f89f8cf74b458d6744e22d07c70f7c94ea737c3d57b8a98ac""}",F:\SocketServerClient\results\final-campaign-20260929\0144-easy-reuse-paced-csharp,True,5492570.766666667,857.9028761545817,,,0.3534782104991087,,True,scheduled,417076,412313,4763,412313,0,0,0,0.200191,inf,inf,91.0366,6.488063,412313,0.487423,23745,10851,0.4,5770.9,67,0.6818879049625843,False,2.4231648324795647,176.97416768328915,442.82762022108017,,0,0,0,0,136.3671875,0.3515625,1021.951,118.271,400
145,easy-paced,easy-reuse-paced,EASY — steady arrivals at 50% of the slower server's capacity,EASY retain-reuse,tcp,retain-reuse,csharp,cpp,5,easy64k,easy,16,64,13902.533,steady,4194304,8,30,15,,0.4642980696112469,0.6688683778162583,True,0,"{""cpp"": ""aeddcdfc46d1dd5157b06cd27570a6f2985aa0d6ec6110389e4aefb1364bb27c"", ""csharp"": ""652af22a6cf4781f89f8cf74b458d6744e22d07c70f7c94ea737c3d57b8a98ac""}",F:\SocketServerClient\results\final-campaign-20260929\0145-easy-reuse-paced-csharp,True,5243922.4,819.0595800399781,,,0.26187718249398123,,True,scheduled,417076,393643,23433,393643,0,0,0,0.292863,inf,inf,164.9046,16.023551,393643,4.407295,108007,50066,1.103,2926.1,164,0.6996957646051247,False,2.5176975053456574,192.6317119826848,482.0027127577494,,0,0,0,0,103.3359375,0.3515625,985.087,152.575,381
146,easy-paced,easy-reuse-paced,EASY — steady arrivals at 50% of the slower server's capacity,EASY retain-reuse,tcp,retain-reuse,cpp,cpp,5,easy64k,easy,16,64,13902.533,steady,4194304,8,30,15,,0.20618432663029357,0.3850971801306429,,,"{""cpp"": ""aeddcdfc46d1dd5157b06cd27570a6f2985aa0d6ec6110389e4aefb1364bb27c"", ""csharp"": ""652af22a6cf4781f89f8cf74b458d6744e22d07c70f7c94ea737c3d57b8a98ac""}",F:\SocketServerClient\results\final-campaign-20260929\0146-easy-reuse-paced-cpp,True,5543073.566666666,865.7866292317708,,,0.0,,True,scheduled,417076,416100,976,416100,0,0,0,0.213503,2.588671,inf,29.8717,1.986559,416100,0.657407,8660,2487,0.4,716.0,0,0.704268092246838,True,2.269480628840152,164.2108267243451,410.88894977324145,0.0,,,,,21.40625,0.3515625,1011.711,127.231,400
147,easy-paced,easy-aggregate-paced,EASY — steady arrivals at 50% of the slower server's capacity,EASY aggregate,tcp,aggregate,csharp,cpp,5,easy64k,easy,16,64,17474.717,steady,4194304,8,30,15,,0.21680042576495068,0.35371236468045786,True,0,"{""cpp"": ""aeddcdfc46d1dd5157b06cd27570a6f2985aa0d6ec6110389e4aefb1364bb27c"", ""csharp"": ""652af22a6cf4781f89f8cf74b458d6744e22d07c70f7c94ea737c3d57b8a98ac""}",F:\SocketServerClient\results\final-campaign-20260929\0147-easy-aggregate-paced-csharp,True,6954613.6,1086.2590876579284,,,0.3434140287658805,,True,scheduled,524242,522059,2183,522059,0,0,0,0.190975,5.275647,inf,46.2652,3.768319,522059,0.626687,23796,5516,0.4,403.7,0,0.7764900081399982,True,2.549358071803602,147.01403481215723,367.85920517958033,,0,0,0,0,137.73828125,0.0,804.863,95.743,496
148,easy-paced,easy-aggregate-paced,EASY — steady arrivals at 50% of the slower server's capacity,EASY aggregate,tcp,aggregate,cpp,cpp,5,easy64k,easy,16,64,17474.717,steady,4194304,8,30,15,,0.09761359107353047,0.16365322885665515,,,"{""cpp"": ""aeddcdfc46d1dd5157b06cd27570a6f2985aa0d6ec6110389e4aefb1364bb27c"", ""csharp"": ""652af22a6cf4781f89f8cf74b458d6744e22d07c70f7c94ea737c3d57b8a98ac""}",F:\SocketServerClient\results\final-campaign-20260929\0148-easy-aggregate-paced-cpp,True,6981300.333333333,1090.4226214408875,,,0.0,,True,scheduled,524242,524060,182,524060,0,0,0,0.160255,0.940031,7.176191,18.5142,0.909311,524060,0.389119,4958,940,0.3,157.4,0,0.7614024807148991,True,2.0766039465552275,119.32078387970843,298.5637299473856,0.0,,,,,15.43359375,0.0,817.151,89.343,496
149,easy-paced,easy-aggregate-paced,EASY — steady arrivals at 50% of the slower server's capacity,EASY aggregate,tcp,aggregate,cpp,cpp,6,easy64k,easy,16,64,17474.717,steady,4194304,8,30,15,,0.09075597406106306,0.15468074712580712,,,"{""cpp"": ""aeddcdfc46d1dd5157b06cd27570a6f2985aa0d6ec6110389e4aefb1364bb27c"", ""csharp"": ""652af22a6cf4781f89f8cf74b458d6744e22d07c70f7c94ea737c3d57b8a98ac""}",F:\SocketServerClient\results\final-campaign-20260929\0149-easy-aggregate-paced-cpp,True,6981448.8,1090.4455532391867,,,0.0,,True,scheduled,524242,524071,171,524071,0,0,0,0.161279,0.620543,6.651903,29.4168,0.598015,524071,0.185343,3330,736,0.4,459.0,0,0.766597627935945,True,2.0828453366119497,119.67605534364618,299.4526052926925,0.0,,,,,15.42578125,0.0,817.151,89.343,496
150,easy-paced,easy-aggregate-paced,EASY — steady arrivals at 50% of the slower server's capacity,EASY aggregate,tcp,aggregate,csharp,cpp,6,easy64k,easy,16,64,17474.717,steady,4194304,8,30,15,,0.05278079930462785,0.08997127515796019,True,0,"{""cpp"": ""aeddcdfc46d1dd5157b06cd27570a6f2985aa0d6ec6110389e4aefb1364bb27c"", ""csharp"": ""652af22a6cf4781f89f8cf74b458d6744e22d07c70f7c94ea737c3d57b8a98ac""}",F:\SocketServerClient\results\final-campaign-20260929\0150-easy-aggregate-paced-csharp,True,6983722.333333333,1090.801342423757,,,0.4170307648261931,,True,scheduled,524242,524242,0,524242,0,0,0,0.160767,0.316415,1.478655,8.376,0.316415,524242,0.034303,974,70,0.3,417.7,0,0.7437333336485932,True,2.3358136307808195,134.15202330221538,335.6744878521042,,0,0,0,0,161.03515625,0.0,817.151,88.831,496
151,easy-paced,easy-reuse-paced,EASY — steady arrivals at 50% of the slower server's capacity,EASY retain-reuse,tcp,retain-reuse,csharp,cpp,6,easy64k,easy,16,64,13902.533,steady,4194304,8,30,15,,0.04768123508441389,0.07671449734755977,True,0,"{""cpp"": ""aeddcdfc46d1dd5157b06cd27570a6f2985aa0d6ec6110389e4aefb1364bb27c"", ""csharp"": ""652af22a6cf4781f89f8cf74b458d6744e22d07c70f7c94ea737c3d57b8a98ac""}",F:\SocketServerClient\results\final-campaign-20260929\0151-easy-reuse-paced-csharp,True,5551160.733333333,867.0496118545532,,,0.43232908656052593,,True,scheduled,417076,416707,369,416707,0,0,0,0.186879,0.385023,13.729791,15.7359,0.362495,416707,0.023807,2291,1171,0.4,208.3,0,0.6588736554403705,True,2.268000699080939,163.8966348057508,410.10270654590977,,0,0,0,0,152.65234375,0.3515625,1026.047,116.991,400
152,easy-paced,easy-reuse-paced,EASY — steady arrivals at 50% of the slower server's capacity,EASY retain-reuse,tcp,retain-reuse,cpp,cpp,6,easy64k,easy,16,64,13902.533,steady,4194304,8,30,15,,0.03194280241593088,0.0541747946667091,,,"{""cpp"": ""aeddcdfc46d1dd5157b06cd27570a6f2985aa0d6ec6110389e4aefb1364bb27c"", ""csharp"": ""652af22a6cf4781f89f8cf74b458d6744e22d07c70f7c94ea737c3d57b8a98ac""}",F:\SocketServerClient\results\final-campaign-20260929\0152-easy-reuse-paced-cpp,True,5556093.2,867.8174170176188,,,0.0,,True,scheduled,417076,417076,0,417076,0,0,0,0.190975,0.280575,0.630783,6.8986,0.280575,417076,0.016703,197,9,0.3,101.0,0,0.6547893846678958,True,2.1044167598573247,151.95072360912638,380.2104581123563,0.0,,,,,21.34765625,0.3515625,1019.903,122.367,400
153,hard-sustained,hard-allocate-poisson,HARD — Poisson arrivals at 70% of the slower server's capacity,HARD retain-allocate,tcp,retain-allocate,csharp,cpp,0,hardmix,hard,16,64,5471.62,poisson,4194304,64,60,20,,0.03385513246234764,0.06342893289033678,True,0,"{""cpp"": ""aeddcdfc46d1dd5157b06cd27570a6f2985aa0d6ec6110389e4aefb1364bb27c"", ""csharp"": ""652af22a6cf4781f89f8cf74b458d6744e22d07c70f7c94ea737c3d57b8a98ac""}",F:\SocketServerClient\results\final-campaign-20260929\0153-hard-allocate-poisson-csharp,True,1327047.4666666666,969.9176555315654,,,830.0377048330627,,True,scheduled,328335,328103,232,328103,0,0,0,0.741375,8.716287,17.956863,32.1867,8.519679,328103,1.318911,130951,9649,1.303,1661.5,3,0.6699473973240497,False,2.786051552765765,511.27237483351263,2106.804660048449,,79,79,0,598.398,1013.7890625,12.959834098815918,2490.367,249.343,320
154,hard-sustained,hard-allocate-poisson,HARD — Poisson arrivals at 70% of the slower server's capacity,HARD retain-allocate,tcp,retain-allocate,cpp,cpp,0,hardmix,hard,16,64,5471.62,poisson,4194304,64,60,20,,0.0384370217166017,0.0676931576396356,,,"{""cpp"": ""aeddcdfc46d1dd5157b06cd27570a6f2985aa0d6ec6110389e4aefb1364bb27c"", ""csharp"": ""652af22a6cf4781f89f8cf74b458d6744e22d07c70f7c94ea737c3d57b8a98ac""}",F:\SocketServerClient\results\final-campaign-20260929\0154-hard-allocate-poisson-cpp,True,1328027.9166666667,970.6302898248036,,,828.8107762432404,,True,scheduled,328335,328335,0,328335,0,0,0,0.501759,2.809855,4.571135,19.4033,2.809855,328335,1.101823,84666,255,1.503,776.5,0,0.6671824091888583,True,2.0530457280038887,376.4733427749098,1551.2879005106513,14.012231409992843,,,,,191.82421875,12.587779998779297,2457.599,204.799,320
155,hard-sustained,hard-reuse-poisson,HARD — Poisson arrivals at 70% of the slower server's capacity,HARD retain-reuse,tcp,retain-reuse,cpp,cpp,0,hardmix,hard,16,64,5589.232,poisson,4194304,64,60,20,,0.035648519223251476,0.06180981349166927,,,"{""cpp"": ""aeddcdfc46d1dd5157b06cd27570a6f2985aa0d6ec6110389e4aefb1364bb27c"", ""csharp"": ""652af22a6cf4781f89f8cf74b458d6744e22d07c70f7c94ea737c3d57b8a98ac""}",F:\SocketServerClient\results\final-campaign-20260929\0155-hard-reuse-poisson-cpp,True,1357074.0833333333,991.8407253106435,,,0.20696944302775935,,True,scheduled,335542,335532,10,335532,0,0,0,0.503807,2.908159,6.946815,31.2503,2.908159,335532,1.261567,87551,551,0.8,1190.7,5,0.6848358912119282,False,2.028400742899094,363.97422600526926,1499.8208443277213,0.0007659478082567386,,,,,696.66015625,42.65625,2383.871,183.807,320
156,hard-sustained,hard-reuse-poisson,HARD — Poisson arrivals at 70% of the slower server's capacity,HARD retain-reuse,tcp,retain-reuse,csharp,cpp,0,hardmix,hard,16,64,5589.232,poisson,4194304,64,60,20,,0.03753099897709504,0.07006090751962665,True,0,"{""cpp"": ""aeddcdfc46d1dd5157b06cd27570a6f2985aa0d6ec6110389e4aefb1364bb27c"", ""csharp"": ""652af22a6cf4781f89f8cf74b458d6744e22d07c70f7c94ea737c3d57b8a98ac""}",F:\SocketServerClient\results\final-campaign-20260929\0156-hard-reuse-poisson-csharp,True,1356033.0666666667,991.0830582777659,,,0.8337330175384443,,True,scheduled,335542,335273,269,335273,0,0,0,0.727039,4.833279,25.231359,40.9365,4.702207,335273,1.155071,130250,3036,1.203,1521.2,6,0.6681765000165464,False,2.774034289137916,498.14815090985553,2052.6277580403926,,0,0,0,0,903.4453125,42.65625,2326.527,260.095,320
157,hard-sustained,hard-allocate-poisson,HARD — Poisson arrivals at 70% of the slower server's capacity,HARD retain-allocate,tcp,retain-allocate,csharp,cpp,1,hardmix,hard,16,64,5471.62,poisson,4194304,64,60,20,,0.030259355563766393,0.056930547706039114,True,0,"{""cpp"": ""aeddcdfc46d1dd5157b06cd27570a6f2985aa0d6ec6110389e4aefb1364bb27c"", ""csharp"": ""652af22a6cf4781f89f8cf74b458d6744e22d07c70f7c94ea737c3d57b8a98ac""}",F:\SocketServerClient\results\final-campaign-20260929\0157-hard-allocate-poisson-csharp,True,1327482.05,970.2299877484639,,,830.0535388088156,,True,scheduled,328335,328237,98,328237,0,0,0,0.735231,7.798783,12.124159,24.4005,7.716863,328237,1.265663,129909,7815,1.203,960.6,0,0.6688842513818313,True,2.7628474554261193,506.8270030496257,2088.5604559295894,,80,80,0,606.756,1012.91015625,13.114398002624512,2490.367,232.959,320
158,hard-sustained,hard-allocate-poisson,HARD — Poisson arrivals at 70% of the slower server's capacity,HARD retain-allocate,tcp,retain-allocate,cpp,cpp,1,hardmix,hard,16,64,5471.62,poisson,4194304,64,60,20,,0.033758890071721066,0.05550975458593701,,,"{""cpp"": ""aeddcdfc46d1dd5157b06cd27570a6f2985aa0d6ec6110389e4aefb1364bb27c"", ""csharp"": ""652af22a6cf4781f89f8cf74b458d6744e22d07c70f7c94ea737c3d57b8a98ac""}",F:\SocketServerClient\results\final-campaign-20260929\0158-hard-allocate-poisson-cpp,True,1328027.9166666667,970.6302898248036,,,828.8107762432404,,True,scheduled,328335,328335,0,328335,0,0,0,0.511999,2.826239,4.104191,11.6165,2.826239,328335,1.142783,86495,111,1.703,732.9,0,0.6731285300057556,True,2.0267685932504387,371.61930650098225,1531.2864637956866,14.012231409992843,,,,,191.44921875,12.587779998779297,2449.407,203.775,320
159,hard-sustained,hard-reuse-poisson,HARD — Poisson arrivals at 70% of the slower server's capacity,HARD retain-reuse,tcp,retain-reuse,cpp,cpp,1,hardmix,hard,16,64,5589.232,poisson,4194304,64,60,20,,0.04372379916471979,0.06591494362654333,,,"{""cpp"": ""aeddcdfc46d1dd5157b06cd27570a6f2985aa0d6ec6110389e4aefb1364bb27c"", ""csharp"": ""652af22a6cf4781f89f8cf74b458d6744e22d07c70f7c94ea737c3d57b8a98ac""}",F:\SocketServerClient\results\final-campaign-20260929\0159-hard-reuse-poisson-cpp,True,1357101.5333333334,991.8609111626943,,,0.20696428838972927,,True,scheduled,335542,335542,0,335542,0,0,0,0.509951,2.834431,4.169727,16.8696,2.834431,335542,1.232895,88231,139,1.503,642.2,0,0.6815145091829214,True,2.0744993845281594,372.25220687723146,1533.9392560975639,0.0007659249810753944,,,,,696.48828125,42.65625,2334.719,170.495,320
160,hard-sustained,hard-reuse-poisson,HARD — Poisson arrivals at 70% of the slower server's capacity,HARD retain-reuse,tcp,retain-reuse,csharp,cpp,1,hardmix,hard,16,64,5589.232,poisson,4194304,64,60,20,,0.03800707729798399,0.058726142540943,True,0,"{""cpp"": ""aeddcdfc46d1dd5157b06cd27570a6f2985aa0d6ec6110389e4aefb1364bb27c"", ""csharp"": ""652af22a6cf4781f89f8cf74b458d6744e22d07c70f7c94ea737c3d57b8a98ac""}",F:\SocketServerClient\results\final-campaign-20260929\0160-hard-reuse-poisson-csharp,True,1357072.5166666666,991.8403383572896,,,0.853957282629143,,True,scheduled,335542,335538,4,335538,0,0,0,0.739327,4.407295,7.847935,21.7457,4.407295,335538,1.212415,131740,1960,1.403,659.5,0,0.6800110658307142,True,2.7461965554523977,492.77205562410217,2030.5434008308116,,0,0,0,0,906.875,42.65625,2252.799,227.327,320
161,hard-sustained,hard-reuse-poisson,HARD — Poisson arrivals at 70% of the slower server's capacity,HARD retain-reuse,tcp,retain-reuse,csharp,cpp,2,hardmix,hard,16,64,5589.232,poisson,4194304,64,60,20,,0.049394413039687245,0.07921277985501374,True,0,"{""cpp"": ""aeddcdfc46d1dd5157b06cd27570a6f2985aa0d6ec6110389e4aefb1364bb27c"", ""csharp"": ""652af22a6cf4781f89f8cf74b458d6744e22d07c70f7c94ea737c3d57b8a98ac""}",F:\SocketServerClient\results\final-campaign-20260929\0161-hard-reuse-poisson-csharp,True,1356760.9833333334,991.6110412597657,,,0.8446223897618277,,True,scheduled,335542,335464,78,335464,0,0,0,0.792575,4.947967,9.371647,35.0297,4.915199,335464,1.286143,140219,3176,1.403,982.8,0,0.6853531378878296,True,2.8030320724325013,503.03460281878233,2072.884969440455,,0,0,0,0,909.83203125,42.65625,2187.263,227.839,320
162,hard-sustained,hard-reuse-poisson,HARD — Poisson arrivals at 70% of the slower server's capacity,HARD retain-reuse,tcp,retain-reuse,cpp,cpp,2,hardmix,hard,16,64,5589.232,poisson,4194304,64,60,20,,0.058944352565906445,0.08794936331878316,,,"{""cpp"": ""aeddcdfc46d1dd5157b06cd27570a6f2985aa0d6ec6110389e4aefb1364bb27c"", ""csharp"": ""652af22a6cf4781f89f8cf74b458d6744e22d07c70f7c94ea737c3d57b8a98ac""}",F:\SocketServerClient\results\final-campaign-20260929\0162-hard-reuse-poisson-cpp,True,1357107.8833333333,991.8653567155202,,,0.20696428838972927,,True,scheduled,335542,335542,0,335542,0,0,0,0.528383,2.940927,4.538367,18.8381,2.940927,335542,1.335295,91650,197,1.603,987.8,0,0.6799925021055482,True,2.0499329607864665,367.7818276102545,1515.518169209227,0.0007659249810753944,,,,,695.609375,42.65625,2367.487,171.519,320
163,hard-sustained,hard-allocate-poisson,HARD — Poisson arrivals at 70% of the slower server's capacity,HARD retain-allocate,tcp,retain-allocate,csharp,cpp,2,hardmix,hard,16,64,5471.62,poisson,4194304,64,60,20,,0.0435236458033522,0.06750392721256464,True,0,"{""cpp"": ""aeddcdfc46d1dd5157b06cd27570a6f2985aa0d6ec6110389e4aefb1364bb27c"", ""csharp"": ""652af22a6cf4781f89f8cf74b458d6744e22d07c70f7c94ea737c3d57b8a98ac""}",F:\SocketServerClient\results\final-campaign-20260929\0163-hard-allocate-poisson-csharp,True,1327319.4,970.1108881314595,,,830.0510653884111,,True,scheduled,328335,328176,159,328176,0,0,0,0.759807,8.716287,14.712831,21.999,8.585215,328176,1.388543,133529,9753,1.403,1205.6,1,0.6741909847986425,False,2.761491937902772,506.58792842864807,2087.538100709493,,79,79,0,628.731,1016.03515625,12.799677848815918,2342.911,238.591,320
164,hard-sustained,hard-allocate-poisson,HARD — Poisson arrivals at 70% of the slower server's capacity,HARD retain-allocate,tcp,retain-allocate,cpp,cpp,2,hardmix,hard,16,64,5471.62,poisson,4194304,64,60,20,,0.0374423237094072,0.05784681805854774,,,"{""cpp"": ""aeddcdfc46d1dd5157b06cd27570a6f2985aa0d6ec6110389e4aefb1364bb27c"", ""csharp"": ""652af22a6cf4781f89f8cf74b458d6744e22d07c70f7c94ea737c3d57b8a98ac""}",F:\SocketServerClient\results\final-campaign-20260929\0164-hard-allocate-poisson-cpp,True,1328027.9166666667,970.6302898248036,,,828.8107762432404,,True,scheduled,328335,328335,0,328335,0,0,0,0.509951,2.801663,3.891199,8.5472,2.801663,328335,1.122303,86253,67,1.403,491.2,0,0.6699854879561987,True,2.0090329092407657,368.43087090928475,1518.14826516919,14.012231409992843,,,,,191.8203125,12.587779998779297,2482.175,205.823,320
165,hard-sustained,hard-allocate-poisson,HARD — Poisson arrivals at 70% of the slower server's capacity,HARD retain-allocate,tcp,retain-allocate,csharp,cpp,3,hardmix,hard,16,64,5471.62,poisson,4194304,64,60,20,,0.04156957987482805,0.07022328131152744,True,0,"{""cpp"": ""aeddcdfc46d1dd5157b06cd27570a6f2985aa0d6ec6110389e4aefb1364bb27c"", ""csharp"": ""652af22a6cf4781f89f8cf74b458d6744e22d07c70f7c94ea737c3d57b8a98ac""}",F:\SocketServerClient\results\final-campaign-20260929\0165-hard-allocate-poisson-csharp,True,1327259.45,970.0631257216136,,,830.0208598446234,,True,scheduled,328335,328212,123,328212,0,0,0,0.772095,8.306687,12.976127,18.2891,8.208383,328212,1.310719,135582,9544,0.8,934.1,0,0.6717529832707222,True,2.8017070998241556,514.0541783968898,2118.2091759613113,,80,80,0,625.107,1014.16015625,13.235029220581055,2367.487,247.807,320
166,hard-sustained,hard-allocate-poisson,HARD — Poisson arrivals at 70% of the slower server's capacity,HARD retain-allocate,tcp,retain-allocate,cpp,cpp,3,hardmix,hard,16,64,5471.62,poisson,4194304,64,60,20,,0.048621703875227795,0.07224334387279333,,,"{""cpp"": ""aeddcdfc46d1dd5157b06cd27570a6f2985aa0d6ec6110389e4aefb1364bb27c"", ""csharp"": ""652af22a6cf4781f89f8cf74b458d6744e22d07c70f7c94ea737c3d57b8a98ac""}",F:\SocketServerClient\results\final-campaign-20260929\0166-hard-allocate-poisson-cpp,True,1328027.9166666667,970.6302898248036,,,828.8107762432404,,True,scheduled,328335,328335,0,328335,0,0,0,0.518143,2.859007,4.014079,7.3297,2.859007,328335,1.175551,87945,56,1.703,730.9,0,0.6673991125697164,True,2.077323131937244,380.8990817305496,1569.5245045742956,14.012231409992843,,,,,191.5703125,12.587779998779297,2473.983,204.799,320
167,hard-sustained,hard-reuse-poisson,HARD — Poisson arrivals at 70% of the slower server's capacity,HARD retain-reuse,tcp,retain-reuse,cpp,cpp,3,hardmix,hard,16,64,5589.232,poisson,4194304,64,60,20,,0.062422316629405714,0.09806468498158598,,,"{""cpp"": ""aeddcdfc46d1dd5157b06cd27570a6f2985aa0d6ec6110389e4aefb1364bb27c"", ""csharp"": ""652af22a6cf4781f89f8cf74b458d6744e22d07c70f7c94ea737c3d57b8a98ac""}",F:\SocketServerClient\results\final-campaign-20260929\0167-hard-reuse-poisson-cpp,True,1356602.9833333334,991.4960130373637,,,0.20704034534687474,,True,scheduled,335542,335393,149,335393,0,0,0,0.542719,3.358719,16.023551,54.3751,3.317759,335393,1.576959,95593,1222,1.803,874.0,0,0.6867717158110199,True,2.0798980467399137,373.3027373856938,1538.1501407636383,0.0007662652470385488,,,,,696.2734375,42.65625,2334.719,156.159,320
168,hard-sustained,hard-reuse-poisson,HARD — Poisson arrivals at 70% of the slower server's capacity,HARD retain-reuse,tcp,retain-reuse,csharp,cpp,3,hardmix,hard,16,64,5589.232,poisson,4194304,64,60,20,,0.09130616126155838,0.16336324865421745,True,0,"{""cpp"": ""aeddcdfc46d1dd5157b06cd27570a6f2985aa0d6ec6110389e4aefb1364bb27c"", ""csharp"": ""652af22a6cf4781f89f8cf74b458d6744e22d07c70f7c94ea737c3d57b8a98ac""}",F:\SocketServerClient\results\final-campaign-20260929\0168-hard-reuse-poisson-csharp,True,1353942.0333333334,989.5523905277253,,,0.8055084894045369,,True,scheduled,335542,334757,785,334757,0,0,0,0.868351,11.468799,inf,73.0625,9.928703,334757,1.654783,151590,10772,1.0,696.5,0,0.6936982907172801,True,2.883012726829929,518.5197770322951,2136.586582290731,,0,0,0,0,909.28125,42.65625,2547.711,271.359,320
169,hard-sustained,hard-allocate-poisson,HARD — Poisson arrivals at 70% of the slower server's capacity,HARD retain-allocate,tcp,retain-allocate,csharp,cpp,4,hardmix,hard,16,64,5471.62,poisson,4194304,64,60,20,,0.06630336661984555,0.11550136693109354,True,0,"{""cpp"": ""aeddcdfc46d1dd5157b06cd27570a6f2985aa0d6ec6110389e4aefb1364bb27c"", ""csharp"": ""652af22a6cf4781f89f8cf74b458d6744e22d07c70f7c94ea737c3d57b8a98ac""}",F:\SocketServerClient\results\final-campaign-20260929\0169-hard-allocate-poisson-csharp,True,1325594.0333333334,968.8540675640106,,,830.0171106718649,,True,scheduled,328335,327690,645,327690,0,0,0,0.829439,10.715135,inf,45.4089,9.994239,327690,1.626111,143275,13672,1.303,1817.2,26,0.6762775412460179,False,2.8022531033099223,514.8253684885104,2121.098246356987,,79,79,0,609.165,1015.859375,13.911701202392578,2293.759,260.607,314
170,hard-sustained,hard-allocate-poisson,HARD — Poisson arrivals at 70% of the slower server's capacity,HARD retain-allocate,tcp,retain-allocate,cpp,cpp,4,hardmix,hard,16,64,5471.62,poisson,4194304,64,60,20,,0.06575100441754325,0.10757931508640732,,,"{""cpp"": ""aeddcdfc46d1dd5157b06cd27570a6f2985aa0d6ec6110389e4aefb1364bb27c"", ""csharp"": ""652af22a6cf4781f89f8cf74b458d6744e22d07c70f7c94ea737c3d57b8a98ac""}",F:\SocketServerClient\results\final-campaign-20260929\0170-hard-allocate-poisson-cpp,True,1327735.4166666667,970.4146897792816,,,828.8207608142707,,True,scheduled,328335,328276,59,328276,0,0,0,0.555007,3.080191,5.406719,26.1891,3.071999,328276,1.396735,95348,397,1.403,728.1,0,0.6858024431357481,True,2.106819766302927,386.39361391024624,1592.22974186682,14.012063020141587,,,,,191.9453125,12.587779998779297,2555.903,228.863,320
171,hard-sustained,hard-reuse-poisson,HARD — Poisson arrivals at 70% of the slower server's capacity,HARD retain-reuse,tcp,retain-reuse,csharp,cpp,4,hardmix,hard,16,64,5589.232,poisson,4194304,64,60,20,,0.06362803166759158,0.1099789001132754,True,0,"{""cpp"": ""aeddcdfc46d1dd5157b06cd27570a6f2985aa0d6ec6110389e4aefb1364bb27c"", ""csharp"": ""652af22a6cf4781f89f8cf74b458d6744e22d07c70f7c94ea737c3d57b8a98ac""}",F:\SocketServerClient\results\final-campaign-20260929\0171-hard-reuse-poisson-csharp,True,1356486.1333333333,991.4104869365692,,,0.8173828650156092,,True,scheduled,335542,335387,155,335387,0,0,0,0.808959,5.668863,16.154623,46.0134,5.570559,335387,1.384447,142898,4840,1.403,881.3,0,0.6690762697432749,True,2.8162001802680385,505.5260788283386,2083.05917553738,,0,0,0,0,904.890625,42.65625,2244.607,246.271,320
172,hard-sustained,hard-reuse-poisson,HARD — Poisson arrivals at 70% of the slower server's capacity,HARD retain-reuse,tcp,retain-reuse,cpp,cpp,4,hardmix,hard,16,64,5589.232,poisson,4194304,64,60,20,,0.06953277553926998,0.12097845810915829,,,"{""cpp"": ""aeddcdfc46d1dd5157b06cd27570a6f2985aa0d6ec6110389e4aefb1364bb27c"", ""csharp"": ""652af22a6cf4781f89f8cf74b458d6744e22d07c70f7c94ea737c3d57b8a98ac""}",F:\SocketServerClient\results\final-campaign-20260929\0172-hard-reuse-poisson-cpp,True,1356912.0833333333,991.7206143697102,,,0.20155872013692266,,True,scheduled,335542,335509,33,335509,0,0,0,0.544767,3.137535,7.536639,25.6723,3.129343,335509,1.462271,95656,627,1.403,934.8,0,0.6849062794735522,True,2.0890929488372927,374.8502275646853,1544.7086373907441,0.0007570586780086376,,,,,695.21484375,42.65625,2383.871,185.855,320
173,hard-burst,hard-allocate-burst,"HARD — bursts: 5 s at 60%, 1 s at 150% of the slower server's capacity",HARD retain-allocate,tcp,retain-allocate,csharp,cpp,0,hardmix,hard,16,64,7816.6,burst,4194304,64,60,20,,0.07516737460326271,0.12952777060645473,True,0,"{""cpp"": ""aeddcdfc46d1dd5157b06cd27570a6f2985aa0d6ec6110389e4aefb1364bb27c"", ""csharp"": ""652af22a6cf4781f89f8cf74b458d6744e22d07c70f7c94ea737c3d57b8a98ac""}",F:\SocketServerClient\results\final-campaign-20260929\0173-hard-allocate-burst-csharp,True,1244807.2666666666,909.8180558204651,,,829.9572649889554,,True,scheduled,351748,308009,43739,308009,0,0,0,1.179647,inf,inf,90.0474,26.083327,308009,1.527807,187686,91019,0.3,94.9,0,0.6633530156722732,True,2.7134205198818866,530.5749994318348,2187.483949945662,,74,74,0,565.7710000000001,1010.77734375,13.67316722869873,2818.047,232.959,288
174,hard-burst,hard-allocate-burst,"HARD — bursts: 5 s at 60%, 1 s at 150% of the slower server's capacity",HARD retain-allocate,tcp,retain-allocate,cpp,cpp,0,hardmix,hard,16,64,7816.6,burst,4194304,64,60,20,,0.08071045984910392,0.13348708518779515,,,"{""cpp"": ""aeddcdfc46d1dd5157b06cd27570a6f2985aa0d6ec6110389e4aefb1364bb27c"", ""csharp"": ""652af22a6cf4781f89f8cf74b458d6744e22d07c70f7c94ea737c3d57b8a98ac""}",F:\SocketServerClient\results\final-campaign-20260929\0174-hard-allocate-burst-cpp,True,1344777.3666666667,982.8528732935588,,,828.5973839876619,,True,scheduled,351748,332308,19440,332308,0,0,0,0.854015,inf,inf,50.8665,15.925247,332308,7.176191,165878,66900,0.4,1277.4,5,0.6942484667349785,False,2.114299443949335,383.11596470744007,1577.5349457833534,14.013839570518916,,,,,194.12109375,14.407709121704102,1871.871,208.895,320
175,hard-burst,hard-reuse-burst,"HARD — bursts: 5 s at 60%, 1 s at 150% of the slower server's capacity",HARD retain-reuse,tcp,retain-reuse,cpp,cpp,0,hardmix,hard,16,64,7984.617,burst,4194304,64,60,20,,0.06288775691731291,0.110948647986013,,,"{""cpp"": ""aeddcdfc46d1dd5157b06cd27570a6f2985aa0d6ec6110389e4aefb1364bb27c"", ""csharp"": ""652af22a6cf4781f89f8cf74b458d6744e22d07c70f7c94ea737c3d57b8a98ac""}",F:\SocketServerClient\results\final-campaign-20260929\0175-hard-reuse-burst-cpp,True,1395206.95,1019.6952509085337,,,0.1593804467441359,,True,scheduled,359308,344949,14359,344949,0,0,0,0.800767,inf,inf,45.2188,15.106047,344949,7.258111,165434,58630,0.4,323.4,0,0.6952681452921112,True,2.10750413852464,367.8532913561135,1515.483021018651,0.0006000887087656436,,,,,696.125,42.65625,2646.015,180.223,336
176,hard-burst,hard-reuse-burst,"HARD — bursts: 5 s at 60%, 1 s at 150% of the slower server's capacity",HARD retain-reuse,tcp,retain-reuse,csharp,cpp,0,hardmix,hard,16,64,7984.617,burst,4194304,64,60,20,,0.05533066419558905,0.10109249068782089,True,0,"{""cpp"": ""aeddcdfc46d1dd5157b06cd27570a6f2985aa0d6ec6110389e4aefb1364bb27c"", ""csharp"": ""652af22a6cf4781f89f8cf74b458d6744e22d07c70f7c94ea737c3d57b8a98ac""}",F:\SocketServerClient\results\final-campaign-20260929\0176-hard-reuse-burst-csharp,True,1282136.65,937.1115938822428,,,0.7554780515218378,,True,scheduled,359308,316706,42602,316706,0,0,0,1.073151,inf,inf,73.7937,24.248319,316706,1.314815,184719,86823,0.3,1419.2,3,0.6648861265648488,False,2.682620715648681,510.0353324534426,2099.2739528839393,,0,0,0,0,901.53125,42.65625,2924.543,258.559,304
177,hard-burst,hard-allocate-burst,"HARD — bursts: 5 s at 60%, 1 s at 150% of the slower server's capacity",HARD retain-allocate,tcp,retain-allocate,csharp,cpp,1,hardmix,hard,16,64,7816.6,burst,4194304,64,60,20,,0.0625655565008963,0.11279471222739838,True,0,"{""cpp"": ""aeddcdfc46d1dd5157b06cd27570a6f2985aa0d6ec6110389e4aefb1364bb27c"", ""csharp"": ""652af22a6cf4781f89f8cf74b458d6744e22d07c70f7c94ea737c3d57b8a98ac""}",F:\SocketServerClient\results\final-campaign-20260929\0177-hard-allocate-burst-csharp,True,1246672.6666666667,911.1137074788411,,,829.556111485653,,True,scheduled,351748,307950,43798,307950,0,0,0,1.150975,inf,inf,69.7748,25.100287,307950,1.507327,185783,91021,0.4,1060.9,1,0.6610369685635438,False,2.6790789868040266,523.8776587108297,2156.3790786587206,,74,74,0,566.155,1010.80078125,13.928533554077148,2973.695,236.031,288
178,hard-burst,hard-allocate-burst,"HARD — bursts: 5 s at 60%, 1 s at 150% of the slower server's capacity",HARD retain-allocate,tcp,retain-allocate,cpp,cpp,1,hardmix,hard,16,64,7816.6,burst,4194304,64,60,20,,0.08314758837113484,0.1519877026874077,,,"{""cpp"": ""aeddcdfc46d1dd5157b06cd27570a6f2985aa0d6ec6110389e4aefb1364bb27c"", ""csharp"": ""652af22a6cf4781f89f8cf74b458d6744e22d07c70f7c94ea737c3d57b8a98ac""}",F:\SocketServerClient\results\final-campaign-20260929\0178-hard-allocate-burst-cpp,True,1356885.7,991.6472249984741,,,828.5470489237471,,True,scheduled,351748,335159,16589,335159,0,0,0,0.864255,inf,inf,64.5876,15.237119,335159,6.045695,166662,64103,0.3,1424.8,5,0.6938184529452317,False,2.1807592045256126,391.74503742999593,1612.409197587631,14.016711471271844,,,,,194.38671875,13.72264289855957,1925.119,216.575,320
179,hard-burst,hard-reuse-burst,"HARD — bursts: 5 s at 60%, 1 s at 150% of the slower server's capacity",HARD retain-reuse,tcp,retain-reuse,cpp,cpp,1,hardmix,hard,16,64,7984.617,burst,4194304,64,60,20,,0.056428855613687726,0.09782256979577353,,,"{""cpp"": ""aeddcdfc46d1dd5157b06cd27570a6f2985aa0d6ec6110389e4aefb1364bb27c"", ""csharp"": ""652af22a6cf4781f89f8cf74b458d6744e22d07c70f7c94ea737c3d57b8a98ac""}",F:\SocketServerClient\results\final-campaign-20260929\0179-hard-reuse-burst-cpp,True,1384591.6333333333,1011.9525836626689,,,0.1688915400406081,,True,scheduled,359308,341928,17380,341928,0,0,0,0.796671,inf,inf,65.5148,15.138815,341928,6.995967,165546,62645,0.3,9072.0,97,0.6892412542625669,False,2.099791592560181,369.77814042722446,1521.6609298369742,0.0006434103086029807,,,,,696.5703125,42.65625,2973.695,177.663,320
180,hard-burst,hard-reuse-burst,"HARD — bursts: 5 s at 60%, 1 s at 150% of the slower server's capacity",HARD retain-reuse,tcp,retain-reuse,csharp,cpp,1,hardmix,hard,16,64,7984.617,burst,4194304,64,60,20,,0.08954457820955805,0.14940749299384473,True,0,"{""cpp"": ""aeddcdfc46d1dd5157b06cd27570a6f2985aa0d6ec6110389e4aefb1364bb27c"", ""csharp"": ""652af22a6cf4781f89f8cf74b458d6744e22d07c70f7c94ea737c3d57b8a98ac""}",F:\SocketServerClient\results\final-campaign-20260929\0180-hard-reuse-burst-csharp,True,1279618.1666666667,935.2643724441529,,,0.7910361185283245,,True,scheduled,359308,316471,42837,316471,0,0,0,1.009663,inf,inf,52.9795,24.575999,316471,1.196031,180220,86998,0.3,860.2,0,0.6620885437451232,True,2.6718894193545175,508.3897892697909,2095.0946470858744,,0,0,0,0,893.78515625,42.65625,2891.775,215.551,304
181,hard-burst,hard-allocate-burst,"HARD — bursts: 5 s at 60%, 1 s at 150% of the slower server's capacity",HARD retain-allocate,tcp,retain-allocate,csharp,cpp,2,hardmix,hard,16,64,7816.6,burst,4194304,64,60,20,,0.06274482589962292,0.10534794713585417,True,0,"{""cpp"": ""aeddcdfc46d1dd5157b06cd27570a6f2985aa0d6ec6110389e4aefb1364bb27c"", ""csharp"": ""652af22a6cf4781f89f8cf74b458d6744e22d07c70f7c94ea737c3d57b8a98ac""}",F:\SocketServerClient\results\final-campaign-20260929\0181-hard-allocate-burst-csharp,True,1240063.7166666666,906.3922199567158,,,829.7911245100316,,True,scheduled,351748,306772,44976,306772,0,0,0,1.265663,inf,inf,68.8003,26.673151,306772,1.802239,192284,95253,0.4,242.6,0,0.6654118303732259,True,2.6790983400289456,525.8893412697378,2167.7212411108185,,74,74,0,645.6410000000001,1011.546875,14.15199089050293,3031.039,222.719,288
182,hard-burst,hard-allocate-burst,"HARD — bursts: 5 s at 60%, 1 s at 150% of the slower server's capacity",HARD retain-allocate,tcp,retain-allocate,cpp,cpp,2,hardmix,hard,16,64,7816.6,burst,4194304,64,60,20,,0.04783028294973109,0.0865761709944664,,,"{""cpp"": ""aeddcdfc46d1dd5157b06cd27570a6f2985aa0d6ec6110389e4aefb1364bb27c"", ""csharp"": ""652af22a6cf4781f89f8cf74b458d6744e22d07c70f7c94ea737c3d57b8a98ac""}",F:\SocketServerClient\results\final-campaign-20260929\0182-hard-allocate-burst-cpp,True,1363876.8,996.8165663083395,,,828.8414990996738,,True,scheduled,351748,337239,14509,337239,0,0,0,0.788479,inf,inf,46.1541,15.007743,337239,5.619711,161359,61251,0.3,1049.8,1,0.6821011736746498,False,2.1206965054376576,378.5798054198951,1559.9269509900803,14.012593442632673,,,,,193.8984375,13.700309753417969,2035.711,179.711,320
183,hard-burst,hard-reuse-burst,"HARD — bursts: 5 s at 60%, 1 s at 150% of the slower server's capacity",HARD retain-reuse,tcp,retain-reuse,csharp,cpp,2,hardmix,hard,16,64,7984.617,burst,4194304,64,60,20,,0.1234876125153353,0.21327790945857275,True,0,"{""cpp"": ""aeddcdfc46d1dd5157b06cd27570a6f2985aa0d6ec6110389e4aefb1364bb27c"", ""csharp"": ""652af22a6cf4781f89f8cf74b458d6744e22d07c70f7c94ea737c3d57b8a98ac""}",F:\SocketServerClient\results\final-campaign-20260929\0183-hard-reuse-burst-csharp,True,1252505.4,915.4334554513296,,,0.7730753463351415,,True,scheduled,359308,309841,49467,309841,0,0,0,1.314815,inf,inf,107.7936,27.590655,309841,1.662975,200285,97661,0.4,3747.2,24,0.6745160444886806,False,2.751587727772758,534.7500814934111,2204.110232077326,,0,0,0,0,899.50390625,42.65625,2662.399,287.743,288
184,hard-burst,hard-reuse-burst,"HARD — bursts: 5 s at 60%, 1 s at 150% of the slower server's capacity",HARD retain-reuse,tcp,retain-reuse,cpp,cpp,2,hardmix,hard,16,64,7984.617,burst,4194304,64,60,20,,0.06559179363791928,0.10795446210048595,,,"{""cpp"": ""aeddcdfc46d1dd5157b06cd27570a6f2985aa0d6ec6110389e4aefb1364bb27c"", ""csharp"": ""652af22a6cf4781f89f8cf74b458d6744e22d07c70f7c94ea737c3d57b8a98ac""}",F:\SocketServerClient\results\final-campaign-20260929\0184-hard-reuse-burst-cpp,True,1388776.4833333334,1015.0106181144714,,,0.16955833354250865,,True,scheduled,359308,343361,15947,343361,0,0,0,0.794623,inf,inf,59.6365,14.778367,343361,6.766591,165214,62364,0.3,1206.8,3,0.6894990102703363,False,2.1184779694408635,371.5113248155731,1530.5694417840916,0.0006349002944422925,,,,,696.1953125,42.65625,2883.583,195.583,321
185,hard-burst,hard-reuse-burst,"HARD — bursts: 5 s at 60%, 1 s at 150% of the slower server's capacity",HARD retain-reuse,tcp,retain-reuse,csharp,cpp,3,hardmix,hard,16,64,7984.617,burst,4194304,64,60,20,,0.06728511104509381,0.10809602754632987,True,0,"{""cpp"": ""aeddcdfc46d1dd5157b06cd27570a6f2985aa0d6ec6110389e4aefb1364bb27c"", ""csharp"": ""652af22a6cf4781f89f8cf74b458d6744e22d07c70f7c94ea737c3d57b8a98ac""}",F:\SocketServerClient\results\final-campaign-20260929\0185-hard-reuse-burst-csharp,True,1267230.7166666666,926.2184387365977,,,0.7567480657937795,,True,scheduled,359308,313511,45797,313511,0,0,0,1.085439,inf,inf,66.7187,25.165823,313511,1.339391,185593,91329,0.3,1093.4,2,0.6679537665074677,False,2.6676588988436136,512.3923084038519,2112.222105286078,,0,0,0,0,893.8203125,42.65625,2768.895,239.615,304
186,hard-burst,hard-reuse-burst,"HARD — bursts: 5 s at 60%, 1 s at 150% of the slower server's capacity",HARD retain-reuse,tcp,retain-reuse,cpp,cpp,3,hardmix,hard,16,64,7984.617,burst,4194304,64,60,20,,0.06798644910316023,0.11662330418533157,,,"{""cpp"": ""aeddcdfc46d1dd5157b06cd27570a6f2985aa0d6ec6110389e4aefb1364bb27c"", ""csharp"": ""652af22a6cf4781f89f8cf74b458d6744e22d07c70f7c94ea737c3d57b8a98ac""}",F:\SocketServerClient\results\final-campaign-20260929\0186-hard-reuse-burst-cpp,True,1381075.1333333333,1009.4207003275553,,,0.1728855550762664,,True,scheduled,359308,341348,17960,341348,0,0,0,0.800767,inf,inf,60.248,15.564799,341348,7.929855,165525,63338,0.4,1714.6,10,0.6941642287266033,False,2.1378991698915804,377.1352842260684,1553.2681875725805,0.0006650104878306011,,,,,696.38671875,42.65625,2580.479,198.655,320
187,hard-burst,hard-allocate-burst,"HARD — bursts: 5 s at 60%, 1 s at 150% of the slower server's capacity",HARD retain-allocate,tcp,retain-allocate,csharp,cpp,3,hardmix,hard,16,64,7816.6,burst,4194304,64,60,20,,0.0657527614894634,0.10959571668428195,True,0,"{""cpp"": ""aeddcdfc46d1dd5157b06cd27570a6f2985aa0d6ec6110389e4aefb1364bb27c"", ""csharp"": ""652af22a6cf4781f89f8cf74b458d6744e22d07c70f7c94ea737c3d57b8a98ac""}",F:\SocketServerClient\results\final-campaign-20260929\0187-hard-allocate-burst-csharp,True,1254409.85,916.8581420739491,,,829.5214129405559,,True,scheduled,351748,309675,42073,309675,0,0,0,1.159167,inf,inf,72.5455,26.411007,309675,1.392639,186072,89494,0.3,138.3,0,0.6714094711968499,True,2.6872883441452995,522.4227012190199,2149.045730378061,,75,75,0,591.866,1011.5,14.825130462646484,2867.199,184.319,288
188,hard-burst,hard-allocate-burst,"HARD — bursts: 5 s at 60%, 1 s at 150% of the slower server's capacity",HARD retain-allocate,tcp,retain-allocate,cpp,cpp,3,hardmix,hard,16,64,7816.6,burst,4194304,64,60,20,,0.06531985383860726,0.11590028838963921,,,"{""cpp"": ""aeddcdfc46d1dd5157b06cd27570a6f2985aa0d6ec6110389e4aefb1364bb27c"", ""csharp"": ""652af22a6cf4781f89f8cf74b458d6744e22d07c70f7c94ea737c3d57b8a98ac""}",F:\SocketServerClient\results\final-campaign-20260929\0188-hard-allocate-burst-cpp,True,1355346.2833333334,990.5473375161489,,,828.7927688435459,,True,scheduled,351748,335251,16497,335251,0,0,0,0.815103,inf,inf,36.9745,14.942207,335251,5.537791,163290,64564,0.3,536.2,0,0.6918801222901074,True,2.1310752739583316,382.73562196682485,1577.5747720033305,14.010293779884325,,,,,195.00390625,13.460304260253906,1777.663,199.167,320
189,hard-burst,hard-allocate-burst,"HARD — bursts: 5 s at 60%, 1 s at 150% of the slower server's capacity",HARD retain-allocate,tcp,retain-allocate,cpp,cpp,4,hardmix,hard,16,64,7816.6,burst,4194304,64,60,20,,0.057211866767315614,0.10251395222500641,,,"{""cpp"": ""aeddcdfc46d1dd5157b06cd27570a6f2985aa0d6ec6110389e4aefb1364bb27c"", ""csharp"": ""652af22a6cf4781f89f8cf74b458d6744e22d07c70f7c94ea737c3d57b8a98ac""}",F:\SocketServerClient\results\final-campaign-20260929\0189-hard-allocate-burst-cpp,True,1355265.0166666666,990.4984753926595,,,828.56038912457,,True,scheduled,351748,334847,16901,334847,0,0,0,0.808959,inf,inf,45.2372,15.826943,334847,4.915199,162764,64657,0.3,629.8,0,0.6880484665579738,True,2.13022579725731,383.01074819245804,1576.9358602948687,14.015018799630877,,,,,194.65234375,14.053712844848633,1769.471,215.039,320
190,hard-burst,hard-allocate-burst,"HARD — bursts: 5 s at 60%, 1 s at 150% of the slower server's capacity",HARD retain-allocate,tcp,retain-allocate,csharp,cpp,4,hardmix,hard,16,64,7816.6,burst,4194304,64,60,20,,0.05571841002545609,0.1007450232893774,True,0,"{""cpp"": ""aeddcdfc46d1dd5157b06cd27570a6f2985aa0d6ec6110389e4aefb1364bb27c"", ""csharp"": ""652af22a6cf4781f89f8cf74b458d6744e22d07c70f7c94ea737c3d57b8a98ac""}",F:\SocketServerClient\results\final-campaign-20260929\0190-hard-allocate-burst-csharp,True,1243923.2833333334,909.1872470060985,,,829.7109556242784,,True,scheduled,351748,307468,44280,307468,0,0,0,1.142783,inf,inf,58.9024,26.148863,307468,1.327103,184834,92165,0.4,207.8,0,0.6602453499607668,True,2.664570527333334,521.8022688539945,2149.061058396112,,74,74,0,581.202,1011.79296875,14.838703155517578,2940.927,264.191,288
191,hard-burst,hard-reuse-burst,"HARD — bursts: 5 s at 60%, 1 s at 150% of the slower server's capacity",HARD retain-reuse,tcp,retain-reuse,cpp,cpp,4,hardmix,hard,16,64,7984.617,burst,4194304,64,60,20,,0.04911383102936128,0.08881432447753689,,,"{""cpp"": ""aeddcdfc46d1dd5157b06cd27570a6f2985aa0d6ec6110389e4aefb1364bb27c"", ""csharp"": ""652af22a6cf4781f89f8cf74b458d6744e22d07c70f7c94ea737c3d57b8a98ac""}",F:\SocketServerClient\results\final-campaign-20260929\0191-hard-reuse-burst-cpp,True,1392706.0333333334,1017.9056242307028,,,0.166138300373713,,True,scheduled,359308,344365,14943,344365,0,0,0,0.784383,inf,inf,59.3934,14.680063,344365,5.668863,164383,61030,0.3,563.8,0,0.6952640341796769,True,2.152646716814182,376.37209065961986,1550.72896697191,0.0006214336532458293,,,,,696.375,42.65625,2875.391,180.735,331
192,hard-burst,hard-reuse-burst,"HARD — bursts: 5 s at 60%, 1 s at 150% of the slower server's capacity",HARD retain-reuse,tcp,retain-reuse,csharp,cpp,4,hardmix,hard,16,64,7984.617,burst,4194304,64,60,20,,0.05489476360132022,0.09522568074096298,True,0,"{""cpp"": ""aeddcdfc46d1dd5157b06cd27570a6f2985aa0d6ec6110389e4aefb1364bb27c"", ""csharp"": ""652af22a6cf4781f89f8cf74b458d6744e22d07c70f7c94ea737c3d57b8a98ac""}",F:\SocketServerClient\results\final-campaign-20260929\0192-hard-reuse-burst-csharp,True,1274619.4,931.5880037784576,,,0.749413933082118,,True,scheduled,359308,315319,43989,315319,0,0,0,1.034239,inf,inf,60.7122,24.772607,315319,1.277951,182140,88260,0.3,261.0,0,0.6630206306520423,True,2.665113033913295,509.10744357301655,2098.546906478612,,0,0,0,0,899.578125,42.65625,2924.543,251.391,304
193,hard-overload,hard-allocate-overload,HARD — steady overload at 120% of the slower server's capacity,HARD retain-allocate,tcp,retain-allocate,csharp,cpp,0,hardmix,hard,16,64,9379.92,steady,4194304,64,30,20,,0.06256216739444426,0.12966020132155961,True,0,"{""cpp"": ""aeddcdfc46d1dd5157b06cd27570a6f2985aa0d6ec6110389e4aefb1364bb27c"", ""csharp"": ""652af22a6cf4781f89f8cf74b458d6744e22d07c70f7c94ea737c3d57b8a98ac""}",F:\SocketServerClient\results\final-campaign-20260929\0193-hard-allocate-overload-csharp,True,1857934.5333333334,1358.0542875289916,,,829.2969218877284,partner_excluded,False,scheduled,281398,229779,51619,229779,0,0,0,6.864895,inf,inf,69.9494,42.336255,229779,2.375679,263319,171059,0.4,244.1,0,0.817316042587062,True,3.937727154739852,517.8889280569591,2134.2537813910394,,56,56,0,424.719,1013.81640625,13.904172897338867,1462.271,274.431,221
194,hard-overload,hard-allocate-overload,HARD — steady overload at 120% of the slower server's capacity,HARD retain-allocate,tcp,retain-allocate,cpp,cpp,0,hardmix,hard,16,64,9379.92,steady,4194304,64,30,20,,0.062199890202361996,0.12667501151032978,,,"{""cpp"": ""aeddcdfc46d1dd5157b06cd27570a6f2985aa0d6ec6110389e4aefb1364bb27c"", ""csharp"": ""652af22a6cf4781f89f8cf74b458d6744e22d07c70f7c94ea737c3d57b8a98ac""}",F:\SocketServerClient\results\final-campaign-20260929\0194-hard-allocate-overload-cpp,True,2271913.2333333334,1660.4854870478312,,,828.8022230168833,client_cpu_over_85pct,False,scheduled,281398,280885,513,280885,0,0,0,1.228799,8.257535,inf,26.9629,7.749631,280885,4.833279,167318,9767,0.4,261.0,0,0.8972807472905441,True,3.516562834605404,378.04617548106876,1557.841490041001,14.011862506007796,,,,,192.3046875,13.081522941589355,1298.431,250.367,272
195,hard-overload,hard-allocate-overload,HARD — steady overload at 120% of the slower server's capacity,HARD retain-allocate,tcp,retain-allocate,cpp,cpp,1,hardmix,hard,16,64,9379.92,steady,4194304,64,30,20,,0.1135404468508358,0.19162868387064153,,,"{""cpp"": ""aeddcdfc46d1dd5157b06cd27570a6f2985aa0d6ec6110389e4aefb1364bb27c"", ""csharp"": ""652af22a6cf4781f89f8cf74b458d6744e22d07c70f7c94ea737c3d57b8a98ac""}",F:\SocketServerClient\results\final-campaign-20260929\0195-hard-allocate-overload-cpp,True,2184326.466666667,1596.5376840909323,,,828.6101444817351,client_cpu_over_85pct,False,scheduled,281398,269926,11472,269926,0,0,0,2.842623,inf,inf,71.9376,22.609919,269926,9.797631,238534,83224,0.3,743.6,0,0.895226629399522,True,3.499926603046968,391.60038306795195,1612.8258895303381,14.013092477197453,,,,,194.53515625,13.467551231384277,1175.551,209.407,256
196,hard-overload,hard-allocate-overload,HARD — steady overload at 120% of the slower server's capacity,HARD retain-allocate,tcp,retain-allocate,csharp,cpp,1,hardmix,hard,16,64,9379.92,steady,4194304,64,30,20,,0.11656419879965373,0.1398463724686942,True,0,"{""cpp"": ""aeddcdfc46d1dd5157b06cd27570a6f2985aa0d6ec6110389e4aefb1364bb27c"", ""csharp"": ""652af22a6cf4781f89f8cf74b458d6744e22d07c70f7c94ea737c3d57b8a98ac""}",F:\SocketServerClient\results\final-campaign-20260929\0196-hard-allocate-overload-csharp,True,1759393.3333333333,1285.8545623143514,,,827.9924524366669,partner_excluded,False,scheduled,281398,216239,65159,216239,0,0,0,9.011199,inf,inf,63.3483,34.996223,216239,6.553599,269763,194022,0.3,910.7,0,0.7878219115854046,True,3.7409672160758625,522.4976761823723,2139.916501789814,,53,53,0,443.129,1015.65625,14.166620254516602,1490.943,267.263,208
197,hard-overload,hard-allocate-overload,HARD — steady overload at 120% of the slower server's capacity,HARD retain-allocate,tcp,retain-allocate,cpp,cpp,2,hardmix,hard,16,64,9379.92,steady,4194304,64,30,20,,0.11509161649313747,0.14991450090751213,,,"{""cpp"": ""aeddcdfc46d1dd5157b06cd27570a6f2985aa0d6ec6110389e4aefb1364bb27c"", ""csharp"": ""652af22a6cf4781f89f8cf74b458d6744e22d07c70f7c94ea737c3d57b8a98ac""}",F:\SocketServerClient\results\final-campaign-20260929\0197-hard-allocate-overload-cpp,True,2245749.3666666667,1641.3349982261657,,,828.5691299556419,client_cpu_over_85pct,False,scheduled,281398,277433,3965,277433,0,0,0,2.392063,inf,inf,47.9703,16.711679,277433,9.371647,236752,58397,0.3,292.9,0,0.9007358667191734,True,3.5284907457988095,384.04542718422107,1581.2485667427568,14.01495856657283,,,,,192.9140625,13.711166381835938,1077.247,165.375,256
198,hard-overload,hard-allocate-overload,HARD — steady overload at 120% of the slower server's capacity,HARD retain-allocate,tcp,retain-allocate,csharp,cpp,2,hardmix,hard,16,64,9379.92,steady,4194304,64,30,20,,0.11016595320238477,0.12682186731670125,True,0,"{""cpp"": ""aeddcdfc46d1dd5157b06cd27570a6f2985aa0d6ec6110389e4aefb1364bb27c"", ""csharp"": ""652af22a6cf4781f89f8cf74b458d6744e22d07c70f7c94ea737c3d57b8a98ac""}",F:\SocketServerClient\results\final-campaign-20260929\0198-hard-allocate-overload-csharp,True,1754825.2666666666,1282.705784479777,,,828.4268357248767,partner_excluded,False,scheduled,281398,216205,65193,216205,0,0,0,9.043967,inf,inf,69.931,35.651583,216205,6.406143,269822,195663,0.3,771.4,0,0.7909758287915625,True,3.7160865144402253,519.1831826275989,2131.469332229362,,52,52,0,423.74899999999997,1013.2734375,14.316479682922363,1482.751,320.511,208
199,csharp-default-gc,default-gc-hard-allocate-sat,C# server with the runtime-default GC (DATAS on); C++ unchanged,"HARD retain-allocate, saturation (C# DATAS on)",tcp,retain-allocate,cpp,cpp,0,hardmix,hard,16,64,0,steady,4194304,64,60,20,,0.11140781062562682,0.11266559342216363,,,"{""cpp"": ""aeddcdfc46d1dd5157b06cd27570a6f2985aa0d6ec6110389e4aefb1364bb27c"", ""csharp"": ""652af22a6cf4781f89f8cf74b458d6744e22d07c70f7c94ea737c3d57b8a98ac""}",F:\SocketServerClient\results\final-campaign-20260929\0199-default-gc-hard-allocate-sat-cpp,True,2330786.05,1703.5100439389546,,,828.8522681794999,,True,closed-loop,576504,576504,0,576504,0,0,0,6.307839,11.206655,19.398655,54.1906,11.206655,576504,0.0,576294,499747,,,,0.6164596718622711,,3.7667128942116626,393.3732463261313,1621.4450577893476,14.01057581560579,,,,,200.37890625,12.587779998779297,1265.663,217.599,558
200,csharp-default-gc,default-gc-hard-allocate-sat,C# server with the runtime-default GC (DATAS on); C++ unchanged,"HARD retain-allocate, saturation (C# DATAS on)",tcp,retain-allocate,csharp,cpp,0,hardmix,hard,16,64,0,steady,4194304,64,60,20,,0.10544644296471471,0.10318489651603215,True,1,"{""cpp"": ""aeddcdfc46d1dd5157b06cd27570a6f2985aa0d6ec6110389e4aefb1364bb27c"", ""csharp"": ""652af22a6cf4781f89f8cf74b458d6744e22d07c70f7c94ea737c3d57b8a98ac""}",F:\SocketServerClient\results\final-campaign-20260929\0200-default-gc-hard-allocate-sat-csharp,True,1618487.3166666667,1182.9230715751648,,,855.7651311052576,,True,closed-loop,400336,400336,0,400336,0,0,0,8.683519,23.330815,31.784959,51.7016,23.330815,400336,0.0,400297,382821,,,,0.4610924965065529,,3.649458515764905,548.7968231685385,2262.091955355568,,813,359,120,3916.8720000000003,1103.2265625,12.587779998779297,1335.295,269.311,384
201,csharp-default-gc,default-gc-hard-allocate-poisson,C# server with the runtime-default GC (DATAS on); C++ unchanged,"HARD retain-allocate, Poisson at 70% (C# DATAS on)",tcp,retain-allocate,csharp,cpp,0,hardmix,hard,16,64,5471.62,poisson,4194304,64,60,20,,0.10907018555180528,0.15394455807301582,True,1,"{""cpp"": ""aeddcdfc46d1dd5157b06cd27570a6f2985aa0d6ec6110389e4aefb1364bb27c"", ""csharp"": ""652af22a6cf4781f89f8cf74b458d6744e22d07c70f7c94ea737c3d57b8a98ac""}",F:\SocketServerClient\results\final-campaign-20260929\0201-default-gc-hard-allocate-poisson-csharp,True,1307877.4333333333,955.870414463679,,,829.8523389014989,,True,scheduled,328335,323386,4949,323386,0,0,0,1.667071,inf,inf,59.612,18.022399,323386,3.375103,215015,56565,0.5,950.4,0,0.6772473558263234,True,2.8580837292159322,532.1137124056081,2192.7954187508835,,1095,202,73,3057.966,965.4921875,13.314641952514648,2011.135,214.015,304
202,csharp-default-gc,default-gc-hard-allocate-poisson,C# server with the runtime-default GC (DATAS on); C++ unchanged,"HARD retain-allocate, Poisson at 70% (C# DATAS on)",tcp,retain-allocate,cpp,cpp,0,hardmix,hard,16,64,5471.62,poisson,4194304,64,60,20,,0.1054904504152592,0.17346387702644958,,,"{""cpp"": ""aeddcdfc46d1dd5157b06cd27570a6f2985aa0d6ec6110389e4aefb1364bb27c"", ""csharp"": ""652af22a6cf4781f89f8cf74b458d6744e22d07c70f7c94ea737c3d57b8a98ac""}",F:\SocketServerClient\results\final-campaign-20260929\0202-default-gc-hard-allocate-poisson-cpp,True,1327674.0833333333,970.3679974555969,,,828.8145175049168,,True,scheduled,328335,328249,86,328249,0,0,0,0.630783,4.308991,13.402111,40.9882,4.276223,328249,2.433023,110051,2194,0.7,683.9,0,0.669773071612059,True,2.0237111354471975,371.19305770923904,1529.5213196269644,14.012399123835868,,,,,192.4140625,13.051569938659668,2416.639,215.551,320
203,csharp-default-gc,default-gc-hard-allocate-poisson,C# server with the runtime-default GC (DATAS on); C++ unchanged,"HARD retain-allocate, Poisson at 70% (C# DATAS on)",tcp,retain-allocate,csharp,cpp,1,hardmix,hard,16,64,5471.62,poisson,4194304,64,60,20,,0.11259261596605603,0.16015588007198786,True,1,"{""cpp"": ""aeddcdfc46d1dd5157b06cd27570a6f2985aa0d6ec6110389e4aefb1364bb27c"", ""csharp"": ""652af22a6cf4781f89f8cf74b458d6744e22d07c70f7c94ea737c3d57b8a98ac""}",F:\SocketServerClient\results\final-campaign-20260929\0203-default-gc-hard-allocate-poisson-csharp,True,1308821.55,956.5684501965841,,,829.9233427307039,,True,scheduled,328335,323513,4822,323513,0,0,0,1.605631,inf,inf,61.4418,18.087935,323513,3.260415,211111,54279,0.5,2032.2,23,0.6810416305061502,False,2.835178672836434,527.6546073882657,2173.7181454568504,,1095,201,74,3000.644,952.4453125,13.539785385131836,2121.727,303.103,304
204,csharp-default-gc,default-gc-hard-allocate-poisson,C# server with the runtime-default GC (DATAS on); C++ unchanged,"HARD retain-allocate, Poisson at 70% (C# DATAS on)",tcp,retain-allocate,cpp,cpp,1,hardmix,hard,16,64,5471.62,poisson,4194304,64,60,20,,0.10845374753445812,0.18338014654299462,,,"{""cpp"": ""aeddcdfc46d1dd5157b06cd27570a6f2985aa0d6ec6110389e4aefb1364bb27c"", ""csharp"": ""652af22a6cf4781f89f8cf74b458d6744e22d07c70f7c94ea737c3d57b8a98ac""}",F:\SocketServerClient\results\final-campaign-20260929\0204-default-gc-hard-allocate-poisson-cpp,True,1327536.3666666667,970.2703502019247,,,828.8259011483701,,True,scheduled,328335,328224,111,328224,0,0,0,0.626687,4.112383,11.501567,31.3105,4.063231,328224,2.277375,109359,1894,0.7,637.7,0,0.6706066970732837,True,2.0560533930485656,377.17191613044747,1554.2162802791227,14.012186799259043,,,,,191.3203125,12.887432098388672,2629.631,210.431,320
205,csharp-default-gc,default-gc-hard-allocate-sat,C# server with the runtime-default GC (DATAS on); C++ unchanged,"HARD retain-allocate, saturation (C# DATAS on)",tcp,retain-allocate,cpp,cpp,1,hardmix,hard,16,64,0,steady,4194304,64,60,20,,0.11567281921965542,0.12709015107778115,,,"{""cpp"": ""aeddcdfc46d1dd5157b06cd27570a6f2985aa0d6ec6110389e4aefb1364bb27c"", ""csharp"": ""652af22a6cf4781f89f8cf74b458d6744e22d07c70f7c94ea737c3d57b8a98ac""}",F:\SocketServerClient\results\final-campaign-20260929\0205-default-gc-hard-allocate-sat-cpp,True,2321401.533333333,1696.6587239583334,,,828.8458882429618,,True,closed-loop,574192,574192,0,574192,0,0,0,6.324223,11.272191,18.808831,51.0016,11.272191,574192,0.0,573951,498414,,,,0.6295713063560303,,3.7745166505684566,395.8007513166328,1631.4386058782582,14.010658455708196,,,,,201.4140625,12.587779998779297,1224.703,226.815,552
206,csharp-default-gc,default-gc-hard-allocate-sat,C# server with the runtime-default GC (DATAS on); C++ unchanged,"HARD retain-allocate, saturation (C# DATAS on)",tcp,retain-allocate,csharp,cpp,1,hardmix,hard,16,64,0,steady,4194304,64,60,20,,0.11880606254597698,0.12929748455435439,True,1,"{""cpp"": ""aeddcdfc46d1dd5157b06cd27570a6f2985aa0d6ec6110389e4aefb1364bb27c"", ""csharp"": ""652af22a6cf4781f89f8cf74b458d6744e22d07c70f7c94ea737c3d57b8a98ac""}",F:\SocketServerClient\results\final-campaign-20260929\0206-default-gc-hard-allocate-sat-csharp,True,1585674.2666666666,1158.9262196222942,,,829.5579721213163,,True,closed-loop,392125,392125,0,392125,0,0,0,8.912895,23.396351,31.522815,62.8056,23.396351,392125,0.0,392104,384624,,,,0.441278260550979,,3.5812219685163473,549.9282754223781,2266.2244501116475,,795,369,129,4053.4900000000002,1074.171875,12.587779998779297,1622.015,231.935,376
207,csharp-default-gc,default-gc-hard-allocate-poisson,C# server with the runtime-default GC (DATAS on); C++ unchanged,"HARD retain-allocate, Poisson at 70% (C# DATAS on)",tcp,retain-allocate,csharp,cpp,2,hardmix,hard,16,64,5471.62,poisson,4194304,64,60,20,,0.10621146338206075,0.15337104958486603,True,1,"{""cpp"": ""aeddcdfc46d1dd5157b06cd27570a6f2985aa0d6ec6110389e4aefb1364bb27c"", ""csharp"": ""652af22a6cf4781f89f8cf74b458d6744e22d07c70f7c94ea737c3d57b8a98ac""}",F:\SocketServerClient\results\final-campaign-20260929\0207-default-gc-hard-allocate-poisson-csharp,True,1310116.4,957.5324355443319,,,829.9514134200889,,True,scheduled,328335,323858,4477,323858,0,0,0,1.503231,inf,inf,65.1377,17.235967,323858,3.235839,205469,46271,0.5,665.7,0,0.6716532518062449,True,2.8601435741379455,531.7724126005842,2190.754230051853,,1077,197,70,2996.469,952.44921875,13.567436218261719,2236.415,301.055,304
208,csharp-default-gc,default-gc-hard-allocate-poisson,C# server with the runtime-default GC (DATAS on); C++ unchanged,"HARD retain-allocate, Poisson at 70% (C# DATAS on)",tcp,retain-allocate,cpp,cpp,2,hardmix,hard,16,64,5471.62,poisson,4194304,64,60,20,,0.10770453599922503,0.17814536472690307,,,"{""cpp"": ""aeddcdfc46d1dd5157b06cd27570a6f2985aa0d6ec6110389e4aefb1364bb27c"", ""csharp"": ""652af22a6cf4781f89f8cf74b458d6744e22d07c70f7c94ea737c3d57b8a98ac""}",F:\SocketServerClient\results\final-campaign-20260929\0208-default-gc-hard-allocate-poisson-cpp,True,1327980.2,970.595606994629,,,828.8050879032448,,True,scheduled,328335,328321,14,328321,0,0,0,0.632831,4.227071,9.338879,34.2611,4.210687,328321,2.375679,110764,2012,0.7,871.0,0,0.6679842542415262,True,2.062721854000298,378.29783961427995,1558.7954243301488,14.01223802315417,,,,,191.29296875,12.587779998779297,2416.639,205.823,320
209,csharp-default-gc,default-gc-hard-allocate-sat,C# server with the runtime-default GC (DATAS on); C++ unchanged,"HARD retain-allocate, saturation (C# DATAS on)",tcp,retain-allocate,cpp,cpp,2,hardmix,hard,16,64,0,steady,4194304,64,60,20,,0.11109948285620287,0.10846320422228968,,,"{""cpp"": ""aeddcdfc46d1dd5157b06cd27570a6f2985aa0d6ec6110389e4aefb1364bb27c"", ""csharp"": ""652af22a6cf4781f89f8cf74b458d6744e22d07c70f7c94ea737c3d57b8a98ac""}",F:\SocketServerClient\results\final-campaign-20260929\0209-default-gc-hard-allocate-sat-cpp,True,2328752.3666666667,1702.0246901988983,,,828.8458906882823,,True,closed-loop,575989,575989,0,575989,0,0,0,6.307839,11.501567,21.299199,57.0835,11.501567,575989,0.0,575760,496781,,,,0.6284028505730805,,3.7578991392859646,392.8026403282007,1619.0676288663335,14.010613049901995,,,,,204.7109375,12.587779998779297,1236.991,186.879,554
210,csharp-default-gc,default-gc-hard-allocate-sat,C# server with the runtime-default GC (DATAS on); C++ unchanged,"HARD retain-allocate, saturation (C# DATAS on)",tcp,retain-allocate,csharp,cpp,2,hardmix,hard,16,64,0,steady,4194304,64,60,20,,0.11014237647343574,0.10443704024209888,True,1,"{""cpp"": ""aeddcdfc46d1dd5157b06cd27570a6f2985aa0d6ec6110389e4aefb1364bb27c"", ""csharp"": ""652af22a6cf4781f89f8cf74b458d6744e22d07c70f7c94ea737c3d57b8a98ac""}",F:\SocketServerClient\results\final-campaign-20260929\0210-default-gc-hard-allocate-sat-csharp,True,1641070.2833333334,1199.4321714401244,,,829.5682354762035,,True,closed-loop,405881,405881,0,405881,0,0,0,8.552447,22.544383,34.340863,86.9687,22.544383,405881,0.0,405852,395792,,,,0.4627718015908257,,3.700168003758837,548.8831701902775,2262.204202314698,,785,362,114,3934.053,1210.62109375,12.587779998779297,1474.559,236.031,386
211,transport-controls,transport-hardmix,Transport-only controls (no JSON),"HARD frames, 4 KiB–1 MiB",tcp,transport,csharp,cpp,0,hardmix,hard,16,64,0,steady,4194304,8,30,15,,0.11348092704417628,0.19512686034220444,True,0,"{""cpp"": ""aeddcdfc46d1dd5157b06cd27570a6f2985aa0d6ec6110389e4aefb1364bb27c"", ""csharp"": ""652af22a6cf4781f89f8cf74b458d6744e22d07c70f7c94ea737c3d57b8a98ac""}",F:\SocketServerClient\results\final-campaign-20260929\0211-transport-hardmix-csharp,True,0.0,3000.791225147247,,,,,True,closed-loop,508059,508059,0,508059,0,0,0,0.312319,2.859007,10.092543,23.3777,2.859007,508059,0.0,49310,2304,,,,0.9888034463473516,,1.006067117482585,59.63259188401347,,,0,0,0,0,152.32421875,0.0,109.311,0.8,487
212,transport-controls,transport-hardmix,Transport-only controls (no JSON),"HARD frames, 4 KiB–1 MiB",tcp,transport,cpp,cpp,0,hardmix,hard,16,64,0,steady,4194304,8,30,15,,0.10702958445179662,0.18955258983224138,,,"{""cpp"": ""aeddcdfc46d1dd5157b06cd27570a6f2985aa0d6ec6110389e4aefb1364bb27c"", ""csharp"": ""652af22a6cf4781f89f8cf74b458d6744e22d07c70f7c94ea737c3d57b8a98ac""}",F:\SocketServerClient\results\final-campaign-20260929\0212-transport-hardmix-cpp,True,0.0,3013.1504119237266,,,,,True,closed-loop,509961,509961,0,509961,0,0,0,0.294911,2.244607,9.502719,19.5127,2.244607,509961,0.0,37936,1856,,,,0.9882481154913985,,0.5600293312118308,33.06012616651077,,0.0,,,,,28.89453125,0.0,92.927,0.5,489
213,transport-controls,transport-easy,Transport-only controls (no JSON),"EASY frames, 64 KiB",tcp,transport,csharp,cpp,0,easy64k,easy,16,64,0,steady,4194304,8,30,15,,0.11001933133734938,0.17618331153553987,True,0,"{""cpp"": ""aeddcdfc46d1dd5157b06cd27570a6f2985aa0d6ec6110389e4aefb1364bb27c"", ""csharp"": ""652af22a6cf4781f89f8cf74b458d6744e22d07c70f7c94ea737c3d57b8a98ac""}",F:\SocketServerClient\results\final-campaign-20260929\0213-transport-easy-csharp,True,0.0,3405.1401731173196,,,,,True,closed-loop,1636519,1636519,0,1636519,0,0,0,0.113407,0.770047,6.586367,23.8928,0.770047,1636519,0.0,10628,2469,,,,0.9829936392372177,,2.3603457215525636,43.42296056446641,,,1,0,0,0.735,278.56640625,0.0,49.791,0.6,1588
214,transport-controls,transport-easy,Transport-only controls (no JSON),"EASY frames, 64 KiB",tcp,transport,cpp,cpp,0,easy64k,easy,16,64,0,steady,4194304,8,30,15,,0.10702136039363769,0.18637149930374128,,,"{""cpp"": ""aeddcdfc46d1dd5157b06cd27570a6f2985aa0d6ec6110389e4aefb1364bb27c"", ""csharp"": ""652af22a6cf4781f89f8cf74b458d6744e22d07c70f7c94ea737c3d57b8a98ac""}",F:\SocketServerClient\results\final-campaign-20260929\0214-transport-easy-cpp,True,0.0,3085.2236305554707,,,,,True,closed-loop,1482764,1482764,0,1482764,0,0,0,0.091903,0.710655,10.321919,30.6998,0.710655,1482764,0.0,9896,4282,,,,0.9818503965260713,,1.4636684083135678,29.726999711349883,,0.0,,,,,13.90234375,0.0,52.607,0.4,1440
215,transport-controls,transport-easy,Transport-only controls (no JSON),"EASY frames, 64 KiB",tcp,transport,csharp,cpp,1,easy64k,easy,16,64,0,steady,4194304,8,30,15,,0.11149714714424364,0.17813993861646796,True,0,"{""cpp"": ""aeddcdfc46d1dd5157b06cd27570a6f2985aa0d6ec6110389e4aefb1364bb27c"", ""csharp"": ""652af22a6cf4781f89f8cf74b458d6744e22d07c70f7c94ea737c3d57b8a98ac""}",F:\SocketServerClient\results\final-campaign-20260929\0215-transport-easy-csharp,True,0.0,3418.442210642497,,,,,True,closed-loop,1642915,1642915,0,1642915,0,0,0,0.114943,0.788479,6.324223,29.4493,0.788479,1642915,0.0,11076,2306,,,,0.983470554892555,,2.3634783978252933,43.3204852350852,,,1,0,0,0.866,264.83984375,0.0,49.023,0.5,1596
216,transport-controls,transport-easy,Transport-only controls (no JSON),"EASY frames, 64 KiB",tcp,transport,cpp,cpp,1,easy64k,easy,16,64,0,steady,4194304,8,30,15,,0.12314343270629004,0.21010504898300336,,,"{""cpp"": ""aeddcdfc46d1dd5157b06cd27570a6f2985aa0d6ec6110389e4aefb1364bb27c"", ""csharp"": ""652af22a6cf4781f89f8cf74b458d6744e22d07c70f7c94ea737c3d57b8a98ac""}",F:\SocketServerClient\results\final-campaign-20260929\0216-transport-easy-cpp,True,0.0,3078.144738928477,,,,,True,closed-loop,1479361,1479361,0,1479361,0,0,0,0.092927,0.739327,9.994239,24.3617,0.739327,1479361,0.0,9802,4081,,,,0.9794576303035176,,1.4704523400798049,29.932687153439897,,0.0,,,,,13.90625,0.0,52.863,0.4,1436
217,transport-controls,transport-hardmix,Transport-only controls (no JSON),"HARD frames, 4 KiB–1 MiB",tcp,transport,csharp,cpp,1,hardmix,hard,16,64,0,steady,4194304,8,30,15,,0.11249694699194528,0.20100398377532547,True,0,"{""cpp"": ""aeddcdfc46d1dd5157b06cd27570a6f2985aa0d6ec6110389e4aefb1364bb27c"", ""csharp"": ""652af22a6cf4781f89f8cf74b458d6744e22d07c70f7c94ea737c3d57b8a98ac""}",F:\SocketServerClient\results\final-campaign-20260929\0217-transport-hardmix-csharp,True,0.0,2995.467687479655,,,,,True,closed-loop,507067,507067,0,507067,0,0,0,0.313343,2.834431,9.863167,18.9694,2.834431,507067,0.0,49348,2146,,,,0.9875554612530412,,1.033006794133522,61.3516063952101,,,0,0,0,0,151.9140625,0.0,96.511,0.6,488
218,transport-controls,transport-hardmix,Transport-only controls (no JSON),"HARD frames, 4 KiB–1 MiB",tcp,transport,cpp,cpp,1,hardmix,hard,16,64,0,steady,4194304,8,30,15,,0.10474083555681868,0.1821098425989944,,,"{""cpp"": ""aeddcdfc46d1dd5157b06cd27570a6f2985aa0d6ec6110389e4aefb1364bb27c"", ""csharp"": ""652af22a6cf4781f89f8cf74b458d6744e22d07c70f7c94ea737c3d57b8a98ac""}",F:\SocketServerClient\results\final-campaign-20260929\0218-transport-hardmix-cpp,True,0.0,3002.782945315043,,,,,True,closed-loop,508434,508434,0,508434,0,0,0,0.295935,2.203647,9.502719,26.1034,2.203647,508434,0.0,38401,1669,,,,0.9903993490724843,,0.561856091130132,33.28234343100579,,0.0,,,,,28.89453125,0.0,87.295,0.5,489
219,transport-controls,transport-hardmix,Transport-only controls (no JSON),"HARD frames, 4 KiB–1 MiB",tcp,transport,csharp,cpp,2,hardmix,hard,16,64,0,steady,4194304,8,30,15,,0.11266776602581899,0.1925066822778211,True,0,"{""cpp"": ""aeddcdfc46d1dd5157b06cd27570a6f2985aa0d6ec6110389e4aefb1364bb27c"", ""csharp"": ""652af22a6cf4781f89f8cf74b458d6744e22d07c70f7c94ea737c3d57b8a98ac""}",F:\SocketServerClient\results\final-campaign-20260929\0219-transport-hardmix-csharp,True,0.0,2979.218082141876,,,,,True,closed-loop,504365,504365,0,504365,0,0,0,0.315391,2.875391,9.863167,26.4552,2.875391,504365,0.0,50679,2160,,,,0.9883440441534965,,1.0393349690822598,62.05203572809374,,,0,0,0,0,151.01953125,0.0,134.655,0.8,485
220,transport-controls,transport-hardmix,Transport-only controls (no JSON),"HARD frames, 4 KiB–1 MiB",tcp,transport,cpp,cpp,2,hardmix,hard,16,64,0,steady,4194304,8,30,15,,0.11087277491288909,0.19124820278046462,,,"{""cpp"": ""aeddcdfc46d1dd5157b06cd27570a6f2985aa0d6ec6110389e4aefb1364bb27c"", ""csharp"": ""652af22a6cf4781f89f8cf74b458d6744e22d07c70f7c94ea737c3d57b8a98ac""}",F:\SocketServerClient\results\final-campaign-20260929\0220-transport-hardmix-cpp,True,0.0,2999.383241335551,,,,,True,closed-loop,507699,507699,0,507699,0,0,0,0.295935,2.260991,9.601023,16.8706,2.260991,507699,0.0,38478,1855,,,,0.9860822974403862,,0.5573857274976095,33.05354156695207,,0.0,,,,,28.89453125,0.0,113.407,0.5,488
221,transport-controls,transport-easy,Transport-only controls (no JSON),"EASY frames, 64 KiB",tcp,transport,csharp,cpp,2,easy64k,easy,16,64,0,steady,4194304,8,30,15,,0.10699173292385053,0.17106722988844641,True,0,"{""cpp"": ""aeddcdfc46d1dd5157b06cd27570a6f2985aa0d6ec6110389e4aefb1364bb27c"", ""csharp"": ""652af22a6cf4781f89f8cf74b458d6744e22d07c70f7c94ea737c3d57b8a98ac""}",F:\SocketServerClient\results\final-campaign-20260929\0221-transport-easy-csharp,True,0.0,3420.7368560155232,,,,,True,closed-loop,1644025,1644025,0,1644025,0,0,0,0.113919,0.806911,6.635519,25.42,0.806911,1644025,0.0,11655,2605,,,,0.981415731816465,,2.3519285486946657,43.07264183938809,,,1,0,0,6.746,279.296875,0.0,48.639,0.5,1597
222,transport-controls,transport-easy,Transport-only controls (no JSON),"EASY frames, 64 KiB",tcp,transport,cpp,cpp,2,easy64k,easy,16,64,0,steady,4194304,8,30,15,,0.10836913147270177,0.18297739561538803,,,"{""cpp"": ""aeddcdfc46d1dd5157b06cd27570a6f2985aa0d6ec6110389e4aefb1364bb27c"", ""csharp"": ""652af22a6cf4781f89f8cf74b458d6744e22d07c70f7c94ea737c3d57b8a98ac""}",F:\SocketServerClient\results\final-campaign-20260929\0222-transport-easy-cpp,True,0.0,3108.361315345764,,,,,True,closed-loop,1493883,1493883,0,1493883,0,0,0,0.091391,0.718847,10.223615,23.9801,0.718847,1493883,0.0,9875,4233,,,,0.9791838780974796,,1.4962441954731733,30.16467822446604,,0.0,,,,,13.90234375,0.0,52.735,0.4,1451
223,client-headroom,headroom-easy-aggregate,Client headroom: same cells with a fourth client core,"EASY aggregate, 4 client cores",tcp,aggregate,cpp,cpp,0,easy64k,easy,16,64,0,steady,4194304,8,30,15,,0.10867596210993336,0.10790902360126746,,,"{""cpp"": ""aeddcdfc46d1dd5157b06cd27570a6f2985aa0d6ec6110389e4aefb1364bb27c"", ""csharp"": ""652af22a6cf4781f89f8cf74b458d6744e22d07c70f7c94ea737c3d57b8a98ac""}",F:\SocketServerClient\results\final-campaign-20260929\0223-headroom-easy-aggregate-cpp,True,13032242.366666667,2035.5330627759297,,,0.0,,True,closed-loop,978341,978341,0,978341,0,0,0,1.822719,2.777087,10.420223,49.4632,2.777087,978341,0.0,978152,6228,,,,0.5094849967910587,,3.5604880879023546,109.5764411386214,274.1817977806086,0.0,,,,,15.38671875,0.0,351.231,89.343,944
224,client-headroom,headroom-easy-aggregate,Client headroom: same cells with a fourth client core,"EASY aggregate, 4 client cores",tcp,aggregate,csharp,cpp,0,easy64k,easy,16,64,0,steady,4194304,8,30,15,,0.10383965237244717,0.11197397036078083,True,0,"{""cpp"": ""aeddcdfc46d1dd5157b06cd27570a6f2985aa0d6ec6110389e4aefb1364bb27c"", ""csharp"": ""652af22a6cf4781f89f8cf74b458d6744e22d07c70f7c94ea737c3d57b8a98ac""}",F:\SocketServerClient\results\final-campaign-20260929\0224-headroom-easy-aggregate-csharp,True,12429762.466666667,1941.4361292203268,,,0.0610461836445436,,True,closed-loop,933118,933118,0,933118,0,0,0,1.933311,4.243455,10.846207,46.7842,4.243455,933118,0.0,933021,6849,,,,0.47993317560305826,,3.4108559099136606,110.06445594233527,275.40371313409446,,0,0,0,0,73.78515625,0.0,386.047,89.599,903
225,client-headroom,headroom-hard-reuse,Client headroom: same cells with a fourth client core,"HARD retain-reuse, 4 client cores",tcp,retain-reuse,cpp,cpp,0,hardmix,hard,16,64,0,steady,4194304,64,60,20,,0.14351315689370844,0.18127696992109707,,,"{""cpp"": ""aeddcdfc46d1dd5157b06cd27570a6f2985aa0d6ec6110389e4aefb1364bb27c"", ""csharp"": ""652af22a6cf4781f89f8cf74b458d6744e22d07c70f7c94ea737c3d57b8a98ac""}",F:\SocketServerClient\results\final-campaign-20260929\0225-headroom-hard-reuse-cpp,True,2158234.0833333335,1577.3955416838328,,,0.038482061245508896,,True,closed-loop,533782,533782,0,533782,0,0,0,6.914047,14.974975,24.379391,50.7992,14.974975,533782,0.0,533777,502973,,,,0.48637305007697756,,3.5527494507136352,400.7078264160275,1651.5745592812923,0.00014238022263770602,,,,,700.5390625,42.65625,1347.583,224.255,512
226,client-headroom,headroom-hard-reuse,Client headroom: same cells with a fourth client core,"HARD retain-reuse, 4 client cores",tcp,retain-reuse,csharp,cpp,0,hardmix,hard,16,64,0,steady,4194304,64,60,20,,0.1608433784519759,0.2158285800440995,True,0,"{""cpp"": ""aeddcdfc46d1dd5157b06cd27570a6f2985aa0d6ec6110389e4aefb1364bb27c"", ""csharp"": ""652af22a6cf4781f89f8cf74b458d6744e22d07c70f7c94ea737c3d57b8a98ac""}",F:\SocketServerClient\results\final-campaign-20260929\0226-headroom-hard-reuse-csharp,True,1588741.4833333334,1161.1736861387888,,,0.2700646571145733,,True,closed-loop,392980,392980,0,392980,0,0,0,9.404415,18.677759,29.294591,52.9543,18.677759,392980,0.0,392966,391227,,,,0.3434026459334223,,3.469969934033626,531.5951193444959,2191.0890727311566,,0,0,0,0,870.05078125,42.65625,1683.455,260.095,376
227,client-headroom,headroom-easy-aggregate,Client headroom: same cells with a fourth client core,"EASY aggregate, 4 client cores",tcp,aggregate,csharp,cpp,1,easy64k,easy,16,64,0,steady,4194304,8,30,15,,0.12357966050957794,0.15188847355148688,True,0,"{""cpp"": ""aeddcdfc46d1dd5157b06cd27570a6f2985aa0d6ec6110389e4aefb1364bb27c"", ""csharp"": ""652af22a6cf4781f89f8cf74b458d6744e22d07c70f7c94ea737c3d57b8a98ac""}",F:\SocketServerClient\results\final-campaign-20260929\0227-headroom-easy-aggregate-csharp,True,12462586.933333334,1946.5588816324869,,,0.061043178437165786,,True,closed-loop,935580,935580,0,935580,0,0,0,1.892351,4.308991,11.730943,37.6676,4.308991,935580,0.0,935384,7043,,,,0.4930011214313366,,3.461625533816791,111.44490583381432,278.85726542209574,,0,0,0,0,76.640625,0.0,355.327,89.855,908
228,client-headroom,headroom-easy-aggregate,Client headroom: same cells with a fourth client core,"EASY aggregate, 4 client cores",tcp,aggregate,cpp,cpp,1,easy64k,easy,16,64,0,steady,4194304,8,30,15,,0.10967356371013477,0.1064581722958911,,,"{""cpp"": ""aeddcdfc46d1dd5157b06cd27570a6f2985aa0d6ec6110389e4aefb1364bb27c"", ""csharp"": ""652af22a6cf4781f89f8cf74b458d6744e22d07c70f7c94ea737c3d57b8a98ac""}",F:\SocketServerClient\results\final-campaign-20260929\0228-headroom-easy-aggregate-cpp,True,13069223.766666668,2041.3196586608888,,,0.0,,True,closed-loop,981122,981122,0,981122,0,0,0,1.818623,2.834431,10.420223,78.9587,2.834431,981122,0.0,980889,5971,,,,0.5003523028315702,,3.5506677171142798,108.94733274760937,272.6090322446908,0.0,,,,,15.4296875,0.0,340.991,89.343,948
229,client-headroom,headroom-hard-reuse,Client headroom: same cells with a fourth client core,"HARD retain-reuse, 4 client cores",tcp,retain-reuse,csharp,cpp,1,hardmix,hard,16,64,0,steady,4194304,64,60,20,,0.10754429379492873,0.10576224568491792,True,0,"{""cpp"": ""aeddcdfc46d1dd5157b06cd27570a6f2985aa0d6ec6110389e4aefb1364bb27c"", ""csharp"": ""652af22a6cf4781f89f8cf74b458d6744e22d07c70f7c94ea737c3d57b8a98ac""}",F:\SocketServerClient\results\final-campaign-20260929\0229-headroom-hard-reuse-csharp,True,1746988.2,1276.8460985660554,,,0.2307067929739363,,True,closed-loop,432182,432182,0,432182,0,0,0,8.519679,17.956863,28.114943,53.9039,17.956863,432182,0.0,432179,418423,,,,0.37264429947766936,,3.635613813822793,506.47788431725525,2087.8227060625004,,0,0,0,0,870.48828125,42.65625,1409.023,264.191,416
230,client-headroom,headroom-hard-reuse,Client headroom: same cells with a fourth client core,"HARD retain-reuse, 4 client cores",tcp,retain-reuse,cpp,cpp,1,hardmix,hard,16,64,0,steady,4194304,64,60,20,,0.11049092330545823,0.10694662369703747,,,"{""cpp"": ""aeddcdfc46d1dd5157b06cd27570a6f2985aa0d6ec6110389e4aefb1364bb27c"", ""csharp"": ""652af22a6cf4781f89f8cf74b458d6744e22d07c70f7c94ea737c3d57b8a98ac""}",F:\SocketServerClient\results\final-campaign-20260929\0230-headroom-hard-reuse-cpp,True,2238729.316666667,1636.2458650747935,,,0.0370972528485691,,True,closed-loop,553751,553751,0,553751,0,0,0,6.651903,14.680063,24.248319,62.2515,14.680063,553751,0.0,553741,509617,,,,0.4875985714532508,,3.5758471054951553,388.8254829336651,1602.7253353848614,0.00013724580181345044,,,,,702.40234375,42.65625,1253.375,229.375,531
231,client-headroom,headroom-easy-aggregate,Client headroom: same cells with a fourth client core,"EASY aggregate, 4 client cores",tcp,aggregate,cpp,cpp,2,easy64k,easy,16,64,0,steady,4194304,8,30,15,,0.10679328178077885,0.1017683533973613,,,"{""cpp"": ""aeddcdfc46d1dd5157b06cd27570a6f2985aa0d6ec6110389e4aefb1364bb27c"", ""csharp"": ""652af22a6cf4781f89f8cf74b458d6744e22d07c70f7c94ea737c3d57b8a98ac""}",F:\SocketServerClient\results\final-campaign-20260929\0231-headroom-easy-aggregate-cpp,True,13035760.766666668,2036.0906381924947,,,0.0,,True,closed-loop,978609,978609,0,978609,0,0,0,1.822719,2.752511,10.452991,34.8837,2.752511,978609,0.0,978487,6366,,,,0.5094771808160372,,3.5547172400098783,109.3708007999109,273.6683465414717,0.0,,,,,15.4296875,0.0,354.303,89.343,945
232,client-headroom,headroom-easy-aggregate,Client headroom: same cells with a fourth client core,"EASY aggregate, 4 client cores",tcp,aggregate,csharp,cpp,2,easy64k,easy,16,64,0,steady,4194304,8,30,15,,0.10469451655215986,0.11121497165504157,True,0,"{""cpp"": ""aeddcdfc46d1dd5157b06cd27570a6f2985aa0d6ec6110389e4aefb1364bb27c"", ""csharp"": ""652af22a6cf4781f89f8cf74b458d6744e22d07c70f7c94ea737c3d57b8a98ac""}",F:\SocketServerClient\results\final-campaign-20260929\0232-headroom-easy-aggregate-csharp,True,12381023.6,1933.8206205685933,,,0.061054957009437444,,True,closed-loop,929458,929458,0,929458,0,0,0,1.896447,4.423679,11.763711,52.3998,4.423679,929458,0.0,929290,8143,,,,0.47957924058628393,,3.429857319130864,111.13667858041998,278.08621618910087,,0,0,0,0,74.13671875,0.0,358.399,89.855,896
233,client-headroom,headroom-hard-reuse,Client headroom: same cells with a fourth client core,"HARD retain-reuse, 4 client cores",tcp,retain-reuse,csharp,cpp,2,hardmix,hard,16,64,0,steady,4194304,64,60,20,,0.10753122261643579,0.10744729690607355,True,0,"{""cpp"": ""aeddcdfc46d1dd5157b06cd27570a6f2985aa0d6ec6110389e4aefb1364bb27c"", ""csharp"": ""652af22a6cf4781f89f8cf74b458d6744e22d07c70f7c94ea737c3d57b8a98ac""}",F:\SocketServerClient\results\final-campaign-20260929\0233-headroom-hard-reuse-csharp,True,1727064.85,1262.2875977357228,,,0.23665607165850192,,True,closed-loop,427222,427222,0,427222,0,0,0,8.650751,17.367039,27.197439,69.4198,17.367039,427222,0.0,427215,423554,,,,0.3676317013210711,,3.6201090305963732,510.20020036421346,2103.1014821995905,,0,0,0,0,870.4296875,42.65625,1568.767,236.543,408
234,client-headroom,headroom-hard-reuse,Client headroom: same cells with a fourth client core,"HARD retain-reuse, 4 client cores",tcp,retain-reuse,cpp,cpp,2,hardmix,hard,16,64,0,steady,4194304,64,60,20,,0.1102593655413866,0.10972040104852634,,,"{""cpp"": ""aeddcdfc46d1dd5157b06cd27570a6f2985aa0d6ec6110389e4aefb1364bb27c"", ""csharp"": ""652af22a6cf4781f89f8cf74b458d6744e22d07c70f7c94ea737c3d57b8a98ac""}",F:\SocketServerClient\results\final-campaign-20260929\0234-headroom-hard-reuse-cpp,True,2239258.6666666665,1636.6393408457438,,,0.03757698434221309,,True,closed-loop,553820,553820,0,553820,0,0,0,6.651903,14.581759,23.855103,63.083,14.581759,553820,0.0,553799,510313,,,,0.4735793421789488,,3.582790085777147,389.4823679173739,1605.2746088678937,0.00013903434328843306,,,,,700.26171875,42.65625,1302.527,195.583,532
235,alternate-client,alt-easy-aggregate,Alternate (C#) client sensitivity,"EASY aggregate, C# client",tcp,aggregate,csharp,csharp,0,easy64k,easy,16,64,0,steady,4194304,8,30,15,,0.11026010378198203,0.12569447366667583,True,0,"{""cpp"": ""aeddcdfc46d1dd5157b06cd27570a6f2985aa0d6ec6110389e4aefb1364bb27c"", ""csharp"": ""652af22a6cf4781f89f8cf74b458d6744e22d07c70f7c94ea737c3d57b8a98ac""}",F:\SocketServerClient\results\final-campaign-20260929\0235-alt-easy-aggregate-csharp,True,12969453.633333333,2025.7288427035014,,,0.06130139917214645,,True,closed-loop,973629,973629,0,973629,0,0,0,1.777663,4.104191,10.223615,40.9119,4.104191,973629,0.0,971649,6435,,,,0.7232454662406019,,3.634680605938375,112.38559553998495,281.21125372321933,,0,0,0,0,74.69921875,0.0,327.679,89.855,944
236,alternate-client,alt-easy-aggregate,Alternate (C#) client sensitivity,"EASY aggregate, C# client",tcp,aggregate,cpp,csharp,0,easy64k,easy,16,64,0,steady,4194304,8,30,15,,0.11055847854982576,0.10700826255346052,,,"{""cpp"": ""aeddcdfc46d1dd5157b06cd27570a6f2985aa0d6ec6110389e4aefb1364bb27c"", ""csharp"": ""652af22a6cf4781f89f8cf74b458d6744e22d07c70f7c94ea737c3d57b8a98ac""}",F:\SocketServerClient\results\final-campaign-20260929\0236-alt-easy-aggregate-cpp,True,13965103.5,2181.242614046733,,,0.0,,True,closed-loop,1048369,1048369,0,1048369,0,0,0,1.757183,2.424831,10.027007,25.5677,2.424831,1048369,0.0,1046479,2748,,,,0.7631795620173624,,3.7988446107736555,109.08313294269479,272.947949820799,0.0,,,,,15.38671875,0.0,328.703,89.343,1014
237,alternate-client,alt-hard-reuse,Alternate (C#) client sensitivity,"HARD retain-reuse, C# client",tcp,retain-reuse,csharp,csharp,0,hardmix,hard,16,64,0,steady,4194304,64,60,20,,0.110190716939471,0.11377921574955907,True,0,"{""cpp"": ""aeddcdfc46d1dd5157b06cd27570a6f2985aa0d6ec6110389e4aefb1364bb27c"", ""csharp"": ""652af22a6cf4781f89f8cf74b458d6744e22d07c70f7c94ea737c3d57b8a98ac""}",F:\SocketServerClient\results\final-campaign-20260929\0237-alt-hard-reuse-csharp,True,1831466.2,1338.5823777675628,,,0.21811773979118632,,True,closed-loop,453034,453034,0,453034,0,0,0,8.159231,15.695871,23.920639,55.2087,15.695871,453034,0.0,453032,444781,,,,0.5035363032730922,,3.7199218442193405,494.2716771809621,2037.4101196618121,,0,0,0,0,869.19921875,42.65625,1425.407,224.767,432
238,alternate-client,alt-hard-reuse,Alternate (C#) client sensitivity,"HARD retain-reuse, C# client",tcp,retain-reuse,cpp,csharp,0,hardmix,hard,16,64,0,steady,4194304,64,60,20,,0.12486051650643495,0.13771039597971096,,,"{""cpp"": ""aeddcdfc46d1dd5157b06cd27570a6f2985aa0d6ec6110389e4aefb1364bb27c"", ""csharp"": ""652af22a6cf4781f89f8cf74b458d6744e22d07c70f7c94ea737c3d57b8a98ac""}",F:\SocketServerClient\results\final-campaign-20260929\0238-alt-hard-reuse-cpp,True,2377118.2666666666,1737.3727972825368,,,0.029881556132945297,,True,closed-loop,587961,587961,0,587961,0,0,0,6.356991,11.599871,20.840447,47.5548,11.599871,587961,0.0,587940,513143,,,,0.6540458083460319,,3.761209669453585,385.0701832264385,1587.2303746677958,0.0001105515501878526,,,,,701.9453125,42.65625,1183.743,174.591,568
239,alternate-client,alt-easy-aggregate,Alternate (C#) client sensitivity,"EASY aggregate, C# client",tcp,aggregate,csharp,csharp,1,easy64k,easy,16,64,0,steady,4194304,8,30,15,,0.10565783633903854,0.10921999934572103,True,0,"{""cpp"": ""aeddcdfc46d1dd5157b06cd27570a6f2985aa0d6ec6110389e4aefb1364bb27c"", ""csharp"": ""652af22a6cf4781f89f8cf74b458d6744e22d07c70f7c94ea737c3d57b8a98ac""}",F:\SocketServerClient\results\final-campaign-20260929\0239-alt-easy-aggregate-csharp,True,13468705.5,2103.708501402537,,,0.06118363036660316,,True,closed-loop,1011106,1011106,0,1011106,0,0,0,1.748991,3.891199,10.092543,29.3497,3.891199,1011106,0.0,1009084,4493,,,,0.7412391640625144,,3.7021708549152716,110.22892258576252,275.8148282590301,,0,0,0,0,76.0625,0.0,323.583,89.599,976
240,alternate-client,alt-easy-aggregate,Alternate (C#) client sensitivity,"EASY aggregate, C# client",tcp,aggregate,cpp,csharp,1,easy64k,easy,16,64,0,steady,4194304,8,30,15,,0.0994192709605799,0.09133713879949285,,,"{""cpp"": ""aeddcdfc46d1dd5157b06cd27570a6f2985aa0d6ec6110389e4aefb1364bb27c"", ""csharp"": ""652af22a6cf4781f89f8cf74b458d6744e22d07c70f7c94ea737c3d57b8a98ac""}",F:\SocketServerClient\results\final-campaign-20260929\0240-alt-easy-aggregate-cpp,True,13947814.466666667,2178.548026561737,,,0.0,,True,closed-loop,1047074,1047074,0,1047074,0,0,0,1.753087,2.498559,10.027007,26.7546,2.498559,1047074,0.0,1044725,3142,,,,0.7567727712391208,,3.7842908844576684,108.80021373847502,272.2407470759622,0.0,,,,,15.4296875,0.0,327.679,89.343,1009
241,alternate-client,alt-hard-reuse,Alternate (C#) client sensitivity,"HARD retain-reuse, C# client",tcp,retain-reuse,csharp,csharp,1,hardmix,hard,16,64,0,steady,4194304,64,60,20,,0.10912105731865375,0.10499103055267263,True,0,"{""cpp"": ""aeddcdfc46d1dd5157b06cd27570a6f2985aa0d6ec6110389e4aefb1364bb27c"", ""csharp"": ""652af22a6cf4781f89f8cf74b458d6744e22d07c70f7c94ea737c3d57b8a98ac""}",F:\SocketServerClient\results\final-campaign-20260929\0241-alt-hard-reuse-csharp,True,1817048.4833333334,1328.0342484792075,,,0.21476207203368441,,True,closed-loop,449407,449407,0,449407,0,0,0,8.224767,15.761407,25.886719,54.0908,15.761407,449407,0.0,449394,441450,,,,0.5054715192386512,,3.722131529943524,498.6084440162258,2054.9312912823816,,0,0,0,0,869.37890625,42.65625,1454.079,258.047,432
242,alternate-client,alt-hard-reuse,Alternate (C#) client sensitivity,"HARD retain-reuse, C# client",tcp,retain-reuse,cpp,csharp,1,hardmix,hard,16,64,0,steady,4194304,64,60,20,,0.12870207378997456,0.13423470143493416,,,"{""cpp"": ""aeddcdfc46d1dd5157b06cd27570a6f2985aa0d6ec6110389e4aefb1364bb27c"", ""csharp"": ""652af22a6cf4781f89f8cf74b458d6744e22d07c70f7c94ea737c3d57b8a98ac""}",F:\SocketServerClient\results\final-campaign-20260929\0242-alt-hard-reuse-cpp,True,2351805.35,1718.8685959180195,,,0.027415186387376864,,True,closed-loop,581687,581687,0,581687,0,0,0,6.406143,12.287999,22.806527,70.4627,12.287999,581687,0.0,581675,510898,,,,0.6537358218820235,,3.743239468623257,387.3431931605829,1596.5634337460276,0.00010142911909669634,,,,,702.7421875,42.65625,1228.799,186.879,560
243,alternate-client,alt-hard-reuse,Alternate (C#) client sensitivity,"HARD retain-reuse, C# client",tcp,retain-reuse,cpp,csharp,2,hardmix,hard,16,64,0,steady,4194304,64,60,20,,0.1150871882048706,0.12146398963302898,,,"{""cpp"": ""aeddcdfc46d1dd5157b06cd27570a6f2985aa0d6ec6110389e4aefb1364bb27c"", ""csharp"": ""652af22a6cf4781f89f8cf74b458d6744e22d07c70f7c94ea737c3d57b8a98ac""}",F:\SocketServerClient\results\final-campaign-20260929\0243-alt-hard-reuse-cpp,True,2387518.816666667,1744.9767634073894,,,0.030209529729979315,,True,closed-loop,590496,590496,0,590496,0,0,0,6.340607,11.206655,19.333119,65.6521,11.206655,590496,0.0,590487,515666,,,,0.6557305467168811,,3.7967599171389796,387.06866769630955,1595.3894196810031,0.0001117704438302715,,,,,701.6328125,42.65625,1241.087,184.831,568
244,alternate-client,alt-hard-reuse,Alternate (C#) client sensitivity,"HARD retain-reuse, C# client",tcp,retain-reuse,csharp,csharp,2,hardmix,hard,16,64,0,steady,4194304,64,60,20,,0.10367031222438584,0.0966367415298892,True,0,"{""cpp"": ""aeddcdfc46d1dd5157b06cd27570a6f2985aa0d6ec6110389e4aefb1364bb27c"", ""csharp"": ""652af22a6cf4781f89f8cf74b458d6744e22d07c70f7c94ea737c3d57b8a98ac""}",F:\SocketServerClient\results\final-campaign-20260929\0244-alt-hard-reuse-csharp,True,1807722.55,1321.2241409142812,,,0.21477716443119135,,True,closed-loop,447129,447129,0,447129,0,0,0,8.241151,16.154623,26.017791,62.7328,16.154623,447129,0.0,447121,440797,,,,0.49595719405842736,,3.7535211901155496,505.3770835709605,2083.05409480903,,0,0,0,0,869.515625,42.65625,1523.711,273.407,432
245,alternate-client,alt-easy-aggregate,Alternate (C#) client sensitivity,"EASY aggregate, C# client",tcp,aggregate,csharp,csharp,2,easy64k,easy,16,64,0,steady,4194304,8,30,15,,0.10936496248033584,0.12173431257456718,True,0,"{""cpp"": ""aeddcdfc46d1dd5157b06cd27570a6f2985aa0d6ec6110389e4aefb1364bb27c"", ""csharp"": ""652af22a6cf4781f89f8cf74b458d6744e22d07c70f7c94ea737c3d57b8a98ac""}",F:\SocketServerClient\results\final-campaign-20260929\0245-alt-easy-aggregate-csharp,True,13225043.466666667,2065.6496873219808,,,0.061193988307040585,,True,closed-loop,992815,992815,0,992815,0,0,0,1.748991,4.071423,10.059775,26.8263,4.071423,992815,0.0,990791,6679,,,,0.7350223829258231,,3.651354035307194,110.71737937077904,277.03699341517085,,0,0,0,0,75.33203125,0.0,325.631,90.111,960
246,alternate-client,alt-easy-aggregate,Alternate (C#) client sensitivity,"EASY aggregate, C# client",tcp,aggregate,cpp,csharp,2,easy64k,easy,16,64,0,steady,4194304,8,30,15,,0.10343582126518445,0.09676215782293648,,,"{""cpp"": ""aeddcdfc46d1dd5157b06cd27570a6f2985aa0d6ec6110389e4aefb1364bb27c"", ""csharp"": ""652af22a6cf4781f89f8cf74b458d6744e22d07c70f7c94ea737c3d57b8a98ac""}",F:\SocketServerClient\results\final-campaign-20260929\0246-alt-easy-aggregate-cpp,True,14025160.666666666,2190.6184091567993,,,0.0,,True,closed-loop,1052875,1052875,0,1052875,0,0,0,1.753087,2.424831,9.994239,25.5873,2.424831,1052875,0.0,1050903,2337,,,,0.7680245378698463,,3.8268874241579325,109.41766591475721,273.7844391548497,0.0,,,,,15.4453125,0.0,327.679,89.343,1024
247,first-pass-bridge,bridge-aggregate,"First-pass bridge: first-pass corpus and retention, rework binaries",Mixed 64 KiB aggregate,tcp,aggregate,cpp,cpp,0,mixed64k,mixed,16,64,0,steady,4194304,8,30,15,,0.10445569097488316,0.10499050218852506,,,"{""cpp"": ""aeddcdfc46d1dd5157b06cd27570a6f2985aa0d6ec6110389e4aefb1364bb27c"", ""csharp"": ""652af22a6cf4781f89f8cf74b458d6744e22d07c70f7c94ea737c3d57b8a98ac""}",F:\SocketServerClient\results\final-campaign-20260929\0247-bridge-aggregate-cpp,True,12004461.933333334,2108.818809350332,,,0.0,,True,closed-loop,1013982,1013982,0,1013982,0,0,0,1.777663,2.572287,10.092543,64.2892,2.572287,1013982,0.0,1000089,2862,,,,0.6814672893736261,,3.8038656432024127,112.96736529839781,318.0473487992266,0.0,,,,,15.53515625,0.0,336.895,91.647,986
248,first-pass-bridge,bridge-aggregate,"First-pass bridge: first-pass corpus and retention, rework binaries",Mixed 64 KiB aggregate,tcp,aggregate,csharp,cpp,0,mixed64k,mixed,16,64,0,steady,4194304,8,30,15,,0.09802218403311973,0.08298096215524361,True,0,"{""cpp"": ""aeddcdfc46d1dd5157b06cd27570a6f2985aa0d6ec6110389e4aefb1364bb27c"", ""csharp"": ""652af22a6cf4781f89f8cf74b458d6744e22d07c70f7c94ea737c3d57b8a98ac""}",F:\SocketServerClient\results\final-campaign-20260929\0248-bridge-aggregate-csharp,True,9353089.166666666,1643.052602227529,,,0.06887440912913351,,True,closed-loop,790042,790042,0,790042,0,0,0,2.228223,5.865471,11.960319,52.9598,5.865471,790042,0.0,789905,11371,,,,0.5354694836538999,,3.756618511063681,143.16881254414324,403.07606359250485,,0,0,0,0,72.2109375,0.0,419.839,122.111,768
249,first-pass-bridge,bridge-allocate,"First-pass bridge: first-pass corpus and retention, rework binaries",Mixed 64 KiB retain-allocate,tcp,retain-allocate,cpp,cpp,0,mixed64k,mixed,16,64,0,steady,4194304,8,30,15,,0.0990762164582709,0.08427977390739351,,,"{""cpp"": ""aeddcdfc46d1dd5157b06cd27570a6f2985aa0d6ec6110389e4aefb1364bb27c"", ""csharp"": ""652af22a6cf4781f89f8cf74b458d6744e22d07c70f7c94ea737c3d57b8a98ac""}",F:\SocketServerClient\results\final-campaign-20260929\0249-bridge-allocate-cpp,True,9350184.633333333,1642.54505815506,,,308.1257363937395,,True,closed-loop,789798,789798,0,789798,0,0,0,2.334719,3.162111,10.616831,27.4947,3.162111,789798,0.0,789716,2508,,,,0.5334699268676525,,3.8533482441351565,146.95213206414806,413.7283797445943,15.861558271861918,,,,,24.53125,0.4921875,437.247,124.415,768
250,first-pass-bridge,bridge-allocate,"First-pass bridge: first-pass corpus and retention, rework binaries",Mixed 64 KiB retain-allocate,tcp,retain-allocate,csharp,cpp,0,mixed64k,mixed,16,64,0,steady,4194304,8,30,15,,0.10511422583892917,0.1071213324766544,True,0,"{""cpp"": ""aeddcdfc46d1dd5157b06cd27570a6f2985aa0d6ec6110389e4aefb1364bb27c"", ""csharp"": ""652af22a6cf4781f89f8cf74b458d6744e22d07c70f7c94ea737c3d57b8a98ac""}",F:\SocketServerClient\results\final-campaign-20260929\0250-bridge-allocate-csharp,True,7441819.5,1307.3029160817464,,,308.9220461387038,,True,closed-loop,628614,628614,0,628614,0,0,0,2.809855,6.471679,11.829247,30.8985,6.471679,628614,0.0,628584,11639,,,,0.4365639289254355,,3.7246589971974626,178.46802648366088,502.45811579686796,,282,282,0,301.856,342.19921875,0.4921875,522.239,154.623,608
251,first-pass-bridge,bridge-reuse,"First-pass bridge: first-pass corpus and retention, rework binaries",Mixed 64 KiB retain-reuse,tcp,retain-reuse,cpp,cpp,0,mixed64k,mixed,16,64,0,steady,4194304,8,30,15,,0.1001292040799466,0.08436862867301562,,,"{""cpp"": ""aeddcdfc46d1dd5157b06cd27570a6f2985aa0d6ec6110389e4aefb1364bb27c"", ""csharp"": ""652af22a6cf4781f89f8cf74b458d6744e22d07c70f7c94ea737c3d57b8a98ac""}",F:\SocketServerClient\results\final-campaign-20260929\0251-bridge-reuse-cpp,True,9546301.333333334,1676.9938595453898,,,0.0,,True,closed-loop,806361,806361,0,806361,0,0,0,2.277375,3.203071,10.584063,25.3572,3.203071,806361,0.0,806243,3492,,,,0.5570910203993522,,3.8068498530052253,142.1703492604429,400.26530420135185,0.0,,,,,22.9140625,0.4921875,425.983,121.343,784
252,first-pass-bridge,bridge-reuse,"First-pass bridge: first-pass corpus and retention, rework binaries",Mixed 64 KiB retain-reuse,tcp,retain-reuse,csharp,cpp,0,mixed64k,mixed,16,64,0,steady,4194304,8,30,15,,0.10316459211704762,0.10391203273706758,True,0,"{""cpp"": ""aeddcdfc46d1dd5157b06cd27570a6f2985aa0d6ec6110389e4aefb1364bb27c"", ""csharp"": ""652af22a6cf4781f89f8cf74b458d6744e22d07c70f7c94ea737c3d57b8a98ac""}",F:\SocketServerClient\results\final-campaign-20260929\0252-bridge-reuse-csharp,True,7517977.033333333,1320.68275903066,,,0.0691958656818443,,True,closed-loop,635047,635047,0,635047,0,0,0,2.777087,5.767167,11.304959,27.2692,5.767167,635047,0.0,635017,9649,,,,0.4328277485786472,,3.721103071591483,176.4633168883563,496.8145547510166,,0,0,0,0,81.5625,0.4921875,517.119,154.111,608
253,first-pass-bridge,bridge-reuse,"First-pass bridge: first-pass corpus and retention, rework binaries",Mixed 64 KiB retain-reuse,tcp,retain-reuse,cpp,cpp,1,mixed64k,mixed,16,64,0,steady,4194304,8,30,15,,0.10667063103003953,0.09397089770617649,,,"{""cpp"": ""aeddcdfc46d1dd5157b06cd27570a6f2985aa0d6ec6110389e4aefb1364bb27c"", ""csharp"": ""652af22a6cf4781f89f8cf74b458d6744e22d07c70f7c94ea737c3d57b8a98ac""}",F:\SocketServerClient\results\final-campaign-20260929\0253-bridge-reuse-cpp,True,9516546.433333334,1671.7713225682576,,,0.0,,True,closed-loop,803850,803850,0,803850,0,0,0,2.277375,3.129343,10.682367,56.983,3.129343,803850,0.0,803698,3321,,,,0.536349680528282,,3.7965725476590824,142.22569509236797,400.4219717552356,0.0,,,,,23.00390625,0.4921875,425.983,121.343,780
254,first-pass-bridge,bridge-reuse,"First-pass bridge: first-pass corpus and retention, rework binaries",Mixed 64 KiB retain-reuse,tcp,retain-reuse,csharp,cpp,1,mixed64k,mixed,16,64,0,steady,4194304,8,30,15,,0.10296478243042069,0.10236635924759378,True,0,"{""cpp"": ""aeddcdfc46d1dd5157b06cd27570a6f2985aa0d6ec6110389e4aefb1364bb27c"", ""csharp"": ""652af22a6cf4781f89f8cf74b458d6744e22d07c70f7c94ea737c3d57b8a98ac""}",F:\SocketServerClient\results\final-campaign-20260929\0254-bridge-reuse-csharp,True,7619960.433333334,1338.5927089055378,,,0.06917849470274609,,True,closed-loop,643658,643658,0,643658,0,0,0,2.752511,5.193727,11.665407,32.1679,5.193727,643658,0.0,643640,7677,,,,0.43372746013436175,,3.7385610596059498,174.90363671390708,492.42127718929265,,0,0,0,0,81.99609375,0.4921875,514.047,152.575,624
255,first-pass-bridge,bridge-allocate,"First-pass bridge: first-pass corpus and retention, rework binaries",Mixed 64 KiB retain-allocate,tcp,retain-allocate,csharp,cpp,1,mixed64k,mixed,16,64,0,steady,4194304,8,30,15,,0.1041671624445562,0.0900117574662414,True,0,"{""cpp"": ""aeddcdfc46d1dd5157b06cd27570a6f2985aa0d6ec6110389e4aefb1364bb27c"", ""csharp"": ""652af22a6cf4781f89f8cf74b458d6744e22d07c70f7c94ea737c3d57b8a98ac""}",F:\SocketServerClient\results\final-campaign-20260929\0255-bridge-allocate-csharp,True,7585636.566666666,1332.5650636990865,,,308.9140868780777,,True,closed-loop,640760,640760,0,640760,0,0,0,2.793471,6.537215,12.582911,28.3192,6.537215,640760,0.0,640727,13362,,,,0.4326229721398873,,3.801850866512703,178.6940508146576,503.0937497495516,,288,288,0,299.06100000000004,491.078125,0.4921875,520.191,155.135,622
256,first-pass-bridge,bridge-allocate,"First-pass bridge: first-pass corpus and retention, rework binaries",Mixed 64 KiB retain-allocate,tcp,retain-allocate,cpp,cpp,1,mixed64k,mixed,16,64,0,steady,4194304,8,30,15,,0.10124213352118933,0.08094205734242617,,,"{""cpp"": ""aeddcdfc46d1dd5157b06cd27570a6f2985aa0d6ec6110389e4aefb1364bb27c"", ""csharp"": ""652af22a6cf4781f89f8cf74b458d6744e22d07c70f7c94ea737c3d57b8a98ac""}",F:\SocketServerClient\results\final-campaign-20260929\0256-bridge-allocate-cpp,True,9326015.833333334,1638.2977986017863,,,308.12527272774906,,True,closed-loop,787756,787756,0,787756,0,0,0,2.334719,3.244031,10.682367,29.5777,3.244031,787756,0.0,787629,3346,,,,0.532415248683578,,3.8155666474542134,145.84544579793743,410.6121113230747,15.861557385789508,,,,,24.6484375,0.4921875,436.223,124.415,767
257,first-pass-bridge,bridge-aggregate,"First-pass bridge: first-pass corpus and retention, rework binaries",Mixed 64 KiB aggregate,tcp,aggregate,cpp,cpp,1,mixed64k,mixed,16,64,0,steady,4194304,8,30,15,,0.09652003698342718,0.08352051669421207,,,"{""cpp"": ""aeddcdfc46d1dd5157b06cd27570a6f2985aa0d6ec6110389e4aefb1364bb27c"", ""csharp"": ""652af22a6cf4781f89f8cf74b458d6744e22d07c70f7c94ea737c3d57b8a98ac""}",F:\SocketServerClient\results\final-campaign-20260929\0257-bridge-aggregate-cpp,True,12065705.0,2119.5842109680175,,,0.0,,True,closed-loop,1019158,1019158,0,1019158,0,0,0,1.773567,2.465791,10.059775,29.8653,2.465791,1019158,0.0,1005172,2917,,,,0.6717201695558846,,3.8071393276372714,112.50095667207636,316.73524400509706,0.0,,,,,15.58203125,0.0,336.895,91.903,987
258,first-pass-bridge,bridge-aggregate,"First-pass bridge: first-pass corpus and retention, rework binaries",Mixed 64 KiB aggregate,tcp,aggregate,csharp,cpp,1,mixed64k,mixed,16,64,0,steady,4194304,8,30,15,,0.10349780648708427,0.1047145962974036,True,0,"{""cpp"": ""aeddcdfc46d1dd5157b06cd27570a6f2985aa0d6ec6110389e4aefb1364bb27c"", ""csharp"": ""652af22a6cf4781f89f8cf74b458d6744e22d07c70f7c94ea737c3d57b8a98ac""}",F:\SocketServerClient\results\final-campaign-20260929\0258-bridge-aggregate-csharp,True,9256572.466666667,1626.0993517875672,,,0.06889941217813292,,True,closed-loop,781888,781888,0,781888,0,0,0,2.252799,4.702207,10.584063,28.9488,4.702207,781888,0.0,781768,6825,,,,0.5246710478404947,,3.6926722476186478,142.22385431161496,400.4162260111511,,0,0,0,0,71.6875,0.0,421.887,122.367,753
259,first-pass-bridge,bridge-allocate,"First-pass bridge: first-pass corpus and retention, rework binaries",Mixed 64 KiB retain-allocate,tcp,retain-allocate,cpp,cpp,2,mixed64k,mixed,16,64,0,steady,4194304,8,30,15,,0.10533371390901251,0.09319185275162153,,,"{""cpp"": ""aeddcdfc46d1dd5157b06cd27570a6f2985aa0d6ec6110389e4aefb1364bb27c"", ""csharp"": ""652af22a6cf4781f89f8cf74b458d6744e22d07c70f7c94ea737c3d57b8a98ac""}",F:\SocketServerClient\results\final-campaign-20260929\0259-bridge-allocate-cpp,True,9367399.9,1645.5670734405517,,,308.1252358867545,,True,closed-loop,791251,791251,0,791251,0,0,0,2.326527,3.162111,10.584063,33.0751,3.162111,791251,0.0,791165,2888,,,,0.5329329199213658,,3.8386739067348814,146.12935718248698,411.41125042910414,15.861558468804462,,,,,24.59375,0.4921875,436.223,124.415,768
260,first-pass-bridge,bridge-allocate,"First-pass bridge: first-pass corpus and retention, rework binaries",Mixed 64 KiB retain-allocate,tcp,retain-allocate,csharp,cpp,2,mixed64k,mixed,16,64,0,steady,4194304,8,30,15,,0.09649072172537235,0.08711680034836662,True,0,"{""cpp"": ""aeddcdfc46d1dd5157b06cd27570a6f2985aa0d6ec6110389e4aefb1364bb27c"", ""csharp"": ""652af22a6cf4781f89f8cf74b458d6744e22d07c70f7c94ea737c3d57b8a98ac""}",F:\SocketServerClient\results\final-campaign-20260929\0260-bridge-allocate-csharp,True,7445383.6,1307.926832516988,,,308.9201305408076,,True,closed-loop,628914,628914,0,628914,0,0,0,2.785279,6.471679,12.320767,31.9316,6.471679,628914,0.0,628892,13321,,,,0.42805831640122727,,3.7248870717567724,178.40773937295083,502.2875449225388,,282,282,0,286.539,501.67578125,0.4921875,519.167,154.111,608
261,first-pass-bridge,bridge-reuse,"First-pass bridge: first-pass corpus and retention, rework binaries",Mixed 64 KiB retain-reuse,tcp,retain-reuse,cpp,cpp,2,mixed64k,mixed,16,64,0,steady,4194304,8,30,15,,0.10604842730137881,0.09103904749957724,,,"{""cpp"": ""aeddcdfc46d1dd5157b06cd27570a6f2985aa0d6ec6110389e4aefb1364bb27c"", ""csharp"": ""652af22a6cf4781f89f8cf74b458d6744e22d07c70f7c94ea737c3d57b8a98ac""}",F:\SocketServerClient\results\final-campaign-20260929\0261-bridge-reuse-cpp,True,9551489.1,1677.9069681167603,,,0.0,,True,closed-loop,806800,806800,0,806800,0,0,0,2.277375,3.129343,10.551295,74.3355,3.129343,806800,0.0,806708,2735,,,,0.5382191898442058,,3.8139793537143283,142.36412369856222,400.8110769988685,0.0,,,,,22.87890625,0.4921875,427.007,121.599,784
262,first-pass-bridge,bridge-reuse,"First-pass bridge: first-pass corpus and retention, rework binaries",Mixed 64 KiB retain-reuse,tcp,retain-reuse,csharp,cpp,2,mixed64k,mixed,16,64,0,steady,4194304,8,30,15,,0.09842116123440646,0.09237500638727578,True,0,"{""cpp"": ""aeddcdfc46d1dd5157b06cd27570a6f2985aa0d6ec6110389e4aefb1364bb27c"", ""csharp"": ""652af22a6cf4781f89f8cf74b458d6744e22d07c70f7c94ea737c3d57b8a98ac""}",F:\SocketServerClient\results\final-campaign-20260929\0262-bridge-reuse-csharp,True,7659174.066666666,1345.4831875483194,,,0.06917447130865807,,True,closed-loop,646971,646971,0,646971,0,0,0,2.727935,5.242879,11.042815,47.3482,5.242879,646971,0.0,646924,8204,,,,0.43104425588536516,,3.677580005116477,171.20647602442767,482.0128602472597,,0,0,0,0,81.9921875,0.4921875,507.903,150.527,624
263,first-pass-bridge,bridge-aggregate,"First-pass bridge: first-pass corpus and retention, rework binaries",Mixed 64 KiB aggregate,tcp,aggregate,cpp,cpp,2,mixed64k,mixed,16,64,0,steady,4194304,8,30,15,,0.11181405798447619,0.11738292835265934,,,"{""cpp"": ""aeddcdfc46d1dd5157b06cd27570a6f2985aa0d6ec6110389e4aefb1364bb27c"", ""csharp"": ""652af22a6cf4781f89f8cf74b458d6744e22d07c70f7c94ea737c3d57b8a98ac""}",F:\SocketServerClient\results\final-campaign-20260929\0263-bridge-aggregate-cpp,True,11923067.8,2094.523680973053,,,0.0,,True,closed-loop,1007102,1007102,0,1007102,0,0,0,1.794047,2.539519,10.092543,46.3859,2.539519,1007102,0.0,995765,2778,,,,0.6861414797306973,,3.7830471721371017,113.08747773313924,318.3860713106245,0.0,,,,,15.5859375,0.0,338.943,91.903,972
264,first-pass-bridge,bridge-aggregate,"First-pass bridge: first-pass corpus and retention, rework binaries",Mixed 64 KiB aggregate,tcp,aggregate,csharp,cpp,2,mixed64k,mixed,16,64,0,steady,4194304,8,30,15,,0.103572154463911,0.10010941036965537,True,0,"{""cpp"": ""aeddcdfc46d1dd5157b06cd27570a6f2985aa0d6ec6110389e4aefb1364bb27c"", ""csharp"": ""652af22a6cf4781f89f8cf74b458d6744e22d07c70f7c94ea737c3d57b8a98ac""}",F:\SocketServerClient\results\final-campaign-20260929\0264-bridge-aggregate-csharp,True,9370618.566666666,1646.1305694580078,,,0.06889301253281122,,True,closed-loop,791522,791522,0,791522,0,0,0,2.244607,4.603903,10.682367,53.8964,4.603903,791522,0.0,791351,5815,,,,0.5278666076040525,,3.751936696790996,142.72344925346357,401.8219478117042,,0,0,0,0,72.09375,0.0,419.839,122.111,768
265,stress,stress-fragmented,Stress (not ordinary valid-traffic performance),"EASY aggregate, every socket operation capped at 4 KiB",tcp,aggregate,csharp,cpp,0,easy64k,easy,16,64,0,steady,4194304,8,30,15,,0.11303208942625792,0.17395366430598325,True,0,"{""cpp"": ""aeddcdfc46d1dd5157b06cd27570a6f2985aa0d6ec6110389e4aefb1364bb27c"", ""csharp"": ""652af22a6cf4781f89f8cf74b458d6744e22d07c70f7c94ea737c3d57b8a98ac""}",F:\SocketServerClient\results\final-campaign-20260929\0265-stress-fragmented-csharp,True,7172468.6,1120.2874068260194,,,0.5775000674780039,client_cpu_over_85pct,False,closed-loop,538428,538428,0,538428,0,0,0,0.287743,15.400959,18.939903,47.2609,15.400959,538428,0.0,45940,32926,,,,0.9828929508568783,,3.004092196080822,167.9948386785234,420.35787303234696,,0,0,0,0,213.91796875,0.0,58.751,90.367,518
266,stress,stress-fragmented,Stress (not ordinary valid-traffic performance),"EASY aggregate, every socket operation capped at 4 KiB",tcp,aggregate,cpp,cpp,0,easy64k,easy,16,64,0,steady,4194304,8,30,15,,0.10101732025459634,0.17775920172144558,,,"{""cpp"": ""aeddcdfc46d1dd5157b06cd27570a6f2985aa0d6ec6110389e4aefb1364bb27c"", ""csharp"": ""652af22a6cf4781f89f8cf74b458d6744e22d07c70f7c94ea737c3d57b8a98ac""}",F:\SocketServerClient\results\final-campaign-20260929\0266-stress-fragmented-cpp,True,6988427.966666667,1091.54175602595,,,0.0,client_cpu_over_85pct,False,closed-loop,524611,524611,0,524611,0,0,0,0.277503,15.138815,18.939903,43.7604,15.138815,524611,0.0,46360,34937,,,,0.969620162355932,,2.3856691521130102,136.9169251121307,342.5946024235144,0.0,,,,,15.43359375,0.0,63.615,89.599,501
267,stress,stress-fragmented,Stress (not ordinary valid-traffic performance),"EASY aggregate, every socket operation capped at 4 KiB",tcp,aggregate,cpp,cpp,1,easy64k,easy,16,64,0,steady,4194304,8,30,15,,0.1072134049209749,0.18232174921597047,,,"{""cpp"": ""aeddcdfc46d1dd5157b06cd27570a6f2985aa0d6ec6110389e4aefb1364bb27c"", ""csharp"": ""652af22a6cf4781f89f8cf74b458d6744e22d07c70f7c94ea737c3d57b8a98ac""}",F:\SocketServerClient\results\final-campaign-20260929\0267-stress-fragmented-cpp,True,6965049.333333333,1087.8859772364299,,,0.0,client_cpu_over_85pct,False,closed-loop,522855,522855,0,522855,0,0,0,0.278527,15.237119,18.939903,37.4654,15.237119,522855,0.0,46244,34107,,,,0.9641384276187737,,2.372399029974979,136.6296583182718,341.8744772161975,0.0,,,,,15.42578125,0.0,64.255,89.599,502
268,stress,stress-fragmented,Stress (not ordinary valid-traffic performance),"EASY aggregate, every socket operation capped at 4 KiB",tcp,aggregate,csharp,cpp,1,easy64k,easy,16,64,0,steady,4194304,8,30,15,,0.10723751665366653,0.16940449523584036,True,0,"{""cpp"": ""aeddcdfc46d1dd5157b06cd27570a6f2985aa0d6ec6110389e4aefb1364bb27c"", ""csharp"": ""652af22a6cf4781f89f8cf74b458d6744e22d07c70f7c94ea737c3d57b8a98ac""}",F:\SocketServerClient\results\final-campaign-20260929\0268-stress-fragmented-csharp,True,7190132.466666667,1123.0442359288534,,,0.6000211829155887,client_cpu_over_85pct,False,closed-loop,539754,539754,0,539754,0,0,0,0.284671,15.171583,18.874367,32.1584,15.171583,539754,0.0,45264,34098,,,,0.985418409582452,,3.0038442497049562,167.5531816345965,419.2519649305229,,0,0,0,0,220.64453125,0.0,60.927,90.879,520
269,stress,stress-fragmented,Stress (not ordinary valid-traffic performance),"EASY aggregate, every socket operation capped at 4 KiB",tcp,aggregate,cpp,cpp,2,easy64k,easy,16,64,0,steady,4194304,8,30,15,,0.10592822905577053,0.1848149737219209,,,"{""cpp"": ""aeddcdfc46d1dd5157b06cd27570a6f2985aa0d6ec6110389e4aefb1364bb27c"", ""csharp"": ""652af22a6cf4781f89f8cf74b458d6744e22d07c70f7c94ea737c3d57b8a98ac""}",F:\SocketServerClient\results\final-campaign-20260929\0269-stress-fragmented-cpp,True,6965592.666666667,1087.9694612820942,,,0.0,client_cpu_over_85pct,False,closed-loop,522897,522897,0,522897,0,0,0,0.278527,15.368191,19.005439,44.5023,15.368191,522897,0.0,46332,33828,,,,0.9665157797381729,,2.4137220026307795,138.9793305373716,347.75332551652644,0.0,,,,,15.4296875,0.0,61.823,89.599,501
270,stress,stress-fragmented,Stress (not ordinary valid-traffic performance),"EASY aggregate, every socket operation capped at 4 KiB",tcp,aggregate,csharp,cpp,2,easy64k,easy,16,64,0,steady,4194304,8,30,15,,0.11187760233907841,0.1650640115939045,True,0,"{""cpp"": ""aeddcdfc46d1dd5157b06cd27570a6f2985aa0d6ec6110389e4aefb1364bb27c"", ""csharp"": ""652af22a6cf4781f89f8cf74b458d6744e22d07c70f7c94ea737c3d57b8a98ac""}",F:\SocketServerClient\results\final-campaign-20260929\0270-stress-fragmented-csharp,True,7176174.666666667,1120.8636235872905,,,0.6158152555273867,client_cpu_over_85pct,False,closed-loop,538703,538703,0,538703,0,0,0,0.283647,15.794175,18.939903,35.4407,15.794175,538703,0.0,44492,32719,,,,0.9850115756152329,,2.9896044676223976,167.0679391055925,418.0375608513472,,0,0,0,0,222.58984375,0.0,57.599,90.367,519
