ordinal,phase,cell,group,title,kind,mode,server,client,repetition,corpus,profile,connections,window,rate,arrival,socket_buffer,retain_batches,duration,warmup,runner_error,background_cpu_fraction,server_sibling_busy_fraction,server_gc,builds,path,valid,records_per_second,mib_per_second,process_cpu_seconds,process_seconds,allocated_bytes_per_record,exclusion,eligible,load_model,offered,admitted,rejected,acknowledged,failed,unresolved,timedout,p50_ms,p99_ms,p999_ms,max_acknowledged_ms,p99_acknowledged_ms,latency_samples,client_delay_p99_ms,misses_over_1ms,misses_over_5ms,lateness_p99_us,lateness_max_us,late_over_1ms,client_cpu_utilization,strict_v1_adequate,server_cores_used,server_cpu_us_per_frame,server_cpu_ns_per_record,allocations_per_frame,gc_gen0,gc_gen1,gc_gen2,gc_pause_ms,server_peak_working_set_mib,owned_capacity_peak_mib,receive_stage_p50_us,processing_stage_p50_us,stage_samples
1,processing-controls,proc-easy-aggregate,"Processing-only controls (one core, no sockets)",EASY aggregate,process,aggregate,csharp,,0,easy64k,easy,16,64,0,steady,4194304,8,10,5,,0.05985867730595743,0.08960682661172147,True,"{""cpp"": ""37338867390e2af7b43a99b2206f023cb50ae63424aeadd6fcca668f3e763057"", ""csharp"": ""9baa04d7e578106cc752214408607c2ac6ce5bf81b4dbeae642cf60eedac603b""}",F:\SocketServerClient\results\rework-campaign-20260929\0001-proc-easy-aggregate-csharp,True,3781845.458396976,590.6954916830151,10.34375,10.4022643,0.0,,True,,,,,,,,,,,,,,,,,,,,,,,,,,,,,,,,,,,
2,processing-controls,proc-easy-aggregate,"Processing-only controls (one core, no sockets)",EASY aggregate,process,aggregate,cpp,,0,easy64k,easy,16,64,0,steady,4194304,8,10,5,,0.06787390527362795,0.09713310846585112,,"{""cpp"": ""37338867390e2af7b43a99b2206f023cb50ae63424aeadd6fcca668f3e763057"", ""csharp"": ""9baa04d7e578106cc752214408607c2ac6ce5bf81b4dbeae642cf60eedac603b""}",F:\SocketServerClient\results\rework-campaign-20260929\0002-proc-easy-aggregate-cpp,True,4375009.925573403,683.3432691879665,10.4375,10.4905778,0.0,,True,,,,,,,,,,,,,,,,,,,,,,,,,,,,,,,,,,,
3,processing-controls,proc-easy-reuse,"Processing-only controls (one core, no sockets)",EASY retain-reuse,process,retain-reuse,cpp,,0,easy64k,easy,16,64,0,steady,4194304,8,10,5,,0.0746004029872197,0.09930124067480077,,"{""cpp"": ""37338867390e2af7b43a99b2206f023cb50ae63424aeadd6fcca668f3e763057"", ""csharp"": ""9baa04d7e578106cc752214408607c2ac6ce5bf81b4dbeae642cf60eedac603b""}",F:\SocketServerClient\results\rework-campaign-20260929\0003-proc-easy-reuse-cpp,True,3237539.716192842,505.67907534498664,10.09375,10.1259391,0.0,,True,,,,,,,,,,,,,,,,,,,,,,,,,,,,,,,,,,,
4,processing-controls,proc-easy-reuse,"Processing-only controls (one core, no sockets)",EASY retain-reuse,process,retain-reuse,csharp,,0,easy64k,easy,16,64,0,steady,4194304,8,10,5,,0.03903781070261234,0.06479538916222528,True,"{""cpp"": ""37338867390e2af7b43a99b2206f023cb50ae63424aeadd6fcca668f3e763057"", ""csharp"": ""9baa04d7e578106cc752214408607c2ac6ce5bf81b4dbeae642cf60eedac603b""}",F:\SocketServerClient\results\rework-campaign-20260929\0004-proc-easy-reuse-csharp,True,3030969.491914801,473.4143777154042,10.8125,10.8160541,0.0,,True,,,,,,,,,,,,,,,,,,,,,,,,,,,,,,,,,,,
5,processing-controls,proc-hardmix-allocate,"Processing-only controls (one core, no sockets)","HARD mixed frames, retain-allocate",process,retain-allocate,csharp,,0,hardmix,hard,16,64,0,steady,4194304,64,10,5,,0.064204500857184,0.10768209445481498,True,"{""cpp"": ""37338867390e2af7b43a99b2206f023cb50ae63424aeadd6fcca668f3e763057"", ""csharp"": ""9baa04d7e578106cc752214408607c2ac6ce5bf81b4dbeae642cf60eedac603b""}",F:\SocketServerClient\results\rework-campaign-20260929\0005-proc-hardmix-allocate-csharp,True,532446.1156812833,389.1491719724557,10.421875,10.5259102,1326.4799431883066,,True,,,,,,,,,,,,,,,,,,,,,,,,,,,,,,,,,,,
6,processing-controls,proc-hardmix-allocate,"Processing-only controls (one core, no sockets)","HARD mixed frames, retain-allocate",process,retain-allocate,cpp,,0,hardmix,hard,16,64,0,steady,4194304,64,10,5,,0.044611225998571445,0.07146258839846376,,"{""cpp"": ""37338867390e2af7b43a99b2206f023cb50ae63424aeadd6fcca668f3e763057"", ""csharp"": ""9baa04d7e578106cc752214408607c2ac6ce5bf81b4dbeae642cf60eedac603b""}",F:\SocketServerClient\results\rework-campaign-20260929\0006-proc-hardmix-allocate-cpp,True,733614.6142853216,536.1772981116346,11.46875,11.4593137,1326.069046191618,,True,,,,,,,,,,,,,,,,,,,,,,,,,,,,,,,,,,,
7,processing-controls,proc-hard64k-aggregate,"Processing-only controls (one core, no sockets)","HARD content, 64 KiB frames, aggregate",process,aggregate,cpp,,0,hard64k,hard,16,64,0,steady,4194304,8,10,5,,0.05774317095202236,0.0672567166875302,,"{""cpp"": ""37338867390e2af7b43a99b2206f023cb50ae63424aeadd6fcca668f3e763057"", ""csharp"": ""9baa04d7e578106cc752214408607c2ac6ce5bf81b4dbeae642cf60eedac603b""}",F:\SocketServerClient\results\rework-campaign-20260929\0007-proc-hard64k-aggregate-cpp,True,1022565.3308546275,747.108836396608,10.234375,10.2802038,0.0,,True,,,,,,,,,,,,,,,,,,,,,,,,,,,,,,,,,,,
8,processing-controls,proc-hard64k-aggregate,"Processing-only controls (one core, no sockets)","HARD content, 64 KiB frames, aggregate",process,aggregate,csharp,,0,hard64k,hard,16,64,0,steady,4194304,8,10,5,,0.05516437110634358,0.07948480210011338,True,"{""cpp"": ""37338867390e2af7b43a99b2206f023cb50ae63424aeadd6fcca668f3e763057"", ""csharp"": ""9baa04d7e578106cc752214408607c2ac6ce5bf81b4dbeae642cf60eedac603b""}",F:\SocketServerClient\results\rework-campaign-20260929\0008-proc-hard64k-aggregate-csharp,True,689746.4867796375,503.944031347023,10.125,10.1604287,0.0,,True,,,,,,,,,,,,,,,,,,,,,,,,,,,,,,,,,,,
9,processing-controls,proc-hardmix-reuse,"Processing-only controls (one core, no sockets)","HARD mixed frames, retain-reuse",process,retain-reuse,cpp,,0,hardmix,hard,16,64,0,steady,4194304,64,10,5,,0.044097386894897284,0.06595584025719255,,"{""cpp"": ""37338867390e2af7b43a99b2206f023cb50ae63424aeadd6fcca668f3e763057"", ""csharp"": ""9baa04d7e578106cc752214408607c2ac6ce5bf81b4dbeae642cf60eedac603b""}",F:\SocketServerClient\results\rework-campaign-20260929\0009-proc-hardmix-reuse-cpp,True,742252.8432245947,542.4907250294466,11.296875,11.3259519,0.26427025046629365,,True,,,,,,,,,,,,,,,,,,,,,,,,,,,,,,,,,,,
10,processing-controls,proc-hardmix-reuse,"Processing-only controls (one core, no sockets)","HARD mixed frames, retain-reuse",process,retain-reuse,csharp,,0,hardmix,hard,16,64,0,steady,4194304,64,10,5,,0.04298299346378074,0.07713869831618281,True,"{""cpp"": ""37338867390e2af7b43a99b2206f023cb50ae63424aeadd6fcca668f3e763057"", ""csharp"": ""9baa04d7e578106cc752214408607c2ac6ce5bf81b4dbeae642cf60eedac603b""}",F:\SocketServerClient\results\rework-campaign-20260929\0010-proc-hardmix-reuse-csharp,True,552826.7688623376,404.0447906577699,10.125,10.1378593,0.5876113394998287,,True,,,,,,,,,,,,,,,,,,,,,,,,,,,,,,,,,,,
11,processing-controls,proc-hardmix-aggregate,"Processing-only controls (one core, no sockets)","HARD mixed frames, aggregate",process,aggregate,csharp,,0,hardmix,hard,16,64,0,steady,4194304,8,10,5,,0.024251087254307215,0.041110948633249815,True,"{""cpp"": ""37338867390e2af7b43a99b2206f023cb50ae63424aeadd6fcca668f3e763057"", ""csharp"": ""9baa04d7e578106cc752214408607c2ac6ce5bf81b4dbeae642cf60eedac603b""}",F:\SocketServerClient\results\rework-campaign-20260929\0011-proc-hardmix-aggregate-csharp,True,693396.7744796572,506.7832644283023,10.078125,10.1033063,0.0,,True,,,,,,,,,,,,,,,,,,,,,,,,,,,,,,,,,,,
12,processing-controls,proc-hardmix-aggregate,"Processing-only controls (one core, no sockets)","HARD mixed frames, aggregate",process,aggregate,cpp,,0,hardmix,hard,16,64,0,steady,4194304,8,10,5,,0.031044201465836713,0.048639387645268255,,"{""cpp"": ""37338867390e2af7b43a99b2206f023cb50ae63424aeadd6fcca668f3e763057"", ""csharp"": ""9baa04d7e578106cc752214408607c2ac6ce5bf81b4dbeae642cf60eedac603b""}",F:\SocketServerClient\results\rework-campaign-20260929\0012-proc-hardmix-aggregate-cpp,True,1023649.0159199224,748.1548934317071,10.90625,10.9500032,0.0,,True,,,,,,,,,,,,,,,,,,,,,,,,,,,,,,,,,,,
13,processing-controls,proc-hardmix-allocate,"Processing-only controls (one core, no sockets)","HARD mixed frames, retain-allocate",process,retain-allocate,cpp,,1,hardmix,hard,16,64,0,steady,4194304,64,10,5,,0.027367472984173694,0.04207056007021854,,"{""cpp"": ""37338867390e2af7b43a99b2206f023cb50ae63424aeadd6fcca668f3e763057"", ""csharp"": ""9baa04d7e578106cc752214408607c2ac6ce5bf81b4dbeae642cf60eedac603b""}",F:\SocketServerClient\results\rework-campaign-20260929\0013-proc-hardmix-allocate-cpp,True,733756.1173182353,536.280718507555,11.421875,11.4571038,1326.069046191618,,True,,,,,,,,,,,,,,,,,,,,,,,,,,,,,,,,,,,
14,processing-controls,proc-hardmix-allocate,"Processing-only controls (one core, no sockets)","HARD mixed frames, retain-allocate",process,retain-allocate,csharp,,1,hardmix,hard,16,64,0,steady,4194304,64,10,5,,0.03573142988994806,0.05451289903238633,True,"{""cpp"": ""37338867390e2af7b43a99b2206f023cb50ae63424aeadd6fcca668f3e763057"", ""csharp"": ""9baa04d7e578106cc752214408607c2ac6ce5bf81b4dbeae642cf60eedac603b""}",F:\SocketServerClient\results\rework-campaign-20260929\0014-proc-hardmix-allocate-csharp,True,528629.3301388394,386.35959592016735,10.484375,10.6019089,1326.479930341441,,True,,,,,,,,,,,,,,,,,,,,,,,,,,,,,,,,,,,
15,processing-controls,proc-easy-reuse,"Processing-only controls (one core, no sockets)",EASY retain-reuse,process,retain-reuse,cpp,,1,easy64k,easy,16,64,0,steady,4194304,8,10,5,,0.024950810653498797,0.03844235119406943,,"{""cpp"": ""37338867390e2af7b43a99b2206f023cb50ae63424aeadd6fcca668f3e763057"", ""csharp"": ""9baa04d7e578106cc752214408607c2ac6ce5bf81b4dbeae642cf60eedac603b""}",F:\SocketServerClient\results\rework-campaign-20260929\0015-proc-easy-reuse-cpp,True,3220828.838595419,503.06896338577184,10.171875,10.1784763,0.0,,True,,,,,,,,,,,,,,,,,,,,,,,,,,,,,,,,,,,
16,processing-controls,proc-easy-reuse,"Processing-only controls (one core, no sockets)",EASY retain-reuse,process,retain-reuse,csharp,,1,easy64k,easy,16,64,0,steady,4194304,8,10,5,,0.03814527359192191,0.05727515636469795,True,"{""cpp"": ""37338867390e2af7b43a99b2206f023cb50ae63424aeadd6fcca668f3e763057"", ""csharp"": ""9baa04d7e578106cc752214408607c2ac6ce5bf81b4dbeae642cf60eedac603b""}",F:\SocketServerClient\results\rework-campaign-20260929\0016-proc-easy-reuse-csharp,True,3031930.9814904225,473.5645550729583,10.8125,10.8126241,0.0,,True,,,,,,,,,,,,,,,,,,,,,,,,,,,,,,,,,,,
17,processing-controls,proc-hardmix-aggregate,"Processing-only controls (one core, no sockets)","HARD mixed frames, aggregate",process,aggregate,cpp,,1,hardmix,hard,16,64,0,steady,4194304,8,10,5,,0.04954399863626895,0.07842094186722236,,"{""cpp"": ""37338867390e2af7b43a99b2206f023cb50ae63424aeadd6fcca668f3e763057"", ""csharp"": ""9baa04d7e578106cc752214408607c2ac6ce5bf81b4dbeae642cf60eedac603b""}",F:\SocketServerClient\results\rework-campaign-20260929\0017-proc-hardmix-aggregate-cpp,True,1023251.5645699146,747.8644079549618,10.9375,10.9542564,0.0,,True,,,,,,,,,,,,,,,,,,,,,,,,,,,,,,,,,,,
18,processing-controls,proc-hardmix-aggregate,"Processing-only controls (one core, no sockets)","HARD mixed frames, aggregate",process,aggregate,csharp,,1,hardmix,hard,16,64,0,steady,4194304,8,10,5,,0.04158545022077171,0.07716345509667387,True,"{""cpp"": ""37338867390e2af7b43a99b2206f023cb50ae63424aeadd6fcca668f3e763057"", ""csharp"": ""9baa04d7e578106cc752214408607c2ac6ce5bf81b4dbeae642cf60eedac603b""}",F:\SocketServerClient\results\rework-campaign-20260929\0018-proc-hardmix-aggregate-csharp,True,696430.1760205003,509.0002882042549,10.046875,10.0592999,0.0,,True,,,,,,,,,,,,,,,,,,,,,,,,,,,,,,,,,,,
19,processing-controls,proc-hard64k-aggregate,"Processing-only controls (one core, no sockets)","HARD content, 64 KiB frames, aggregate",process,aggregate,csharp,,1,hard64k,hard,16,64,0,steady,4194304,8,10,5,,0.04214733281657108,0.04971492418949802,True,"{""cpp"": ""37338867390e2af7b43a99b2206f023cb50ae63424aeadd6fcca668f3e763057"", ""csharp"": ""9baa04d7e578106cc752214408607c2ac6ce5bf81b4dbeae642cf60eedac603b""}",F:\SocketServerClient\results\rework-campaign-20260929\0019-proc-hard64k-aggregate-csharp,True,697426.9268223593,509.55553063239,10.046875,10.0485366,0.0,,True,,,,,,,,,,,,,,,,,,,,,,,,,,,,,,,,,,,
20,processing-controls,proc-hard64k-aggregate,"Processing-only controls (one core, no sockets)","HARD content, 64 KiB frames, aggregate",process,aggregate,cpp,,1,hard64k,hard,16,64,0,steady,4194304,8,10,5,,0.05417125282878974,0.0823300837196269,,"{""cpp"": ""37338867390e2af7b43a99b2206f023cb50ae63424aeadd6fcca668f3e763057"", ""csharp"": ""9baa04d7e578106cc752214408607c2ac6ce5bf81b4dbeae642cf60eedac603b""}",F:\SocketServerClient\results\rework-campaign-20260929\0020-proc-hard64k-aggregate-cpp,True,1026634.1368287674,750.0815959897018,10.234375,10.2394608,0.0,,True,,,,,,,,,,,,,,,,,,,,,,,,,,,,,,,,,,,
21,processing-controls,proc-easy-aggregate,"Processing-only controls (one core, no sockets)",EASY aggregate,process,aggregate,csharp,,1,easy64k,easy,16,64,0,steady,4194304,8,10,5,,0.06484363705330132,0.08993201359294255,True,"{""cpp"": ""37338867390e2af7b43a99b2206f023cb50ae63424aeadd6fcca668f3e763057"", ""csharp"": ""9baa04d7e578106cc752214408607c2ac6ce5bf81b4dbeae642cf60eedac603b""}",F:\SocketServerClient\results\rework-campaign-20260929\0021-proc-easy-aggregate-csharp,True,3816595.0735349115,596.1231172233774,10.265625,10.307553,0.0,,True,,,,,,,,,,,,,,,,,,,,,,,,,,,,,,,,,,,
22,processing-controls,proc-easy-aggregate,"Processing-only controls (one core, no sockets)",EASY aggregate,process,aggregate,cpp,,1,easy64k,easy,16,64,0,steady,4194304,8,10,5,,0.07435312059685803,0.10784114492934753,,"{""cpp"": ""37338867390e2af7b43a99b2206f023cb50ae63424aeadd6fcca668f3e763057"", ""csharp"": ""9baa04d7e578106cc752214408607c2ac6ce5bf81b4dbeae642cf60eedac603b""}",F:\SocketServerClient\results\rework-campaign-20260929\0022-proc-easy-aggregate-cpp,True,4417389.261902709,689.9625991382837,10.359375,10.3899338,0.0,,True,,,,,,,,,,,,,,,,,,,,,,,,,,,,,,,,,,,
23,processing-controls,proc-hardmix-reuse,"Processing-only controls (one core, no sockets)","HARD mixed frames, retain-reuse",process,retain-reuse,csharp,,1,hardmix,hard,16,64,0,steady,4194304,64,10,5,,0.06643980758426961,0.12312041094232266,True,"{""cpp"": ""37338867390e2af7b43a99b2206f023cb50ae63424aeadd6fcca668f3e763057"", ""csharp"": ""9baa04d7e578106cc752214408607c2ac6ce5bf81b4dbeae642cf60eedac603b""}",F:\SocketServerClient\results\rework-campaign-20260929\0023-proc-hardmix-reuse-csharp,True,549635.9140654886,401.7126889379756,10.1875,10.1967136,0.5876113394998287,,True,,,,,,,,,,,,,,,,,,,,,,,,,,,,,,,,,,,
24,processing-controls,proc-hardmix-reuse,"Processing-only controls (one core, no sockets)","HARD mixed frames, retain-reuse",process,retain-reuse,cpp,,1,hardmix,hard,16,64,0,steady,4194304,64,10,5,,0.058252152556046904,0.08575344452355145,,"{""cpp"": ""37338867390e2af7b43a99b2206f023cb50ae63424aeadd6fcca668f3e763057"", ""csharp"": ""9baa04d7e578106cc752214408607c2ac6ce5bf81b4dbeae642cf60eedac603b""}",F:\SocketServerClient\results\rework-campaign-20260929\0024-proc-hardmix-reuse-cpp,True,740068.1561473806,540.8940016388948,11.3125,11.3593862,0.26427025046629365,,True,,,,,,,,,,,,,,,,,,,,,,,,,,,,,,,,,,,
25,processing-controls,proc-hard64k-aggregate,"Processing-only controls (one core, no sockets)","HARD content, 64 KiB frames, aggregate",process,aggregate,cpp,,2,hard64k,hard,16,64,0,steady,4194304,8,10,5,,0.06289778516688731,0.1117112013637742,,"{""cpp"": ""37338867390e2af7b43a99b2206f023cb50ae63424aeadd6fcca668f3e763057"", ""csharp"": ""9baa04d7e578106cc752214408607c2ac6ce5bf81b4dbeae642cf60eedac603b""}",F:\SocketServerClient\results\rework-campaign-20260929\0025-proc-hard64k-aggregate-cpp,True,1021452.9330331201,746.2960939566292,10.25,10.2913993,0.0,,True,,,,,,,,,,,,,,,,,,,,,,,,,,,,,,,,,,,
26,processing-controls,proc-hard64k-aggregate,"Processing-only controls (one core, no sockets)","HARD content, 64 KiB frames, aggregate",process,aggregate,csharp,,2,hard64k,hard,16,64,0,steady,4194304,8,10,5,,0.07070710387331568,0.10670364601303639,True,"{""cpp"": ""37338867390e2af7b43a99b2206f023cb50ae63424aeadd6fcca668f3e763057"", ""csharp"": ""9baa04d7e578106cc752214408607c2ac6ce5bf81b4dbeae642cf60eedac603b""}",F:\SocketServerClient\results\rework-campaign-20260929\0026-proc-hard64k-aggregate-csharp,True,690357.2709107636,504.3902837357225,10.15625,10.1514394,0.0,,True,,,,,,,,,,,,,,,,,,,,,,,,,,,,,,,,,,,
27,processing-controls,proc-hardmix-reuse,"Processing-only controls (one core, no sockets)","HARD mixed frames, retain-reuse",process,retain-reuse,cpp,,2,hardmix,hard,16,64,0,steady,4194304,64,10,5,,0.060209038073426396,0.09329639034652323,,"{""cpp"": ""37338867390e2af7b43a99b2206f023cb50ae63424aeadd6fcca668f3e763057"", ""csharp"": ""9baa04d7e578106cc752214408607c2ac6ce5bf81b4dbeae642cf60eedac603b""}",F:\SocketServerClient\results\rework-campaign-20260929\0027-proc-hardmix-reuse-cpp,True,742331.9268822761,542.5485249438359,11.296875,11.3247453,0.26427025046629365,,True,,,,,,,,,,,,,,,,,,,,,,,,,,,,,,,,,,,
28,processing-controls,proc-hardmix-reuse,"Processing-only controls (one core, no sockets)","HARD mixed frames, retain-reuse",process,retain-reuse,csharp,,2,hardmix,hard,16,64,0,steady,4194304,64,10,5,,0.05935745525420824,0.06856344950424688,True,"{""cpp"": ""37338867390e2af7b43a99b2206f023cb50ae63424aeadd6fcca668f3e763057"", ""csharp"": ""9baa04d7e578106cc752214408607c2ac6ce5bf81b4dbeae642cf60eedac603b""}",F:\SocketServerClient\results\rework-campaign-20260929\0028-proc-hardmix-reuse-csharp,True,554806.8460469013,405.49197070871,10.078125,10.1016778,0.5876113394998287,,True,,,,,,,,,,,,,,,,,,,,,,,,,,,,,,,,,,,
29,processing-controls,proc-easy-aggregate,"Processing-only controls (one core, no sockets)",EASY aggregate,process,aggregate,csharp,,2,easy64k,easy,16,64,0,steady,4194304,8,10,5,,0.07187234971103347,0.09566743008921968,True,"{""cpp"": ""37338867390e2af7b43a99b2206f023cb50ae63424aeadd6fcca668f3e763057"", ""csharp"": ""9baa04d7e578106cc752214408607c2ac6ce5bf81b4dbeae642cf60eedac603b""}",F:\SocketServerClient\results\rework-campaign-20260929\0029-proc-easy-aggregate-csharp,True,3805489.0834941184,594.3884460635057,10.296875,10.3376347,0.0,,True,,,,,,,,,,,,,,,,,,,,,,,,,,,,,,,,,,,
30,processing-controls,proc-easy-aggregate,"Processing-only controls (one core, no sockets)",EASY aggregate,process,aggregate,cpp,,2,easy64k,easy,16,64,0,steady,4194304,8,10,5,,0.06984307182847227,0.09456711182196739,,"{""cpp"": ""37338867390e2af7b43a99b2206f023cb50ae63424aeadd6fcca668f3e763057"", ""csharp"": ""9baa04d7e578106cc752214408607c2ac6ce5bf81b4dbeae642cf60eedac603b""}",F:\SocketServerClient\results\rework-campaign-20260929\0030-proc-easy-aggregate-cpp,True,4393405.34440255,686.2164936730842,10.421875,10.4466532,0.0,,True,,,,,,,,,,,,,,,,,,,,,,,,,,,,,,,,,,,
31,processing-controls,proc-easy-reuse,"Processing-only controls (one core, no sockets)",EASY retain-reuse,process,retain-reuse,csharp,,2,easy64k,easy,16,64,0,steady,4194304,8,10,5,,0.06291226108630618,0.08789104387017849,True,"{""cpp"": ""37338867390e2af7b43a99b2206f023cb50ae63424aeadd6fcca668f3e763057"", ""csharp"": ""9baa04d7e578106cc752214408607c2ac6ce5bf81b4dbeae642cf60eedac603b""}",F:\SocketServerClient\results\rework-campaign-20260929\0031-proc-easy-reuse-csharp,True,3045782.2939045154,475.7280247035671,10.765625,10.7634515,0.0,,True,,,,,,,,,,,,,,,,,,,,,,,,,,,,,,,,,,,
32,processing-controls,proc-easy-reuse,"Processing-only controls (one core, no sockets)",EASY retain-reuse,process,retain-reuse,cpp,,2,easy64k,easy,16,64,0,steady,4194304,8,10,5,,0.05079865603853768,0.08088024098324521,,"{""cpp"": ""37338867390e2af7b43a99b2206f023cb50ae63424aeadd6fcca668f3e763057"", ""csharp"": ""9baa04d7e578106cc752214408607c2ac6ce5bf81b4dbeae642cf60eedac603b""}",F:\SocketServerClient\results\rework-campaign-20260929\0032-proc-easy-reuse-cpp,True,3247747.892466853,507.2735148242561,10.046875,10.0941117,0.0,,True,,,,,,,,,,,,,,,,,,,,,,,,,,,,,,,,,,,
33,processing-controls,proc-hardmix-allocate,"Processing-only controls (one core, no sockets)","HARD mixed frames, retain-allocate",process,retain-allocate,csharp,,2,hardmix,hard,16,64,0,steady,4194304,64,10,5,,0.057309900978243976,0.08648291457894963,True,"{""cpp"": ""37338867390e2af7b43a99b2206f023cb50ae63424aeadd6fcca668f3e763057"", ""csharp"": ""9baa04d7e578106cc752214408607c2ac6ce5bf81b4dbeae642cf60eedac603b""}",F:\SocketServerClient\results\rework-campaign-20260929\0033-proc-hardmix-allocate-csharp,True,530048.1535499323,387.3965721311693,10.5,10.5735299,1326.480177286742,,True,,,,,,,,,,,,,,,,,,,,,,,,,,,,,,,,,,,
34,processing-controls,proc-hardmix-allocate,"Processing-only controls (one core, no sockets)","HARD mixed frames, retain-allocate",process,retain-allocate,cpp,,2,hardmix,hard,16,64,0,steady,4194304,64,10,5,,0.060302397404652375,0.07684514202498191,,"{""cpp"": ""37338867390e2af7b43a99b2206f023cb50ae63424aeadd6fcca668f3e763057"", ""csharp"": ""9baa04d7e578106cc752214408607c2ac6ce5bf81b4dbeae642cf60eedac603b""}",F:\SocketServerClient\results\rework-campaign-20260929\0034-proc-hardmix-allocate-cpp,True,726513.7156435695,530.9874605950957,11.5625,11.5713163,1326.069046191618,,True,,,,,,,,,,,,,,,,,,,,,,,,,,,,,,,,,,,
35,processing-controls,proc-hardmix-aggregate,"Processing-only controls (one core, no sockets)","HARD mixed frames, aggregate",process,aggregate,cpp,,2,hardmix,hard,16,64,0,steady,4194304,8,10,5,,0.04457844556388753,0.0715935278259608,,"{""cpp"": ""37338867390e2af7b43a99b2206f023cb50ae63424aeadd6fcca668f3e763057"", ""csharp"": ""9baa04d7e578106cc752214408607c2ac6ce5bf81b4dbeae642cf60eedac603b""}",F:\SocketServerClient\results\rework-campaign-20260929\0035-proc-hardmix-aggregate-cpp,True,1022257.3925984999,747.1377969645159,10.96875,10.9649097,0.0,,True,,,,,,,,,,,,,,,,,,,,,,,,,,,,,,,,,,,
36,processing-controls,proc-hardmix-aggregate,"Processing-only controls (one core, no sockets)","HARD mixed frames, aggregate",process,aggregate,csharp,,2,hardmix,hard,16,64,0,steady,4194304,8,10,5,,0.051623395254026795,0.08538097096155746,True,"{""cpp"": ""37338867390e2af7b43a99b2206f023cb50ae63424aeadd6fcca668f3e763057"", ""csharp"": ""9baa04d7e578106cc752214408607c2ac6ce5bf81b4dbeae642cf60eedac603b""}",F:\SocketServerClient\results\rework-campaign-20260929\0036-proc-hardmix-aggregate-csharp,True,698774.8329465231,510.71392884215084,10.03125,10.0255471,0.0,,True,,,,,,,,,,,,,,,,,,,,,,,,,,,,,,,,,,,
37,easy-saturation,easy-aggregate-sat,EASY — closed-loop saturation (16 connections × 4 outstanding),EASY aggregate,tcp,aggregate,cpp,cpp,0,easy64k,easy,16,64,0,steady,4194304,8,30,15,,0.03357237822179573,0.06323484588858432,,"{""cpp"": ""37338867390e2af7b43a99b2206f023cb50ae63424aeadd6fcca668f3e763057"", ""csharp"": ""9baa04d7e578106cc752214408607c2ac6ce5bf81b4dbeae642cf60eedac603b""}",F:\SocketServerClient\results\rework-campaign-20260929\0037-easy-aggregate-sat-cpp,True,14916763.333333334,2329.886087926229,,,0.0,,True,closed-loop,1119806,1119806,0,1119806,0,0,0,1.691647,1.937407,2.170879,7.7547,1.937407,1119806,0.0,1118372,4,,,,0.7966432930984844,,3.971369749389687,106.79863297749789,267.23182537348447,0.0,,,,,15.421875,0.0,323.583,89.343,1088
38,easy-saturation,easy-aggregate-sat,EASY — closed-loop saturation (16 connections × 4 outstanding),EASY aggregate,tcp,aggregate,csharp,cpp,0,easy64k,easy,16,64,0,steady,4194304,8,30,15,,0.041975126283806743,0.07411341325020758,True,"{""cpp"": ""37338867390e2af7b43a99b2206f023cb50ae63424aeadd6fcca668f3e763057"", ""csharp"": ""9baa04d7e578106cc752214408607c2ac6ce5bf81b4dbeae642cf60eedac603b""}",F:\SocketServerClient\results\rework-campaign-20260929\0038-easy-aggregate-sat-csharp,True,12245370.4,1912.6347179730733,,,0.06103581355375195,,True,closed-loop,919275,919275,0,919275,0,0,0,1.892351,4.095999,6.537215,19.3795,4.095999,919275,0.0,919143,6120,,,,0.67228737422798,,3.7688676779746233,123.4668624731446,308.93914294108407,,2,0,0,0.808,58.37890625,0.0,354.303,101.631,894
39,easy-saturation,easy-reuse-sat,EASY — closed-loop saturation (16 connections × 4 outstanding),EASY retain-reuse,tcp,retain-reuse,cpp,cpp,0,easy64k,easy,16,64,0,steady,4194304,8,30,15,,0.06541178717672103,0.09661966797409251,,"{""cpp"": ""37338867390e2af7b43a99b2206f023cb50ae63424aeadd6fcca668f3e763057"", ""csharp"": ""9baa04d7e578106cc752214408607c2ac6ce5bf81b4dbeae642cf60eedac603b""}",F:\SocketServerClient\results\rework-campaign-20260929\0039-easy-reuse-sat-cpp,True,11161647.566666666,1743.3691385269165,,,0.0,,True,closed-loop,837927,837927,0,837927,0,0,0,2.260991,2.637823,4.505599,41.9162,2.637823,837927,0.0,837876,634,,,,0.6213278159948972,,3.9582233137468172,142.27820561934394,356.00975826946745,0.0,,,,,21.40234375,0.3515625,424.959,122.367,816
40,easy-saturation,easy-reuse-sat,EASY — closed-loop saturation (16 connections × 4 outstanding),EASY retain-reuse,tcp,retain-reuse,csharp,cpp,0,easy64k,easy,16,64,0,steady,4194304,8,30,15,,0.060542457817188325,0.08818482022299436,True,"{""cpp"": ""37338867390e2af7b43a99b2206f023cb50ae63424aeadd6fcca668f3e763057"", ""csharp"": ""9baa04d7e578106cc752214408607c2ac6ce5bf81b4dbeae642cf60eedac603b""}",F:\SocketServerClient\results\rework-campaign-20260929\0040-easy-reuse-sat-csharp,True,10335568.033333333,1614.334655602773,,,0.06122952199851968,,True,closed-loop,775913,775913,0,775913,0,0,0,2.326527,4.456447,6.373375,25.2931,4.456447,775913,0.0,775857,5030,,,,0.5540352349145086,,3.896364583222962,151.23312794089028,378.4151431547369,,0,0,0,0,78.73046875,0.3515625,441.343,129.023,752
41,easy-saturation,easy-reuse-sat,EASY — closed-loop saturation (16 connections × 4 outstanding),EASY retain-reuse,tcp,retain-reuse,cpp,cpp,1,easy64k,easy,16,64,0,steady,4194304,8,30,15,,0.06076053443528156,0.09849124222305755,,"{""cpp"": ""37338867390e2af7b43a99b2206f023cb50ae63424aeadd6fcca668f3e763057"", ""csharp"": ""9baa04d7e578106cc752214408607c2ac6ce5bf81b4dbeae642cf60eedac603b""}",F:\SocketServerClient\results\rework-campaign-20260929\0041-easy-reuse-sat-cpp,True,11324475.966666667,1768.7957122484843,,,0.0,,True,closed-loop,850147,850147,0,850147,0,0,0,2.220031,2.539519,3.268607,18.3344,2.539519,850147,0.0,849962,177,,,,0.6111014700182335,,3.960747482867088,140.28823838700836,351.0292738632042,0.0,,,,,21.39453125,0.3515625,423.935,122.111,816
42,easy-saturation,easy-reuse-sat,EASY — closed-loop saturation (16 connections × 4 outstanding),EASY retain-reuse,tcp,retain-reuse,csharp,cpp,1,easy64k,easy,16,64,0,steady,4194304,8,30,15,,0.03817571191535853,0.06494726081102904,True,"{""cpp"": ""37338867390e2af7b43a99b2206f023cb50ae63424aeadd6fcca668f3e763057"", ""csharp"": ""9baa04d7e578106cc752214408607c2ac6ce5bf81b4dbeae642cf60eedac603b""}",F:\SocketServerClient\results\rework-campaign-20260929\0042-easy-reuse-sat-csharp,True,10391443.566666666,1623.0631131490072,,,0.061209124937205095,,True,closed-loop,780108,780108,0,780108,0,0,0,2.310143,4.374527,6.356991,22.8997,4.374527,780108,0.0,780055,4539,,,,0.5574026264942328,,3.8739708948828113,149.57864808462418,374.2755772913107,,0,0,0,0,81.875,0.3515625,437.247,128.511,752
43,easy-saturation,easy-aggregate-sat,EASY — closed-loop saturation (16 connections × 4 outstanding),EASY aggregate,tcp,aggregate,cpp,cpp,1,easy64k,easy,16,64,0,steady,4194304,8,30,15,,0.05236010966636543,0.0873798538841064,,"{""cpp"": ""37338867390e2af7b43a99b2206f023cb50ae63424aeadd6fcca668f3e763057"", ""csharp"": ""9baa04d7e578106cc752214408607c2ac6ce5bf81b4dbeae642cf60eedac603b""}",F:\SocketServerClient\results\rework-campaign-20260929\0043-easy-aggregate-sat-cpp,True,14626938.0,2284.6175411224367,,,0.0,,True,closed-loop,1098051,1098051,0,1098051,0,0,0,1.703935,2.105343,3.604479,27.3358,2.105343,1098051,0.0,1094209,544,,,,0.7683716271849591,,3.9559172150868753,108.50190473848664,271.49378148510357,0.0,,,,,15.43359375,0.0,324.607,89.343,1067
44,easy-saturation,easy-aggregate-sat,EASY — closed-loop saturation (16 connections × 4 outstanding),EASY aggregate,tcp,aggregate,csharp,cpp,1,easy64k,easy,16,64,0,steady,4194304,8,30,15,,0.05586044569061943,0.07894635722215013,True,"{""cpp"": ""37338867390e2af7b43a99b2206f023cb50ae63424aeadd6fcca668f3e763057"", ""csharp"": ""9baa04d7e578106cc752214408607c2ac6ce5bf81b4dbeae642cf60eedac603b""}",F:\SocketServerClient\results\rework-campaign-20260929\0044-easy-aggregate-sat-csharp,True,12554212.933333334,1960.8741806030273,,,0.06102087568360491,,True,closed-loop,942460,942460,0,942460,0,0,0,1.888255,3.915775,5.783551,21.5102,3.915775,942460,0.0,942135,4854,,,,0.6763925643147911,,3.842052128478535,122.78372556925493,307.2299216247526,,2,0,0,0.775,61.15234375,0.0,357.375,101.631,912
45,easy-saturation,easy-reuse-sat,EASY — closed-loop saturation (16 connections × 4 outstanding),EASY retain-reuse,tcp,retain-reuse,csharp,cpp,2,easy64k,easy,16,64,0,steady,4194304,8,30,15,,0.08147634664246531,0.10691087965612801,True,"{""cpp"": ""37338867390e2af7b43a99b2206f023cb50ae63424aeadd6fcca668f3e763057"", ""csharp"": ""9baa04d7e578106cc752214408607c2ac6ce5bf81b4dbeae642cf60eedac603b""}",F:\SocketServerClient\results\rework-campaign-20260929\0045-easy-reuse-sat-csharp,True,9981126.266666668,1558.9768288294474,,,0.061261043018099405,,True,closed-loop,749308,749308,0,749308,0,0,0,2.326527,5.832703,8.421375,36.5079,5.832703,749308,0.0,749226,9828,,,,0.5265335999194565,,3.7499771224417278,150.7223998676112,377.13800138241135,,0,0,0,0,77.30859375,0.3515625,441.343,129.279,720
46,easy-saturation,easy-reuse-sat,EASY — closed-loop saturation (16 connections × 4 outstanding),EASY retain-reuse,tcp,retain-reuse,cpp,cpp,2,easy64k,easy,16,64,0,steady,4194304,8,30,15,,0.05269836148776794,0.06576121923729134,,"{""cpp"": ""37338867390e2af7b43a99b2206f023cb50ae63424aeadd6fcca668f3e763057"", ""csharp"": ""9baa04d7e578106cc752214408607c2ac6ce5bf81b4dbeae642cf60eedac603b""}",F:\SocketServerClient\results\rework-campaign-20260929\0046-easy-reuse-sat-cpp,True,11155313.566666666,1742.3766262372335,,,0.0,,True,closed-loop,837450,837450,0,837450,0,0,0,2.244607,2.809855,5.324799,25.1152,2.809855,837450,0.0,837391,995,,,,0.5854821806148793,,3.929880859656948,141.35172249089499,353.69084622185017,0.0,,,,,21.3984375,0.3515625,424.959,122.367,816
47,easy-saturation,easy-aggregate-sat,EASY — closed-loop saturation (16 connections × 4 outstanding),EASY aggregate,tcp,aggregate,cpp,cpp,2,easy64k,easy,16,64,0,steady,4194304,8,30,15,,0.05886549996671663,0.094524406295282,,"{""cpp"": ""37338867390e2af7b43a99b2206f023cb50ae63424aeadd6fcca668f3e763057"", ""csharp"": ""9baa04d7e578106cc752214408607c2ac6ce5bf81b4dbeae642cf60eedac603b""}",F:\SocketServerClient\results\rework-campaign-20260929\0047-easy-aggregate-sat-cpp,True,14648903.866666667,2288.0487513860066,,,0.0,,True,closed-loop,1099700,1099700,0,1099700,0,0,0,1.699839,2.129919,3.358719,35.9126,2.129919,1099700,0.0,1095614,519,,,,0.7656763319723462,,3.9566686836570666,108.32499772665273,271.0511521818486,0.0,,,,,15.4375,0.0,324.607,89.343,1067
48,easy-saturation,easy-aggregate-sat,EASY — closed-loop saturation (16 connections × 4 outstanding),EASY aggregate,tcp,aggregate,csharp,cpp,2,easy64k,easy,16,64,0,steady,4194304,8,30,15,,0.03708773998033119,0.059967856821604396,True,"{""cpp"": ""37338867390e2af7b43a99b2206f023cb50ae63424aeadd6fcca668f3e763057"", ""csharp"": ""9baa04d7e578106cc752214408607c2ac6ce5bf81b4dbeae642cf60eedac603b""}",F:\SocketServerClient\results\rework-campaign-20260929\0048-easy-aggregate-sat-csharp,True,12720643.3,1986.8644178390502,,,0.06100424798551873,,True,closed-loop,954951,954951,0,954951,0,0,0,1.875967,4.030463,6.275071,26.5913,4.030463,954951,0.0,954660,4666,,,,0.6570691456597954,,3.822066215964994,120.539561715732,301.61381850832447,,2,0,0,0.882,62.015625,0.0,357.375,102.143,928
49,easy-saturation,easy-reuse-sat,EASY — closed-loop saturation (16 connections × 4 outstanding),EASY retain-reuse,tcp,retain-reuse,cpp,cpp,3,easy64k,easy,16,64,0,steady,4194304,8,30,15,,0.03760957260084668,0.05745535021664771,,"{""cpp"": ""37338867390e2af7b43a99b2206f023cb50ae63424aeadd6fcca668f3e763057"", ""csharp"": ""9baa04d7e578106cc752214408607c2ac6ce5bf81b4dbeae642cf60eedac603b""}",F:\SocketServerClient\results\rework-campaign-20260929\0049-easy-reuse-sat-cpp,True,11351397.166666666,1773.004940032959,,,0.0,,True,closed-loop,852170,852170,0,852170,0,0,0,2.220031,2.490367,3.268607,16.8215,2.490367,852170,0.0,852061,111,,,,0.5860389560482983,,3.9764155069463727,140.50526890174496,351.5731704957668,0.0,,,,,21.48046875,0.3515625,422.911,121.855,830
50,easy-saturation,easy-reuse-sat,EASY — closed-loop saturation (16 connections × 4 outstanding),EASY retain-reuse,tcp,retain-reuse,csharp,cpp,3,easy64k,easy,16,64,0,steady,4194304,8,30,15,,0.023228255399262113,0.04043738367638161,True,"{""cpp"": ""37338867390e2af7b43a99b2206f023cb50ae63424aeadd6fcca668f3e763057"", ""csharp"": ""9baa04d7e578106cc752214408607c2ac6ce5bf81b4dbeae642cf60eedac603b""}",F:\SocketServerClient\results\rework-campaign-20260929\0050-easy-reuse-sat-csharp,True,10433583.7,1629.6445870081584,,,0.061206669028121045,,True,closed-loop,783271,783271,0,783271,0,0,0,2.310143,4.898815,7.634943,13.7979,4.898815,783271,0.0,783242,7802,,,,0.5339471691799842,,3.847459421854035,147.93730394716516,370.16854813023946,,0,0,0,0,79.3203125,0.3515625,439.295,128.767,753
51,easy-saturation,easy-aggregate-sat,EASY — closed-loop saturation (16 connections × 4 outstanding),EASY aggregate,tcp,aggregate,cpp,cpp,3,easy64k,easy,16,64,0,steady,4194304,8,30,15,,0.0603074546175995,0.09839494709134722,,"{""cpp"": ""37338867390e2af7b43a99b2206f023cb50ae63424aeadd6fcca668f3e763057"", ""csharp"": ""9baa04d7e578106cc752214408607c2ac6ce5bf81b4dbeae642cf60eedac603b""}",F:\SocketServerClient\results\rework-campaign-20260929\0051-easy-aggregate-sat-cpp,True,14605146.5,2281.2010250727335,,,0.0,,True,closed-loop,1096383,1096383,0,1096383,0,0,0,1.716223,2.035711,3.391487,26.5091,2.035711,1096383,0.0,1094238,375,,,,0.7572397807352624,,3.9611360437718215,108.7952385252234,272.2262532849956,0.0,,,,,15.4296875,0.0,325.631,89.343,1056
52,easy-saturation,easy-aggregate-sat,EASY — closed-loop saturation (16 connections × 4 outstanding),EASY aggregate,tcp,aggregate,csharp,cpp,3,easy64k,easy,16,64,0,steady,4194304,8,30,15,,0.07537059900894907,0.11411540379268412,True,"{""cpp"": ""37338867390e2af7b43a99b2206f023cb50ae63424aeadd6fcca668f3e763057"", ""csharp"": ""9baa04d7e578106cc752214408607c2ac6ce5bf81b4dbeae642cf60eedac603b""}",F:\SocketServerClient\results\rework-campaign-20260929\0052-easy-aggregate-sat-csharp,True,12114460.3,1892.1874243418376,,,0.061053319825027694,,True,closed-loop,909449,909449,0,909449,0,0,0,1.908735,5.275647,7.618559,25.8729,5.275647,909449,0.0,909136,10620,,,,0.6333384937933674,,3.7475639526655895,124.07925018335278,310.4714452648654,,2,0,0,0.975,61.59765625,0.0,358.399,101.887,880
53,easy-saturation,easy-reuse-sat,EASY — closed-loop saturation (16 connections × 4 outstanding),EASY retain-reuse,tcp,retain-reuse,cpp,cpp,4,easy64k,easy,16,64,0,steady,4194304,8,30,15,,0.042967095864558255,0.06570415510974288,,"{""cpp"": ""37338867390e2af7b43a99b2206f023cb50ae63424aeadd6fcca668f3e763057"", ""csharp"": ""9baa04d7e578106cc752214408607c2ac6ce5bf81b4dbeae642cf60eedac603b""}",F:\SocketServerClient\results\rework-campaign-20260929\0053-easy-reuse-sat-cpp,True,11351361.866666667,1773.0028084754945,,,0.0,,True,closed-loop,852169,852169,0,852169,0,0,0,2.220031,2.506751,3.325951,20.6657,2.506751,852169,0.0,852081,311,,,,0.5884885140277345,,3.976109430555569,140.4870982164336,351.52822530984076,0.0,,,,,21.3984375,0.3515625,422.911,122.111,830
54,easy-saturation,easy-reuse-sat,EASY — closed-loop saturation (16 connections × 4 outstanding),EASY retain-reuse,tcp,retain-reuse,csharp,cpp,4,easy64k,easy,16,64,0,steady,4194304,8,30,15,,0.04770063650312905,0.06885828473401305,True,"{""cpp"": ""37338867390e2af7b43a99b2206f023cb50ae63424aeadd6fcca668f3e763057"", ""csharp"": ""9baa04d7e578106cc752214408607c2ac6ce5bf81b4dbeae642cf60eedac603b""}",F:\SocketServerClient\results\rework-campaign-20260929\0054-easy-reuse-sat-csharp,True,10205939.933333334,1594.084819316864,,,0.061236027863312587,,True,closed-loop,766181,766181,0,766181,0,0,0,2.326527,4.505599,7.520255,33.9963,4.505599,766181,0.0,766138,6759,,,,0.5425117320553812,,3.821092346731856,150.17665538560732,375.7709820400559,,0,0,0,0,81.046875,0.3515625,439.295,128.767,736
55,easy-saturation,easy-aggregate-sat,EASY — closed-loop saturation (16 connections × 4 outstanding),EASY aggregate,tcp,aggregate,cpp,cpp,4,easy64k,easy,16,64,0,steady,4194304,8,30,15,,0.0664062187045247,0.11241858899681295,,"{""cpp"": ""37338867390e2af7b43a99b2206f023cb50ae63424aeadd6fcca668f3e763057"", ""csharp"": ""9baa04d7e578106cc752214408607c2ac6ce5bf81b4dbeae642cf60eedac603b""}",F:\SocketServerClient\results\rework-campaign-20260929\0055-easy-aggregate-sat-cpp,True,14376137.933333334,2245.4583583513895,,,0.0,,True,closed-loop,1079231,1079231,0,1079231,0,0,0,1.724415,2.367487,4.014079,35.1369,2.367487,1079231,0.0,1076455,692,,,,0.7548316396617104,,3.9380131288690827,109.90174948643988,274.9981523717866,0.0,,,,,15.43359375,0.0,326.655,89.343,1040
56,easy-saturation,easy-aggregate-sat,EASY — closed-loop saturation (16 connections × 4 outstanding),EASY aggregate,tcp,aggregate,csharp,cpp,4,easy64k,easy,16,64,0,steady,4194304,8,30,15,,0.07058432488704909,0.10050124933138906,True,"{""cpp"": ""37338867390e2af7b43a99b2206f023cb50ae63424aeadd6fcca668f3e763057"", ""csharp"": ""9baa04d7e578106cc752214408607c2ac6ce5bf81b4dbeae642cf60eedac603b""}",F:\SocketServerClient\results\rework-campaign-20260929\0056-easy-aggregate-sat-csharp,True,12224783.6,1909.417827574412,,,0.061054377074323055,,True,closed-loop,917730,917730,0,917730,0,0,0,1.904639,4.456447,6.946815,37.7268,4.456447,917730,0.0,917377,8380,,,,0.6403515812392352,,3.7969385221171663,124.56005578982925,311.6743339620705,,2,0,0,0.828,61.796875,0.0,358.399,101.631,889
57,easy-saturation,easy-aggregate-sat,EASY — closed-loop saturation (16 connections × 4 outstanding),EASY aggregate,tcp,aggregate,cpp,cpp,5,easy64k,easy,16,64,0,steady,4194304,8,30,15,,0.04804034932302566,0.07606531711149143,,"{""cpp"": ""37338867390e2af7b43a99b2206f023cb50ae63424aeadd6fcca668f3e763057"", ""csharp"": ""9baa04d7e578106cc752214408607c2ac6ce5bf81b4dbeae642cf60eedac603b""}",F:\SocketServerClient\results\rework-campaign-20260929\0057-easy-aggregate-sat-cpp,True,14714062.9,2298.2340943336485,,,0.0,,True,closed-loop,1104595,1104595,0,1104595,0,0,0,1.703935,2.019327,2.973695,37.5237,2.019327,1104595,0.0,1103021,317,,,,0.7610447135312353,,3.9641386072417713,108.04299313322983,270.3464894486564,0.0,,,,,15.43359375,0.0,324.607,89.343,1072
58,easy-saturation,easy-aggregate-sat,EASY — closed-loop saturation (16 connections × 4 outstanding),EASY aggregate,tcp,aggregate,csharp,cpp,5,easy64k,easy,16,64,0,steady,4194304,8,30,15,,0.04584766615060036,0.0719825013569011,True,"{""cpp"": ""37338867390e2af7b43a99b2206f023cb50ae63424aeadd6fcca668f3e763057"", ""csharp"": ""9baa04d7e578106cc752214408607c2ac6ce5bf81b4dbeae642cf60eedac603b""}",F:\SocketServerClient\results\rework-campaign-20260929\0058-easy-aggregate-sat-csharp,True,12573399.333333334,1963.8705074628194,,,0.06102827130654779,,True,closed-loop,943899,943899,0,943899,0,0,0,1.875967,4.620287,7.012351,32.4481,4.620287,943899,0.0,943280,8948,,,,0.6406057042436355,,3.822825600875744,121.95094496339121,305.14606192063553,,2,0,0,0.7789999999999999,62.03125,0.0,356.351,101.887,912
59,easy-saturation,easy-reuse-sat,EASY — closed-loop saturation (16 connections × 4 outstanding),EASY retain-reuse,tcp,retain-reuse,csharp,cpp,5,easy64k,easy,16,64,0,steady,4194304,8,30,15,,0.05427431079889372,0.07287392589445917,True,"{""cpp"": ""37338867390e2af7b43a99b2206f023cb50ae63424aeadd6fcca668f3e763057"", ""csharp"": ""9baa04d7e578106cc752214408607c2ac6ce5bf81b4dbeae642cf60eedac603b""}",F:\SocketServerClient\results\rework-campaign-20260929\0059-easy-reuse-sat-csharp,True,10285647.866666667,1606.5399805068969,,,0.06121825376466871,,True,closed-loop,772167,772167,0,772167,0,0,0,2.334719,4.669439,6.684671,17.8988,4.669439,772167,0.0,772119,5342,,,,0.5272904981978379,,3.8494008694345507,150.1658643790786,375.74529395510393,,0,0,0,0,78.609375,0.3515625,441.343,129.279,751
60,easy-saturation,easy-reuse-sat,EASY — closed-loop saturation (16 connections × 4 outstanding),EASY retain-reuse,tcp,retain-reuse,cpp,cpp,5,easy64k,easy,16,64,0,steady,4194304,8,30,15,,0.07693271923216512,0.13211465893572885,,"{""cpp"": ""37338867390e2af7b43a99b2206f023cb50ae63424aeadd6fcca668f3e763057"", ""csharp"": ""9baa04d7e578106cc752214408607c2ac6ce5bf81b4dbeae642cf60eedac603b""}",F:\SocketServerClient\results\rework-campaign-20260929\0060-easy-reuse-sat-cpp,True,11029541.866666667,1722.7282460530598,,,0.0,,True,closed-loop,828007,828007,0,828007,0,0,0,2.269183,2.990079,4.866047,25.1231,2.990079,828007,0.0,827888,747,,,,0.5763596088062672,,3.9368845148724905,143.20908518889334,358.33755399475024,0.0,,,,,21.4375,0.3515625,424.959,121.855,800
61,easy-saturation,easy-reuse-sat,EASY — closed-loop saturation (16 connections × 4 outstanding),EASY retain-reuse,tcp,retain-reuse,csharp,cpp,6,easy64k,easy,16,64,0,steady,4194304,8,30,15,,0.04553542257228758,0.07560256319609612,True,"{""cpp"": ""37338867390e2af7b43a99b2206f023cb50ae63424aeadd6fcca668f3e763057"", ""csharp"": ""9baa04d7e578106cc752214408607c2ac6ce5bf81b4dbeae642cf60eedac603b""}",F:\SocketServerClient\results\rework-campaign-20260929\0061-easy-reuse-sat-csharp,True,10237091.866666667,1598.9620668093364,,,0.06122715966909725,,True,closed-loop,768525,768525,0,768525,0,0,0,2.318335,4.554751,6.553599,11.8711,4.554751,768525,0.0,768474,5029,,,,0.5301106625382599,,3.830025042421297,150.0642464461143,375.4924446309026,,0,0,0,0,81.3515625,0.3515625,439.295,129.023,739
62,easy-saturation,easy-reuse-sat,EASY — closed-loop saturation (16 connections × 4 outstanding),EASY retain-reuse,tcp,retain-reuse,cpp,cpp,6,easy64k,easy,16,64,0,steady,4194304,8,30,15,,0.11339434014750721,0.19372180765089575,,"{""cpp"": ""37338867390e2af7b43a99b2206f023cb50ae63424aeadd6fcca668f3e763057"", ""csharp"": ""9baa04d7e578106cc752214408607c2ac6ce5bf81b4dbeae642cf60eedac603b""}",F:\SocketServerClient\results\rework-campaign-20260929\0062-easy-reuse-sat-cpp,True,10267615.066666666,1603.720602830251,,,0.0,,True,closed-loop,770812,770812,0,770812,0,0,0,2.351103,4.128767,11.960319,77.9334,4.128767,770812,0.0,770722,4109,,,,0.5727383909014828,,3.766395592239526,147.1256934245964,368.1375655951958,0.0,,,,,21.45703125,0.3515625,445.439,122.367,747
63,easy-saturation,easy-aggregate-sat,EASY — closed-loop saturation (16 connections × 4 outstanding),EASY aggregate,tcp,aggregate,csharp,cpp,6,easy64k,easy,16,64,0,steady,4194304,8,30,15,,0.072629347769232,0.12068125949736563,True,"{""cpp"": ""37338867390e2af7b43a99b2206f023cb50ae63424aeadd6fcca668f3e763057"", ""csharp"": ""9baa04d7e578106cc752214408607c2ac6ce5bf81b4dbeae642cf60eedac603b""}",F:\SocketServerClient\results\rework-campaign-20260929\0063-easy-aggregate-sat-csharp,True,12240524.233333332,1911.877298927307,,,0.06104962279584885,,True,closed-loop,918912,918912,0,918912,0,0,0,1.888255,4.095999,7.241727,34.816,4.095999,918912,0.0,918646,6433,,,,0.6381722197225651,,3.7906467392527023,124.24679947590194,310.89060269931116,,2,0,0,0.777,61.55078125,0.0,358.399,101.887,892
64,easy-saturation,easy-aggregate-sat,EASY — closed-loop saturation (16 connections × 4 outstanding),EASY aggregate,tcp,aggregate,cpp,cpp,6,easy64k,easy,16,64,0,steady,4194304,8,30,15,,0.04618382214602759,0.07775170226595172,,"{""cpp"": ""37338867390e2af7b43a99b2206f023cb50ae63424aeadd6fcca668f3e763057"", ""csharp"": ""9baa04d7e578106cc752214408607c2ac6ce5bf81b4dbeae642cf60eedac603b""}",F:\SocketServerClient\results\rework-campaign-20260929\0064-easy-aggregate-sat-cpp,True,14739070.066666666,2302.129111766815,,,0.0,,True,closed-loop,1106467,1106467,0,1106467,0,0,0,1.691647,2.105343,3.235839,20.0534,2.105343,1106467,0.0,1104275,545,,,,0.7455237744026606,,3.954746814276349,107.6483754147209,269.3577790056199,0.0,,,,,15.44140625,0.0,323.583,89.087,1072
65,hard-saturation,hard-reuse-sat,"HARD — closed-loop saturation (16 × 4, 4 KiB–1 MiB frames)","HARD retain-reuse, 64 batches",tcp,retain-reuse,csharp,cpp,0,hardmix,hard,16,64,0,steady,4194304,64,60,20,,0.07181685901281212,0.10139393282558162,True,"{""cpp"": ""37338867390e2af7b43a99b2206f023cb50ae63424aeadd6fcca668f3e763057"", ""csharp"": ""9baa04d7e578106cc752214408607c2ac6ce5bf81b4dbeae642cf60eedac603b""}",F:\SocketServerClient\results\rework-campaign-20260929\0065-hard-reuse-sat-csharp,True,1911611.95,1397.184046602249,,,0.672800584028079,,True,closed-loop,472906,472906,0,472906,0,0,0,7.782399,14.417919,20.447231,62.7154,14.417919,472906,0.0,472903,458978,,,,0.5129178313973644,,3.8687225350387555,492.56617594194194,2030.526708625408,,0,0,0,0,1049.54296875,60.1546630859375,1355.775,221.183,456
66,hard-saturation,hard-reuse-sat,"HARD — closed-loop saturation (16 × 4, 4 KiB–1 MiB frames)","HARD retain-reuse, 64 batches",tcp,retain-reuse,cpp,cpp,0,hardmix,hard,16,64,0,steady,4194304,64,60,20,,0.06940596173473133,0.11897461943353341,,"{""cpp"": ""37338867390e2af7b43a99b2206f023cb50ae63424aeadd6fcca668f3e763057"", ""csharp"": ""9baa04d7e578106cc752214408607c2ac6ce5bf81b4dbeae642cf60eedac603b""}",F:\SocketServerClient\results\rework-campaign-20260929\0066-hard-reuse-sat-cpp,True,2566010.5,1875.4600045204163,,,0.2339111658970261,,True,closed-loop,634569,634569,0,634569,0,0,0,5.898239,8.781823,11.436031,52.7885,8.781823,634569,0.0,634548,520066,,,,0.6654540582030494,,3.951390057741225,374.9346012805542,1545.1686007121357,5.2003801005091645e-05,,,,,876.08203125,60.17236328125,1110.015,164.863,608
67,hard-saturation,hard-allocate-sat,"HARD — closed-loop saturation (16 × 4, 4 KiB–1 MiB frames)","HARD retain-allocate, 64 batches",tcp,retain-allocate,csharp,cpp,0,hardmix,hard,16,64,0,steady,4194304,64,60,20,,0.09458139581660858,0.1442760399601849,True,"{""cpp"": ""37338867390e2af7b43a99b2206f023cb50ae63424aeadd6fcca668f3e763057"", ""csharp"": ""9baa04d7e578106cc752214408607c2ac6ce5bf81b4dbeae642cf60eedac603b""}",F:\SocketServerClient\results\rework-campaign-20260929\0067-hard-allocate-sat-csharp,True,1693861.5833333333,1238.0295435905457,,,1326.7206390052818,,True,closed-loop,419000,419000,0,419000,0,0,0,7.995391,31.522815,69.206015,366.7606,31.522815,419000,0.0,418997,398816,,,,0.46635303276628515,,3.672207109220559,527.6700477326968,2175.0387036993134,,1890,1000,901,1423.64,764.01953125,15.585317611694336,1355.775,268.287,401
68,hard-saturation,hard-allocate-sat,"HARD — closed-loop saturation (16 × 4, 4 KiB–1 MiB frames)","HARD retain-allocate, 64 batches",tcp,retain-allocate,cpp,cpp,0,hardmix,hard,16,64,0,steady,4194304,64,60,20,,0.09770816565317372,0.16361194566315912,,"{""cpp"": ""37338867390e2af7b43a99b2206f023cb50ae63424aeadd6fcca668f3e763057"", ""csharp"": ""9baa04d7e578106cc752214408607c2ac6ce5bf81b4dbeae642cf60eedac603b""}",F:\SocketServerClient\results\rework-campaign-20260929\0068-hard-allocate-sat-cpp,True,2420910.3666666667,1769.3901332537332,,,1326.1064087457876,,True,closed-loop,598736,598736,0,598736,0,0,0,6.193151,10.027007,17.367039,48.1488,10.027007,598736,0.0,598713,525553,,,,0.6576442182676363,,3.9079235500960094,393.01545255337913,1619.8150250231606,10.310766347772642,,,,,245.2265625,15.585317611694336,1196.031,176.639,576
69,hard-saturation,hard-aggregate-sat,"HARD — closed-loop saturation (16 × 4, 4 KiB–1 MiB frames)",HARD aggregate,tcp,aggregate,cpp,cpp,0,hardmix,hard,16,64,0,steady,4194304,64,60,20,,0.0596801466362734,0.12053560739399388,,"{""cpp"": ""37338867390e2af7b43a99b2206f023cb50ae63424aeadd6fcca668f3e763057"", ""csharp"": ""9baa04d7e578106cc752214408607c2ac6ce5bf81b4dbeae642cf60eedac603b""}",F:\SocketServerClient\results\rework-campaign-20260929\0069-hard-aggregate-sat-cpp,True,3486292.05,2548.0353816827137,,,0.0,client_cpu_over_85pct,False,closed-loop,862258,862258,0,862258,0,0,0,4.063231,6.701055,9.109503,100.8562,6.701055,862258,0.0,860460,144349,,,,0.8669148887103495,,3.9517537136504157,275.51208570984556,1135.606597890945,0.0,,,,,41.48046875,0.0,837.631,71.679,832
70,hard-saturation,hard-aggregate-sat,"HARD — closed-loop saturation (16 × 4, 4 KiB–1 MiB frames)",HARD aggregate,tcp,aggregate,csharp,cpp,0,hardmix,hard,16,64,0,steady,4194304,64,60,20,,0.037583840992548516,0.06977622502704185,True,"{""cpp"": ""37338867390e2af7b43a99b2206f023cb50ae63424aeadd6fcca668f3e763057"", ""csharp"": ""9baa04d7e578106cc752214408607c2ac6ce5bf81b4dbeae642cf60eedac603b""}",F:\SocketServerClient\results\rework-campaign-20260929\0070-hard-aggregate-sat-csharp,True,2449164.65,1790.0692528406778,,,0.10381026331689398,partner_excluded,False,closed-loop,605700,605700,0,605700,0,0,0,6.029311,11.567103,14.450687,25.862,11.567103,605700,0.0,605681,453027,,,,0.6199681176923079,,3.8708050081333663,384.2145451543669,1583.494797777946,,6,0,0,1.671,64.015625,0.0,1069.055,115.455,584
71,hard-saturation,hard-reuse-sat,"HARD — closed-loop saturation (16 × 4, 4 KiB–1 MiB frames)","HARD retain-reuse, 64 batches",tcp,retain-reuse,csharp,cpp,1,hardmix,hard,16,64,0,steady,4194304,64,60,20,,0.0431710808953904,0.079531185246511,True,"{""cpp"": ""37338867390e2af7b43a99b2206f023cb50ae63424aeadd6fcca668f3e763057"", ""csharp"": ""9baa04d7e578106cc752214408607c2ac6ce5bf81b4dbeae642cf60eedac603b""}",F:\SocketServerClient\results\rework-campaign-20260929\0071-hard-reuse-sat-csharp,True,1920553.2666666666,1403.7038223266602,,,0.6173397705743077,,True,closed-loop,474970,474970,0,474970,0,0,0,7.815167,13.664255,18.612223,53.2359,13.664255,474970,0.0,474970,463933,,,,0.4959060809025658,,3.892778850636395,493.45221803482326,2033.6664797906135,,0,0,0,0,1050.89453125,60.1546630859375,1433.599,238.079,456
72,hard-saturation,hard-reuse-sat,"HARD — closed-loop saturation (16 × 4, 4 KiB–1 MiB frames)","HARD retain-reuse, 64 batches",tcp,retain-reuse,cpp,cpp,1,hardmix,hard,16,64,0,steady,4194304,64,60,20,,0.08031442475376528,0.12687625043108888,,"{""cpp"": ""37338867390e2af7b43a99b2206f023cb50ae63424aeadd6fcca668f3e763057"", ""csharp"": ""9baa04d7e578106cc752214408607c2ac6ce5bf81b4dbeae642cf60eedac603b""}",F:\SocketServerClient\results\rework-campaign-20260929\0072-hard-reuse-sat-cpp,True,2552467.183333333,1865.534702348709,,,0.23515474768529931,,True,closed-loop,631346,631346,0,631346,0,0,0,5.914623,8.945663,13.860863,55.954,8.945663,631346,0.0,631330,516963,,,,0.6730621802118874,,3.938912325649909,375.66069160175243,1548.4867205565645,5.2269278652276245e-05,,,,,890.0390625,60.17236328125,1118.207,173.567,608
73,hard-saturation,hard-allocate-sat,"HARD — closed-loop saturation (16 × 4, 4 KiB–1 MiB frames)","HARD retain-allocate, 64 batches",tcp,retain-allocate,cpp,cpp,1,hardmix,hard,16,64,0,steady,4194304,64,60,20,,0.09221742733102418,0.15978269368619777,,"{""cpp"": ""37338867390e2af7b43a99b2206f023cb50ae63424aeadd6fcca668f3e763057"", ""csharp"": ""9baa04d7e578106cc752214408607c2ac6ce5bf81b4dbeae642cf60eedac603b""}",F:\SocketServerClient\results\rework-campaign-20260929\0073-hard-allocate-sat-cpp,True,2436150.2333333334,1780.5465448061625,,,1326.1451715013854,,True,closed-loop,602566,602566,0,602566,0,0,0,6.176767,9.601023,14.450687,42.1678,9.601023,602566,0.0,602545,528397,,,,0.6610117103599266,,3.929162193048202,392.59184885970996,1618.2696332696084,10.310322852600379,,,,,242.58203125,15.585317611694336,1196.031,197.119,579
74,hard-saturation,hard-allocate-sat,"HARD — closed-loop saturation (16 × 4, 4 KiB–1 MiB frames)","HARD retain-allocate, 64 batches",tcp,retain-allocate,csharp,cpp,1,hardmix,hard,16,64,0,steady,4194304,64,60,20,,0.0743997606899132,0.1224225115113407,True,"{""cpp"": ""37338867390e2af7b43a99b2206f023cb50ae63424aeadd6fcca668f3e763057"", ""csharp"": ""9baa04d7e578106cc752214408607c2ac6ce5bf81b4dbeae642cf60eedac603b""}",F:\SocketServerClient\results\rework-campaign-20260929\0074-hard-allocate-sat-csharp,True,1741995.0666666667,1273.1850416819254,,,1308.47534573225,,True,closed-loop,430934,430934,0,430934,0,0,0,8.241151,22.544383,33.030143,73.8208,22.544383,430934,0.0,430931,418705,,,,0.4765872380136645,,3.703786870632996,517.4081181805102,2132.830729724237,,2251,1269,1177,1720.22,410.27734375,15.585317611694336,1433.599,273.407,415
75,hard-saturation,hard-aggregate-sat,"HARD — closed-loop saturation (16 × 4, 4 KiB–1 MiB frames)",HARD aggregate,tcp,aggregate,cpp,cpp,1,hardmix,hard,16,64,0,steady,4194304,64,60,20,,0.06068849607927641,0.10650445349350374,,"{""cpp"": ""37338867390e2af7b43a99b2206f023cb50ae63424aeadd6fcca668f3e763057"", ""csharp"": ""9baa04d7e578106cc752214408607c2ac6ce5bf81b4dbeae642cf60eedac603b""}",F:\SocketServerClient\results\rework-campaign-20260929\0075-hard-aggregate-sat-cpp,True,3412839.45,2494.3724036693575,,,0.0,client_cpu_over_85pct,False,closed-loop,844101,844101,0,844101,0,0,0,4.136959,6.946815,11.173887,48.3748,6.946815,844101,0.0,842355,165996,,,,0.85949336839565,,3.898092247110743,277.6067378192894,1144.273381809282,0.0,,,,,41.45703125,0.0,833.535,86.527,816
76,hard-saturation,hard-aggregate-sat,"HARD — closed-loop saturation (16 × 4, 4 KiB–1 MiB frames)",HARD aggregate,tcp,aggregate,csharp,cpp,1,hardmix,hard,16,64,0,steady,4194304,64,60,20,,0.07156735569907473,0.11107660400283356,True,"{""cpp"": ""37338867390e2af7b43a99b2206f023cb50ae63424aeadd6fcca668f3e763057"", ""csharp"": ""9baa04d7e578106cc752214408607c2ac6ce5bf81b4dbeae642cf60eedac603b""}",F:\SocketServerClient\results\rework-campaign-20260929\0076-hard-aggregate-sat-csharp,True,2387871.55,1745.238635110855,,,0.103971358380804,partner_excluded,False,closed-loop,590651,590651,0,590651,0,0,0,6.176767,11.534335,14.974975,47.6596,11.534335,590651,0.0,590605,466336,,,,0.6248468602826223,,3.9016912368767502,397.12537522157754,1636.9844842309847,,6,0,0,1.712,65.2578125,0.0,1163.263,115.711,568
77,hard-saturation,hard-reuse-sat,"HARD — closed-loop saturation (16 × 4, 4 KiB–1 MiB frames)","HARD retain-reuse, 64 batches",tcp,retain-reuse,csharp,cpp,2,hardmix,hard,16,64,0,steady,4194304,64,60,20,,0.06021954265967199,0.09123719847417709,True,"{""cpp"": ""37338867390e2af7b43a99b2206f023cb50ae63424aeadd6fcca668f3e763057"", ""csharp"": ""9baa04d7e578106cc752214408607c2ac6ce5bf81b4dbeae642cf60eedac603b""}",F:\SocketServerClient\results\rework-campaign-20260929\0077-hard-reuse-sat-csharp,True,1900528.6166666667,1389.0525524139405,,,0.6235119880950893,,True,closed-loop,470172,470172,0,470172,0,0,0,7.880703,13.762559,17.104895,41.6764,13.762559,470172,0.0,470168,459449,,,,0.5031240167454953,,3.869570809342576,495.4968607233098,2042.6220000170972,,0,0,0,0,1046.8515625,60.1546630859375,1429.503,226.815,448
78,hard-saturation,hard-reuse-sat,"HARD — closed-loop saturation (16 × 4, 4 KiB–1 MiB frames)","HARD retain-reuse, 64 batches",tcp,retain-reuse,cpp,cpp,2,hardmix,hard,16,64,0,steady,4194304,64,60,20,,0.06391397923724808,0.10760414489756599,,"{""cpp"": ""37338867390e2af7b43a99b2206f023cb50ae63424aeadd6fcca668f3e763057"", ""csharp"": ""9baa04d7e578106cc752214408607c2ac6ce5bf81b4dbeae642cf60eedac603b""}",F:\SocketServerClient\results\rework-campaign-20260929\0078-hard-reuse-sat-cpp,True,2555541.5166666666,1867.7930431842804,,,0.23486660438493762,,True,closed-loop,632102,632102,0,632102,0,0,0,5.898239,8.814591,12.353535,52.639,8.814591,632102,0.0,632085,518470,,,,0.6706139380632897,,3.9530186293040472,376.47207254525375,1551.7856992059847,5.220676409819934e-05,,,,,883.1875,60.17236328125,1122.303,197.119,608
79,hard-saturation,hard-allocate-sat,"HARD — closed-loop saturation (16 × 4, 4 KiB–1 MiB frames)","HARD retain-allocate, 64 batches",tcp,retain-allocate,csharp,cpp,2,hardmix,hard,16,64,0,steady,4194304,64,60,20,,0.07246450921553924,0.09958324836429867,True,"{""cpp"": ""37338867390e2af7b43a99b2206f023cb50ae63424aeadd6fcca668f3e763057"", ""csharp"": ""9baa04d7e578106cc752214408607c2ac6ce5bf81b4dbeae642cf60eedac603b""}",F:\SocketServerClient\results\rework-campaign-20260929\0079-hard-allocate-sat-csharp,True,1739907.8,1271.673828156789,,,1308.3853376942309,,True,closed-loop,430406,430406,0,430406,0,0,0,8.372223,21.692415,30.932991,55.9743,21.692415,430406,0.0,430402,423528,,,,0.48612312094716176,,3.6634602995032637,512.4884992309587,2112.5406152506484,,2245,1268,1175,1712.01,411.4609375,15.585317611694336,1503.231,248.319,415
80,hard-saturation,hard-allocate-sat,"HARD — closed-loop saturation (16 × 4, 4 KiB–1 MiB frames)","HARD retain-allocate, 64 batches",tcp,retain-allocate,cpp,cpp,2,hardmix,hard,16,64,0,steady,4194304,64,60,20,,0.07061118273791131,0.11092949082759528,,"{""cpp"": ""37338867390e2af7b43a99b2206f023cb50ae63424aeadd6fcca668f3e763057"", ""csharp"": ""9baa04d7e578106cc752214408607c2ac6ce5bf81b4dbeae642cf60eedac603b""}",F:\SocketServerClient\results\rework-campaign-20260929\0080-hard-allocate-sat-cpp,True,2440200.066666667,1783.4743336041768,,,1326.1136434486261,,True,closed-loop,603532,603532,0,603532,0,0,0,6.160383,9.535487,18.153471,58.2903,9.535487,603532,0.0,603500,525191,,,,0.6594572315502202,,3.92217050088795,391.2644648502482,1612.6527426824932,10.310651299351154,,,,,243.79296875,15.585317611694336,1204.223,204.287,583
81,hard-saturation,hard-aggregate-sat,"HARD — closed-loop saturation (16 × 4, 4 KiB–1 MiB frames)",HARD aggregate,tcp,aggregate,cpp,cpp,2,hardmix,hard,16,64,0,steady,4194304,64,60,20,,0.07332403167138166,0.13335539214317121,,"{""cpp"": ""37338867390e2af7b43a99b2206f023cb50ae63424aeadd6fcca668f3e763057"", ""csharp"": ""9baa04d7e578106cc752214408607c2ac6ce5bf81b4dbeae642cf60eedac603b""}",F:\SocketServerClient\results\rework-campaign-20260929\0081-hard-aggregate-sat-cpp,True,3430712.8333333335,2507.425884660085,,,0.0,client_cpu_over_85pct,False,closed-loop,848532,848532,0,848532,0,0,0,4.095999,6.782975,10.125311,41.567,6.782975,848532,0.0,846341,154227,,,,0.8681012942724825,,3.9478747677445623,279.6741902485705,1152.7869378680568,0.0,,,,,41.44921875,0.0,827.391,78.335,823
82,hard-saturation,hard-aggregate-sat,"HARD — closed-loop saturation (16 × 4, 4 KiB–1 MiB frames)",HARD aggregate,tcp,aggregate,csharp,cpp,2,hardmix,hard,16,64,0,steady,4194304,64,60,20,,0.0631709916271856,0.10037392393802748,True,"{""cpp"": ""37338867390e2af7b43a99b2206f023cb50ae63424aeadd6fcca668f3e763057"", ""csharp"": ""9baa04d7e578106cc752214408607c2ac6ce5bf81b4dbeae642cf60eedac603b""}",F:\SocketServerClient\results\rework-campaign-20260929\0082-hard-aggregate-sat-csharp,True,2368079.6,1730.780922269821,,,0.10400552988224722,partner_excluded,False,closed-loop,585672,585672,0,585672,0,0,0,6.225919,11.862015,16.089087,53.6697,11.862015,585672,0.0,585630,462966,,,,0.6212051381898235,,3.8574297683052925,396.0194443306151,1632.205476856461,,6,0,0,1.896,63.8828125,0.0,1175.551,139.263,563
83,hard-saturation,hard-aggregate-sat,"HARD — closed-loop saturation (16 × 4, 4 KiB–1 MiB frames)",HARD aggregate,tcp,aggregate,cpp,cpp,3,hardmix,hard,16,64,0,steady,4194304,64,60,20,,0.04264654663332989,0.08853195697426401,,"{""cpp"": ""37338867390e2af7b43a99b2206f023cb50ae63424aeadd6fcca668f3e763057"", ""csharp"": ""9baa04d7e578106cc752214408607c2ac6ce5bf81b4dbeae642cf60eedac603b""}",F:\SocketServerClient\results\rework-campaign-20260929\0083-hard-aggregate-sat-cpp,True,3512425.6166666667,2567.159358390172,,,0.0,client_cpu_over_85pct,False,closed-loop,868716,868716,0,868716,0,0,0,4.063231,6.455295,7.520255,39.7544,6.455295,868716,0.0,867149,139411,,,,0.8619315397634691,,3.969629804243743,274.6870093333149,1132.2086694004254,0.0,,,,,41.29296875,0.0,827.391,70.911,840
84,hard-saturation,hard-aggregate-sat,"HARD — closed-loop saturation (16 × 4, 4 KiB–1 MiB frames)",HARD aggregate,tcp,aggregate,csharp,cpp,3,hardmix,hard,16,64,0,steady,4194304,64,60,20,,0.04916590519126181,0.08505784541035633,True,"{""cpp"": ""37338867390e2af7b43a99b2206f023cb50ae63424aeadd6fcca668f3e763057"", ""csharp"": ""9baa04d7e578106cc752214408607c2ac6ce5bf81b4dbeae642cf60eedac603b""}",F:\SocketServerClient\results\rework-campaign-20260929\0084-hard-aggregate-sat-csharp,True,2438909.8,1782.5560351053873,,,0.10391800416516954,partner_excluded,False,closed-loop,603358,603358,0,603358,0,0,0,6.012927,11.993087,15.597567,42.162,11.993087,603358,0.0,603313,443834,,,,0.617522500095556,,3.9042397038314802,388.9948007650516,1603.7178769148911,,6,0,0,1.756,63.91796875,0.0,1134.591,159.743,583
85,hard-saturation,hard-reuse-sat,"HARD — closed-loop saturation (16 × 4, 4 KiB–1 MiB frames)","HARD retain-reuse, 64 batches",tcp,retain-reuse,csharp,cpp,3,hardmix,hard,16,64,0,steady,4194304,64,60,20,,0.04492091613915234,0.07665213580526835,True,"{""cpp"": ""37338867390e2af7b43a99b2206f023cb50ae63424aeadd6fcca668f3e763057"", ""csharp"": ""9baa04d7e578106cc752214408607c2ac6ce5bf81b4dbeae642cf60eedac603b""}",F:\SocketServerClient\results\rework-campaign-20260929\0085-hard-reuse-sat-csharp,True,1921513.0333333334,1404.381261618932,,,0.6334983580528696,,True,closed-loop,475285,475285,0,475285,0,0,0,7.782399,13.664255,17.629183,59.1636,13.664255,475285,0.0,475282,463868,,,,0.5043267801147864,,3.865647617246955,489.5746762468834,2018.099657709483,,0,0,0,0,1057.91796875,60.1546630859375,1466.367,245.247,456
86,hard-saturation,hard-reuse-sat,"HARD — closed-loop saturation (16 × 4, 4 KiB–1 MiB frames)","HARD retain-reuse, 64 batches",tcp,retain-reuse,cpp,cpp,3,hardmix,hard,16,64,0,steady,4194304,64,60,20,,0.03726610167370939,0.07292900551426175,,"{""cpp"": ""37338867390e2af7b43a99b2206f023cb50ae63424aeadd6fcca668f3e763057"", ""csharp"": ""9baa04d7e578106cc752214408607c2ac6ce5bf81b4dbeae642cf60eedac603b""}",F:\SocketServerClient\results\rework-campaign-20260929\0086-hard-reuse-sat-cpp,True,2601146.8,1901.1174185593923,,,0.2240387608191698,,True,closed-loop,643332,643332,0,643332,0,0,0,5.832703,8.519679,9.535487,26.6023,8.519679,643332,0.0,643312,519034,,,,0.6741684790474938,,3.973840728611442,371.8433872401808,1532.6423746642347,4.9741035732716547e-05,,,,,888.26953125,60.17236328125,1134.591,195.583,623
87,hard-saturation,hard-allocate-sat,"HARD — closed-loop saturation (16 × 4, 4 KiB–1 MiB frames)","HARD retain-allocate, 64 batches",tcp,retain-allocate,csharp,cpp,3,hardmix,hard,16,64,0,steady,4194304,64,60,20,,0.036358806866108644,0.0635860015565313,True,"{""cpp"": ""37338867390e2af7b43a99b2206f023cb50ae63424aeadd6fcca668f3e763057"", ""csharp"": ""9baa04d7e578106cc752214408607c2ac6ce5bf81b4dbeae642cf60eedac603b""}",F:\SocketServerClient\results\rework-campaign-20260929\0087-hard-allocate-sat-csharp,True,1799513.25,1315.2297796090445,,,1291.1805425266218,,True,closed-loop,445159,445159,0,445159,0,0,0,8.044543,20.709375,30.408703,48.3742,20.709375,445159,0.0,445152,432808,,,,0.4780198885803964,,3.713362359943952,502.20819976682486,2070.2476933470357,,2319,1308,1212,1672.641,414.11328125,15.585317611694336,1388.543,226.815,425
88,hard-saturation,hard-allocate-sat,"HARD — closed-loop saturation (16 × 4, 4 KiB–1 MiB frames)","HARD retain-allocate, 64 batches",tcp,retain-allocate,cpp,cpp,3,hardmix,hard,16,64,0,steady,4194304,64,60,20,,0.04064523218739244,0.07918389297608645,,"{""cpp"": ""37338867390e2af7b43a99b2206f023cb50ae63424aeadd6fcca668f3e763057"", ""csharp"": ""9baa04d7e578106cc752214408607c2ac6ce5bf81b4dbeae642cf60eedac603b""}",F:\SocketServerClient\results\rework-campaign-20260929\0088-hard-allocate-sat-cpp,True,2508146.8333333335,1833.1591408252716,,,1326.1142870657268,,True,closed-loop,620328,620328,0,620328,0,0,0,6.045695,8.945663,10.158079,23.123,8.945663,620328,0.0,620323,531128,,,,0.6602484416720772,,3.9671447637760178,385.028162520473,1586.9384050266328,10.310701757779755,,,,,244.96875,15.585317611694336,1159.167,188.927,600
89,hard-saturation,hard-allocate-sat,"HARD — closed-loop saturation (16 × 4, 4 KiB–1 MiB frames)","HARD retain-allocate, 64 batches",tcp,retain-allocate,csharp,cpp,4,hardmix,hard,16,64,0,steady,4194304,64,60,20,,0.04053555394972242,0.07014515835359374,True,"{""cpp"": ""37338867390e2af7b43a99b2206f023cb50ae63424aeadd6fcca668f3e763057"", ""csharp"": ""9baa04d7e578106cc752214408607c2ac6ce5bf81b4dbeae642cf60eedac603b""}",F:\SocketServerClient\results\rework-campaign-20260929\0089-hard-allocate-sat-csharp,True,1808804.0166666666,1322.0307896137238,,,1291.6858950425897,,True,closed-loop,447430,447430,0,447430,0,0,0,7.962623,21.626879,30.867455,61.2292,21.626879,447430,0.0,447422,433574,,,,0.46564463315554505,,3.739962516742513,503.25609592561966,2074.3504979578915,,2330,1314,1218,1676.979,422.265625,15.585317611694336,1376.255,292.863,429
90,hard-saturation,hard-allocate-sat,"HARD — closed-loop saturation (16 × 4, 4 KiB–1 MiB frames)","HARD retain-allocate, 64 batches",tcp,retain-allocate,cpp,cpp,4,hardmix,hard,16,64,0,steady,4194304,64,60,20,,0.073043573340964,0.11743440000935325,,"{""cpp"": ""37338867390e2af7b43a99b2206f023cb50ae63424aeadd6fcca668f3e763057"", ""csharp"": ""9baa04d7e578106cc752214408607c2ac6ce5bf81b4dbeae642cf60eedac603b""}",F:\SocketServerClient\results\rework-campaign-20260929\0090-hard-allocate-sat-cpp,True,2464303.45,1801.112735303243,,,1326.1194149604441,,True,closed-loop,609473,609473,0,609473,0,0,0,6.127615,9.273343,13.893631,61.8202,9.273343,609473,0.0,609458,526550,,,,0.6513930189680702,,3.937898444932563,388.96308778239563,1603.1069678783585,10.310950608148351,,,,,241.61328125,15.585317611694336,1163.263,198.655,587
91,hard-saturation,hard-reuse-sat,"HARD — closed-loop saturation (16 × 4, 4 KiB–1 MiB frames)","HARD retain-reuse, 64 batches",tcp,retain-reuse,cpp,cpp,4,hardmix,hard,16,64,0,steady,4194304,64,60,20,,0.04683673746487036,0.08460506200860063,,"{""cpp"": ""37338867390e2af7b43a99b2206f023cb50ae63424aeadd6fcca668f3e763057"", ""csharp"": ""9baa04d7e578106cc752214408607c2ac6ce5bf81b4dbeae642cf60eedac603b""}",F:\SocketServerClient\results\rework-campaign-20260929\0091-hard-reuse-sat-cpp,True,2597704.4,1898.5970912774403,,,0.2310515503069116,,True,closed-loop,642537,642537,0,642537,0,0,0,5.832703,8.617983,11.730943,43.2864,8.617983,642537,0.0,642526,516505,,,,0.6636607869951131,,3.9647899905453823,371.4766620443648,1531.190089531519,5.135891007054847e-05,,,,,879.84375,60.17236328125,1130.495,196.607,620
92,hard-saturation,hard-reuse-sat,"HARD — closed-loop saturation (16 × 4, 4 KiB–1 MiB frames)","HARD retain-reuse, 64 batches",tcp,retain-reuse,csharp,cpp,4,hardmix,hard,16,64,0,steady,4194304,64,60,20,,0.053221784684438965,0.08477238022521907,True,"{""cpp"": ""37338867390e2af7b43a99b2206f023cb50ae63424aeadd6fcca668f3e763057"", ""csharp"": ""9baa04d7e578106cc752214408607c2ac6ce5bf81b4dbeae642cf60eedac603b""}",F:\SocketServerClient\results\rework-campaign-20260929\0092-hard-reuse-sat-csharp,True,1923539.3333333333,1405.8661151250203,,,0.5814981214440158,,True,closed-loop,475866,475866,0,475866,0,0,0,7.782399,13.795327,19.070975,44.2427,13.795327,475866,0.0,475858,463423,,,,0.5110834986226503,,3.893878765896473,492.621609864962,2030.8407496502518,,0,0,0,0,1056.1171875,60.1546630859375,1470.463,215.039,456
93,hard-saturation,hard-aggregate-sat,"HARD — closed-loop saturation (16 × 4, 4 KiB–1 MiB frames)",HARD aggregate,tcp,aggregate,cpp,cpp,4,hardmix,hard,16,64,0,steady,4194304,64,60,20,,0.08791082593127927,0.1607056621345138,,"{""cpp"": ""37338867390e2af7b43a99b2206f023cb50ae63424aeadd6fcca668f3e763057"", ""csharp"": ""9baa04d7e578106cc752214408607c2ac6ce5bf81b4dbeae642cf60eedac603b""}",F:\SocketServerClient\results\rework-campaign-20260929\0093-hard-aggregate-sat-cpp,True,3433253.316666667,2509.3133505185447,,,0.0,client_cpu_over_85pct,False,closed-loop,849177,849177,0,849177,0,0,0,4.030463,6.569983,8.355839,39.1679,6.569983,849177,0.0,846196,139154,,,,0.9036326562032599,,3.9638946540543922,280.6209718350827,1156.7103255060006,0.0,,,,,41.5078125,0.0,827.391,88.319,822
94,hard-saturation,hard-aggregate-sat,"HARD — closed-loop saturation (16 × 4, 4 KiB–1 MiB frames)",HARD aggregate,tcp,aggregate,csharp,cpp,4,hardmix,hard,16,64,0,steady,4194304,64,60,20,,0.07925670534559372,0.14912112141958744,True,"{""cpp"": ""37338867390e2af7b43a99b2206f023cb50ae63424aeadd6fcca668f3e763057"", ""csharp"": ""9baa04d7e578106cc752214408607c2ac6ce5bf81b4dbeae642cf60eedac603b""}",F:\SocketServerClient\results\rework-campaign-20260929\0094-hard-aggregate-sat-csharp,True,2338249.533333333,1708.9774628162384,,,0.10404680791551134,partner_excluded,False,closed-loop,578255,578255,0,578255,0,0,0,6.324223,11.894783,14.942207,49.8994,11.894783,578255,0.0,578235,468153,,,,0.6053283490789721,,3.925391011192567,408.12444336841014,1681.9926007577533,,6,0,0,1.627,63.64453125,0.0,1146.879,114.431,557
95,controlled-comparisons,ctl-hard64k-reuse,Controlled comparisons (one variable changed from EASY or HARD),HARD content at EASY settings: retain-reuse,tcp,retain-reuse,csharp,cpp,0,hard64k,hard,16,64,0,steady,4194304,8,30,15,,0.05995618143737913,0.0883250712129798,True,"{""cpp"": ""37338867390e2af7b43a99b2206f023cb50ae63424aeadd6fcca668f3e763057"", ""csharp"": ""9baa04d7e578106cc752214408607c2ac6ce5bf81b4dbeae642cf60eedac603b""}",F:\SocketServerClient\results\rework-campaign-20260929\0095-ctl-hard64k-reuse-csharp,True,1870973.4666666666,1366.9651744842529,,,0.29433447248786637,,True,closed-loop,668184,668184,0,668184,0,0,0,2.629631,5.259263,8.142847,47.7199,5.259263,668184,0.0,668157,7350,,,,0.45718663993613545,,3.7785259900031534,170.3076921925697,2027.2139931344323,,1,0,0,0.86,81.2890625,0.7059478759765625,496.639,148.991,640
96,controlled-comparisons,ctl-hard64k-reuse,Controlled comparisons (one variable changed from EASY or HARD),HARD content at EASY settings: retain-reuse,tcp,retain-reuse,cpp,cpp,0,hard64k,hard,16,64,0,steady,4194304,8,30,15,,0.04641815372916126,0.07775282332231462,,"{""cpp"": ""37338867390e2af7b43a99b2206f023cb50ae63424aeadd6fcca668f3e763057"", ""csharp"": ""9baa04d7e578106cc752214408607c2ac6ce5bf81b4dbeae642cf60eedac603b""}",F:\SocketServerClient\results\rework-campaign-20260929\0096-ctl-hard64k-reuse-cpp,True,2562396.033333333,1872.1490027427674,,,0.0,,True,closed-loop,915098,915098,0,915098,0,0,0,2.060287,2.400255,4.169727,33.3106,2.400255,915098,0.0,915054,583,,,,0.6089990452754657,,3.960566539395771,130.33098640801313,1551.3743108979452,0.0,,,,,26.25,0.7059478759765625,393.215,112.383,880
97,controlled-comparisons,ctl-hard64k-aggregate,Controlled comparisons (one variable changed from EASY or HARD),HARD content at EASY settings: aggregate,tcp,aggregate,csharp,cpp,0,hard64k,hard,16,64,0,steady,4194304,8,30,15,,0.05301600048002915,0.09089647738868412,True,"{""cpp"": ""37338867390e2af7b43a99b2206f023cb50ae63424aeadd6fcca668f3e763057"", ""csharp"": ""9baa04d7e578106cc752214408607c2ac6ce5bf81b4dbeae642cf60eedac603b""}",F:\SocketServerClient\results\rework-campaign-20260929\0097-ctl-hard64k-aggregate-csharp,True,2255972.066666667,1648.2468888600667,,,0.2909989560526673,,True,closed-loop,805661,805661,0,805661,0,0,0,2.195455,5.144575,7.372799,35.7488,5.144575,805661,0.0,805614,8304,,,,0.5480923801095623,,3.81730667659467,142.66236047171205,1698.1374850225936,,2,0,0,0.8270000000000001,59.08984375,0.0,411.647,120.831,783
98,controlled-comparisons,ctl-hard64k-aggregate,Controlled comparisons (one variable changed from EASY or HARD),HARD content at EASY settings: aggregate,tcp,aggregate,cpp,cpp,0,hard64k,hard,16,64,0,steady,4194304,8,30,15,,0.054359956274845564,0.1021794039298425,,"{""cpp"": ""37338867390e2af7b43a99b2206f023cb50ae63424aeadd6fcca668f3e763057"", ""csharp"": ""9baa04d7e578106cc752214408607c2ac6ce5bf81b4dbeae642cf60eedac603b""}",F:\SocketServerClient\results\rework-campaign-20260929\0098-ctl-hard64k-aggregate-cpp,True,3312289.6333333333,2420.0238388379416,,,0.0,,True,closed-loop,1182880,1182880,0,1182880,0,0,0,1.581055,2.068479,3.268607,23.547,2.068479,1182880,0.0,1180182,385,,,,0.7949165627840986,,3.9639492436333956,100.89252502367104,1200.9536443641803,0.0,,,,,15.59765625,0.0,302.079,82.175,1152
99,controlled-comparisons,ctl-hardmix-allocate-8,Controlled comparisons (one variable changed from EASY or HARD),"HARD retain-allocate, 8 batches retained",tcp,retain-allocate,csharp,cpp,0,hardmix,hard,16,64,0,steady,4194304,8,60,20,,0.040103646514032074,0.06634034214420235,True,"{""cpp"": ""37338867390e2af7b43a99b2206f023cb50ae63424aeadd6fcca668f3e763057"", ""csharp"": ""9baa04d7e578106cc752214408607c2ac6ce5bf81b4dbeae642cf60eedac603b""}",F:\SocketServerClient\results\rework-campaign-20260929\0099-ctl-hardmix-allocate-8-csharp,True,1685562.5,1231.952336215973,,,939.642819434142,,True,closed-loop,416981,416981,0,416981,0,0,0,7.798783,30.932991,47.054847,84.7132,30.932991,416981,0.0,416972,372936,,,,0.44523777546960414,,3.565973091392797,514.2620407164835,2119.9677267630677,,3921,3900,2852,1401.4679999999998,193.55078125,3.7909202575683594,1196.031,252.927,400
100,controlled-comparisons,ctl-hardmix-allocate-8,Controlled comparisons (one variable changed from EASY or HARD),"HARD retain-allocate, 8 batches retained",tcp,retain-allocate,cpp,cpp,0,hardmix,hard,16,64,0,steady,4194304,8,60,20,,0.054266302151421954,0.09313741871819457,,"{""cpp"": ""37338867390e2af7b43a99b2206f023cb50ae63424aeadd6fcca668f3e763057"", ""csharp"": ""9baa04d7e578106cc752214408607c2ac6ce5bf81b4dbeae642cf60eedac603b""}",F:\SocketServerClient\results\rework-campaign-20260929\0100-ctl-hardmix-allocate-8-cpp,True,2503029.6333333333,1829.4093952655792,,,1326.138960291276,,True,closed-loop,619039,619039,0,619039,0,0,0,6.045695,9.043967,12.582911,43.5587,9.043967,619039,0.0,619029,526979,,,,0.6545096169691806,,3.944935634109007,383.17961388539334,1579.281170616492,10.310878636079472,,,,,87.11328125,3.7909202575683594,1171.455,228.351,598
101,controlled-comparisons,ctl-hardmix-allocate-8,Controlled comparisons (one variable changed from EASY or HARD),"HARD retain-allocate, 8 batches retained",tcp,retain-allocate,csharp,cpp,1,hardmix,hard,16,64,0,steady,4194304,8,60,20,,0.02606001243637729,0.048670843385162275,True,"{""cpp"": ""37338867390e2af7b43a99b2206f023cb50ae63424aeadd6fcca668f3e763057"", ""csharp"": ""9baa04d7e578106cc752214408607c2ac6ce5bf81b4dbeae642cf60eedac603b""}",F:\SocketServerClient\results\rework-campaign-20260929\0101-ctl-hardmix-allocate-8-csharp,True,1839090.1833333333,1344.1764477729798,,,1326.8328453886695,,True,closed-loop,455022,455022,0,455022,0,0,0,7.979007,17.498111,29.425663,44.826,17.498111,455022,0.0,455020,442803,,,,0.4762389185704193,,3.7894011433643042,500.7999613205515,2064.759389861992,,6581,6581,5375,2001.462,156.72265625,3.7909202575683594,1409.023,249.343,437
102,controlled-comparisons,ctl-hardmix-allocate-8,Controlled comparisons (one variable changed from EASY or HARD),"HARD retain-allocate, 8 batches retained",tcp,retain-allocate,cpp,cpp,1,hardmix,hard,16,64,0,steady,4194304,8,60,20,,0.033251878407680555,0.061731134773656986,,"{""cpp"": ""37338867390e2af7b43a99b2206f023cb50ae63424aeadd6fcca668f3e763057"", ""csharp"": ""9baa04d7e578106cc752214408607c2ac6ce5bf81b4dbeae642cf60eedac603b""}",F:\SocketServerClient\results\rework-campaign-20260929\0102-ctl-hardmix-allocate-8-cpp,True,2540546.1666666665,1856.8289761225383,,,1326.1201015292731,,True,closed-loop,628337,628337,0,628337,0,0,0,5.980159,8.814591,10.518527,23.625,8.814591,628337,0.0,628329,528153,,,,0.6550935310421342,,3.97262526933786,380.12046083550706,1566.7323296765537,10.310707470672584,,,,,88.77734375,3.7909202575683594,1163.263,197.631,608
103,controlled-comparisons,ctl-hard64k-aggregate,Controlled comparisons (one variable changed from EASY or HARD),HARD content at EASY settings: aggregate,tcp,aggregate,cpp,cpp,1,hard64k,hard,16,64,0,steady,4194304,8,30,15,,0.025156808889784218,0.04546912435316142,,"{""cpp"": ""37338867390e2af7b43a99b2206f023cb50ae63424aeadd6fcca668f3e763057"", ""csharp"": ""9baa04d7e578106cc752214408607c2ac6ce5bf81b4dbeae642cf60eedac603b""}",F:\SocketServerClient\results\rework-campaign-20260929\0103-ctl-hard64k-aggregate-cpp,True,3395628.033333333,2480.9264726320903,,,0.0,,True,closed-loop,1212647,1212647,0,1212647,0,0,0,1.564671,1.789951,1.957887,8.2219,1.789951,1212647,0.0,1212171,4,,,,0.8009005676649268,,3.968258752295606,98.53186871364873,1172.8628689433024,0.0,,,,,15.59375,0.0,301.055,81.919,1180
104,controlled-comparisons,ctl-hard64k-aggregate,Controlled comparisons (one variable changed from EASY or HARD),HARD content at EASY settings: aggregate,tcp,aggregate,csharp,cpp,1,hard64k,hard,16,64,0,steady,4194304,8,30,15,,0.03322610770212352,0.05551798063968868,True,"{""cpp"": ""37338867390e2af7b43a99b2206f023cb50ae63424aeadd6fcca668f3e763057"", ""csharp"": ""9baa04d7e578106cc752214408607c2ac6ce5bf81b4dbeae642cf60eedac603b""}",F:\SocketServerClient\results\rework-campaign-20260929\0104-ctl-hard64k-aggregate-csharp,True,2392489.933333333,1747.9953157424927,,,0.29071102512678704,,True,closed-loop,854417,854417,0,854417,0,0,0,2.138111,4.128767,5.947391,24.5502,4.128767,854417,0.0,854392,4925,,,,0.5652540690197854,,3.892161278911028,137.19150016912116,1633.0277974749208,,2,0,0,0.766,62.1640625,0.0,406.527,118.015,831
105,controlled-comparisons,ctl-hard64k-reuse,Controlled comparisons (one variable changed from EASY or HARD),HARD content at EASY settings: retain-reuse,tcp,retain-reuse,cpp,cpp,1,hard64k,hard,16,64,0,steady,4194304,8,30,15,,0.040346694975623,0.0688377662006537,,"{""cpp"": ""37338867390e2af7b43a99b2206f023cb50ae63424aeadd6fcca668f3e763057"", ""csharp"": ""9baa04d7e578106cc752214408607c2ac6ce5bf81b4dbeae642cf60eedac603b""}",F:\SocketServerClient\results\rework-campaign-20260929\0105-ctl-hard64k-reuse-cpp,True,2564541.9,1873.6927954673768,,,0.0,,True,closed-loop,915854,915854,0,915854,0,0,0,2.060287,2.482175,3.743743,49.5879,2.482175,915854,0.0,915793,473,,,,0.6243832663799097,,3.9589542267268905,130.17222177333943,1549.4739602920065,0.0,,,,,26.5234375,0.7059478759765625,393.215,112.383,880
106,controlled-comparisons,ctl-hard64k-reuse,Controlled comparisons (one variable changed from EASY or HARD),HARD content at EASY settings: retain-reuse,tcp,retain-reuse,csharp,cpp,1,hard64k,hard,16,64,0,steady,4194304,8,30,15,,0.04738572647948755,0.07383340670284261,True,"{""cpp"": ""37338867390e2af7b43a99b2206f023cb50ae63424aeadd6fcca668f3e763057"", ""csharp"": ""9baa04d7e578106cc752214408607c2ac6ce5bf81b4dbeae642cf60eedac603b""}",F:\SocketServerClient\results\rework-campaign-20260929\0106-ctl-hard64k-reuse-csharp,True,1905188.9666666666,1391.9794491767884,,,0.29414681336940124,,True,closed-loop,680409,680409,0,680409,0,0,0,2.654207,5.259263,7.979007,47.8485,5.259263,680409,0.0,680398,7617,,,,0.4752418287944087,,3.8787230109312456,171.7027919971664,2043.8420515626083,,1,0,0,0.9269999999999999,84.5859375,0.7059478759765625,501.759,150.015,656
107,controlled-comparisons,ctl-hard64k-aggregate,Controlled comparisons (one variable changed from EASY or HARD),HARD content at EASY settings: aggregate,tcp,aggregate,cpp,cpp,2,hard64k,hard,16,64,0,steady,4194304,8,30,15,,0.035596434962200836,0.06613478880206676,,"{""cpp"": ""37338867390e2af7b43a99b2206f023cb50ae63424aeadd6fcca668f3e763057"", ""csharp"": ""9baa04d7e578106cc752214408607c2ac6ce5bf81b4dbeae642cf60eedac603b""}",F:\SocketServerClient\results\rework-campaign-20260929\0107-ctl-hard64k-aggregate-cpp,True,3371201.3333333335,2463.0800655682883,,,0.0,,True,closed-loop,1203922,1203922,0,1203922,0,0,0,1.568767,1.839103,2.334719,15.9636,1.839103,1203922,0.0,1201455,199,,,,0.801443388520067,,3.969423921413955,99.27190050518223,1181.6709385325014,0.0,,,,,15.53515625,0.0,301.055,81.919,1168
108,controlled-comparisons,ctl-hard64k-aggregate,Controlled comparisons (one variable changed from EASY or HARD),HARD content at EASY settings: aggregate,tcp,aggregate,csharp,cpp,2,hard64k,hard,16,64,0,steady,4194304,8,30,15,,0.02188485931573781,0.03401473119492463,True,"{""cpp"": ""37338867390e2af7b43a99b2206f023cb50ae63424aeadd6fcca668f3e763057"", ""csharp"": ""9baa04d7e578106cc752214408607c2ac6ce5bf81b4dbeae642cf60eedac603b""}",F:\SocketServerClient\results\rework-campaign-20260929\0108-ctl-hard64k-aggregate-csharp,True,2393187.7333333334,1748.4972935040792,,,0.29069978490526305,,True,closed-loop,854663,854663,0,854663,0,0,0,2.154495,4.259839,7.634943,14.9616,4.259839,854663,0.0,854649,7663,,,,0.5732485364005185,,3.912650666248916,137.82844817196954,1640.6039783334252,,2,0,0,0.739,59.0546875,0.0,407.551,119.807,831
109,controlled-comparisons,ctl-hardmix-allocate-8,Controlled comparisons (one variable changed from EASY or HARD),"HARD retain-allocate, 8 batches retained",tcp,retain-allocate,csharp,cpp,2,hardmix,hard,16,64,0,steady,4194304,8,60,20,,0.03206240507563252,0.05864333272239355,True,"{""cpp"": ""37338867390e2af7b43a99b2206f023cb50ae63424aeadd6fcca668f3e763057"", ""csharp"": ""9baa04d7e578106cc752214408607c2ac6ce5bf81b4dbeae642cf60eedac603b""}",F:\SocketServerClient\results\rework-campaign-20260929\0109-ctl-hardmix-allocate-8-csharp,True,1667761.4833333334,1218.9539366722106,,,1326.7880052449086,,True,closed-loop,412656,412656,0,412656,0,0,0,7.815167,30.867455,45.481983,73.7329,30.867455,412656,0.0,412655,375321,,,,0.4324468003925375,,3.5645929908993343,519.5383685200263,2142.1209207398188,,3866,3848,2809,1391.521,193.7890625,3.7909202575683594,1208.319,213.503,393
110,controlled-comparisons,ctl-hardmix-allocate-8,Controlled comparisons (one variable changed from EASY or HARD),"HARD retain-allocate, 8 batches retained",tcp,retain-allocate,cpp,cpp,2,hardmix,hard,16,64,0,steady,4194304,8,60,20,,0.053374473931972435,0.0964816946353682,,"{""cpp"": ""37338867390e2af7b43a99b2206f023cb50ae63424aeadd6fcca668f3e763057"", ""csharp"": ""9baa04d7e578106cc752214408607c2ac6ce5bf81b4dbeae642cf60eedac603b""}",F:\SocketServerClient\results\rework-campaign-20260929\0110-ctl-hardmix-allocate-8-cpp,True,2489334.3,1819.4027247428894,,,1326.1159051137165,,True,closed-loop,615728,615728,0,615728,0,0,0,6.078463,9.076735,12.353535,42.0761,9.076735,615728,0.0,615716,530303,,,,0.6661797693077461,,3.95468066979953,386.2044198087467,1591.9333188343658,10.310330210742405,,,,,87.48046875,3.7909202575683594,1196.031,184.831,592
111,controlled-comparisons,ctl-hard64k-reuse,Controlled comparisons (one variable changed from EASY or HARD),HARD content at EASY settings: retain-reuse,tcp,retain-reuse,cpp,cpp,2,hard64k,hard,16,64,0,steady,4194304,8,30,15,,0.05810417707354313,0.08860017392884609,,"{""cpp"": ""37338867390e2af7b43a99b2206f023cb50ae63424aeadd6fcca668f3e763057"", ""csharp"": ""9baa04d7e578106cc752214408607c2ac6ce5bf81b4dbeae642cf60eedac603b""}",F:\SocketServerClient\results\rework-campaign-20260929\0111-ctl-hard64k-reuse-cpp,True,2529554.0,1848.116048336029,,,0.0,,True,closed-loop,903353,903353,0,903353,0,0,0,2.093055,2.539519,4.161535,39.9704,2.539519,903353,0.0,903314,561,,,,0.63028012479871,,3.945000107216855,131.54118600369955,1565.7562170416654,0.0,,,,,26.36328125,0.7059478759765625,396.287,112.895,880
112,controlled-comparisons,ctl-hard64k-reuse,Controlled comparisons (one variable changed from EASY or HARD),HARD content at EASY settings: retain-reuse,tcp,retain-reuse,csharp,cpp,2,hard64k,hard,16,64,0,steady,4194304,8,30,15,,0.07318569570290738,0.0998677553724517,True,"{""cpp"": ""37338867390e2af7b43a99b2206f023cb50ae63424aeadd6fcca668f3e763057"", ""csharp"": ""9baa04d7e578106cc752214408607c2ac6ce5bf81b4dbeae642cf60eedac603b""}",F:\SocketServerClient\results\rework-campaign-20260929\0112-ctl-hard64k-reuse-csharp,True,1860438.1666666667,1359.2964420636495,,,0.2945428948220996,,True,closed-loop,664436,664436,0,664436,0,0,0,2.719743,4.931583,7.258111,30.2963,4.931583,664436,0.0,664424,6125,,,,0.4732068750066335,,3.849649952248031,174.51361003919112,2077.3230833086045,,1,0,0,0.847,84.35546875,0.7059478759765625,505.855,151.551,640
113,controlled-comparisons,ctl-hardmix-allocate-8,Controlled comparisons (one variable changed from EASY or HARD),"HARD retain-allocate, 8 batches retained",tcp,retain-allocate,csharp,cpp,3,hardmix,hard,16,64,0,steady,4194304,8,60,20,,0.05915988611571075,0.0924813218588247,True,"{""cpp"": ""37338867390e2af7b43a99b2206f023cb50ae63424aeadd6fcca668f3e763057"", ""csharp"": ""9baa04d7e578106cc752214408607c2ac6ce5bf81b4dbeae642cf60eedac603b""}",F:\SocketServerClient\results\rework-campaign-20260929\0113-ctl-hardmix-allocate-8-csharp,True,1792086.35,1309.7933906714122,,,1326.843974062978,,True,closed-loop,443282,443282,0,443282,0,0,0,8.142847,19.136511,29.753343,45.6964,19.136511,443282,0.0,443276,431964,,,,0.48526930325800094,,3.768533549776351,511.20815868905123,2107.1703314508754,,6418,6418,5244,2005.8790000000001,139.27734375,3.7909202575683594,1429.503,271.359,424
114,controlled-comparisons,ctl-hardmix-allocate-8,Controlled comparisons (one variable changed from EASY or HARD),"HARD retain-allocate, 8 batches retained",tcp,retain-allocate,cpp,cpp,3,hardmix,hard,16,64,0,steady,4194304,8,60,20,,0.07143457435268319,0.1267068683190423,,"{""cpp"": ""37338867390e2af7b43a99b2206f023cb50ae63424aeadd6fcca668f3e763057"", ""csharp"": ""9baa04d7e578106cc752214408607c2ac6ce5bf81b4dbeae642cf60eedac603b""}",F:\SocketServerClient\results\rework-campaign-20260929\0114-ctl-hardmix-allocate-8-cpp,True,2457096.05,1795.8470782915751,,,1326.1140953166075,,True,closed-loop,607723,607723,0,607723,0,0,0,6.143999,9.404415,14.057471,32.3939,9.404415,607723,0.0,607711,528244,,,,0.664788687172132,,3.939572640898141,389.7489069855839,1606.4587911915746,10.310516468851763,,,,,86.7890625,3.7909202575683594,1224.703,197.631,584
115,controlled-comparisons,ctl-hard64k-reuse,Controlled comparisons (one variable changed from EASY or HARD),HARD content at EASY settings: retain-reuse,tcp,retain-reuse,cpp,cpp,3,hard64k,hard,16,64,0,steady,4194304,8,30,15,,0.06399061287072051,0.10792541295391274,,"{""cpp"": ""37338867390e2af7b43a99b2206f023cb50ae63424aeadd6fcca668f3e763057"", ""csharp"": ""9baa04d7e578106cc752214408607c2ac6ce5bf81b4dbeae642cf60eedac603b""}",F:\SocketServerClient\results\rework-campaign-20260929\0115-ctl-hard64k-reuse-cpp,True,2515353.3333333335,1837.7587310791016,,,0.0,,True,closed-loop,898290,898290,0,898290,0,0,0,2.088959,2.670591,3.907583,26.5307,2.670591,898290,0.0,898204,434,,,,0.6382341175545699,,3.9595554438167038,132.7348350755324,1579.9722863709512,0.0,,,,,26.75390625,0.7059478759765625,395.263,112.639,864
116,controlled-comparisons,ctl-hard64k-reuse,Controlled comparisons (one variable changed from EASY or HARD),HARD content at EASY settings: retain-reuse,tcp,retain-reuse,csharp,cpp,3,hard64k,hard,16,64,0,steady,4194304,8,30,15,,0.07129382199715939,0.10949327707861232,True,"{""cpp"": ""37338867390e2af7b43a99b2206f023cb50ae63424aeadd6fcca668f3e763057"", ""csharp"": ""9baa04d7e578106cc752214408607c2ac6ce5bf81b4dbeae642cf60eedac603b""}",F:\SocketServerClient\results\rework-campaign-20260929\0116-ctl-hard64k-reuse-csharp,True,1824343.6666666667,1332.8657579421997,,,0.2947842039206891,,True,closed-loop,651517,651517,0,651517,0,0,0,2.686975,6.078463,9.043967,40.5482,6.078463,651517,0.0,651499,11108,,,,0.4520867368912389,,3.7917150199474277,175.28802011305922,2086.4493336543674,,1,0,0,0.9129999999999999,84.57421875,0.7059478759765625,500.735,150.527,624
117,controlled-comparisons,ctl-hard64k-aggregate,Controlled comparisons (one variable changed from EASY or HARD),HARD content at EASY settings: aggregate,tcp,aggregate,csharp,cpp,3,hard64k,hard,16,64,0,steady,4194304,8,30,15,,0.05592726985333819,0.09370653360109595,True,"{""cpp"": ""37338867390e2af7b43a99b2206f023cb50ae63424aeadd6fcca668f3e763057"", ""csharp"": ""9baa04d7e578106cc752214408607c2ac6ce5bf81b4dbeae642cf60eedac603b""}",F:\SocketServerClient\results\rework-campaign-20260929\0117-ctl-hard64k-aggregate-csharp,True,2277459.433333333,1663.9819739977518,,,0.2910060229132378,,True,closed-loop,813355,813355,0,813355,0,0,0,2.170879,4.407295,6.488063,22.6911,4.407295,813355,0.0,813275,6812,,,,0.5553244667877614,,3.810849819210794,141.08230723361876,1679.3733149555987,,2,0,0,0.796,59.38671875,0.0,410.623,119.551,784
118,controlled-comparisons,ctl-hard64k-aggregate,Controlled comparisons (one variable changed from EASY or HARD),HARD content at EASY settings: aggregate,tcp,aggregate,cpp,cpp,3,hard64k,hard,16,64,0,steady,4194304,8,30,15,,0.04526145629516941,0.0796056044320266,,"{""cpp"": ""37338867390e2af7b43a99b2206f023cb50ae63424aeadd6fcca668f3e763057"", ""csharp"": ""9baa04d7e578106cc752214408607c2ac6ce5bf81b4dbeae642cf60eedac603b""}",F:\SocketServerClient\results\rework-campaign-20260929\0118-ctl-hard64k-aggregate-cpp,True,3357161.6,2452.790614382426,,,0.0,,True,closed-loop,1198894,1198894,0,1198894,0,0,0,1.568767,1.867775,2.416639,23.0487,1.867775,1198894,0.0,1195345,258,,,,0.8204007892133959,,3.9649376280451203,99.58397072635279,1185.3675614541455,0.0,,,,,15.59375,0.0,302.079,81.919,1168
119,controlled-comparisons,ctl-hard64k-reuse,Controlled comparisons (one variable changed from EASY or HARD),HARD content at EASY settings: retain-reuse,tcp,retain-reuse,csharp,cpp,4,hard64k,hard,16,64,0,steady,4194304,8,30,15,,0.04967827198122846,0.08180789247140133,True,"{""cpp"": ""37338867390e2af7b43a99b2206f023cb50ae63424aeadd6fcca668f3e763057"", ""csharp"": ""9baa04d7e578106cc752214408607c2ac6ce5bf81b4dbeae642cf60eedac603b""}",F:\SocketServerClient\results\rework-campaign-20260929\0119-ctl-hard64k-reuse-csharp,True,1874653.9333333333,1369.66687113444,,,0.29447885221579856,,True,closed-loop,669505,669505,0,669505,0,0,0,2.654207,5.701631,7.979007,44.2602,5.701631,669505,0.0,669485,8143,,,,0.44979311434197417,,3.8126054344174696,171.48863712742997,2041.2850467418496,,1,0,0,0.885,84.58984375,0.7059478759765625,500.735,150.527,642
120,controlled-comparisons,ctl-hard64k-reuse,Controlled comparisons (one variable changed from EASY or HARD),HARD content at EASY settings: retain-reuse,tcp,retain-reuse,cpp,cpp,4,hard64k,hard,16,64,0,steady,4194304,8,30,15,,0.05256622158280285,0.08886315713317557,,"{""cpp"": ""37338867390e2af7b43a99b2206f023cb50ae63424aeadd6fcca668f3e763057"", ""csharp"": ""9baa04d7e578106cc752214408607c2ac6ce5bf81b4dbeae642cf60eedac603b""}",F:\SocketServerClient\results\rework-campaign-20260929\0120-ctl-hard64k-reuse-cpp,True,2539279.0,1855.2607749621072,,,0.0,,True,closed-loop,906841,906841,0,906841,0,0,0,2.068479,2.662399,5.210111,26.7602,2.662399,906841,0.0,906771,1001,,,,0.6129576035698372,,3.939596532000115,130.86293517827272,1557.7095969041513,0.0,,,,,26.4453125,0.7059478759765625,393.215,112.639,880
121,controlled-comparisons,ctl-hardmix-allocate-8,Controlled comparisons (one variable changed from EASY or HARD),"HARD retain-allocate, 8 batches retained",tcp,retain-allocate,csharp,cpp,4,hardmix,hard,16,64,0,steady,4194304,8,60,20,,0.05333899749755605,0.08911353561282513,True,"{""cpp"": ""37338867390e2af7b43a99b2206f023cb50ae63424aeadd6fcca668f3e763057"", ""csharp"": ""9baa04d7e578106cc752214408607c2ac6ce5bf81b4dbeae642cf60eedac603b""}",F:\SocketServerClient\results\rework-campaign-20260929\0121-ctl-hardmix-allocate-8-csharp,True,1737953.15,1270.2167022705078,,,1326.7619268048795,,True,closed-loop,429931,429931,0,429931,0,0,0,8.126463,25.493503,40.108031,88.963,25.493503,429931,0.0,429929,402053,,,,0.4579403592847604,,3.6783522965829394,514.690147953974,2121.616348810166,,5855,5848,4722,1890.108,189.39453125,3.7909202575683594,1335.295,263.167,412
122,controlled-comparisons,ctl-hardmix-allocate-8,Controlled comparisons (one variable changed from EASY or HARD),"HARD retain-allocate, 8 batches retained",tcp,retain-allocate,cpp,cpp,4,hardmix,hard,16,64,0,steady,4194304,8,60,20,,0.037124167908914214,0.06806088842199372,,"{""cpp"": ""37338867390e2af7b43a99b2206f023cb50ae63424aeadd6fcca668f3e763057"", ""csharp"": ""9baa04d7e578106cc752214408607c2ac6ce5bf81b4dbeae642cf60eedac603b""}",F:\SocketServerClient\results\rework-campaign-20260929\0122-ctl-hardmix-allocate-8-cpp,True,2539714.95,1856.252078485489,,,1326.1558164518121,,True,closed-loop,628113,628113,0,628113,0,0,0,5.980159,8.781823,9.928703,18.8338,8.781823,628113,0.0,628097,527728,,,,0.6497674529437794,,3.965863986341674,379.68387057742797,1564.8690598115934,10.310700463133227,,,,,86.84765625,3.7909202575683594,1142.783,187.391,608
123,controlled-comparisons,ctl-hard64k-aggregate,Controlled comparisons (one variable changed from EASY or HARD),HARD content at EASY settings: aggregate,tcp,aggregate,cpp,cpp,4,hard64k,hard,16,64,0,steady,4194304,8,30,15,,0.024941132414762722,0.043508742905682525,,"{""cpp"": ""37338867390e2af7b43a99b2206f023cb50ae63424aeadd6fcca668f3e763057"", ""csharp"": ""9baa04d7e578106cc752214408607c2ac6ce5bf81b4dbeae642cf60eedac603b""}",F:\SocketServerClient\results\rework-campaign-20260929\0123-ctl-hard64k-aggregate-cpp,True,3402115.6,2485.64670642217,,,0.0,,True,closed-loop,1214953,1214953,0,1214953,0,0,0,1.560575,1.781759,1.941503,6.1788,1.781759,1214953,0.0,1214362,9,,,,0.8047710390051318,,3.970668227589161,98.39629598840449,1171.2355468768103,0.0,,,,,15.5859375,0.0,300.031,81.663,1184
124,controlled-comparisons,ctl-hard64k-aggregate,Controlled comparisons (one variable changed from EASY or HARD),HARD content at EASY settings: aggregate,tcp,aggregate,csharp,cpp,4,hard64k,hard,16,64,0,steady,4194304,8,30,15,,0.04789490860715563,0.07386696853566854,True,"{""cpp"": ""37338867390e2af7b43a99b2206f023cb50ae63424aeadd6fcca668f3e763057"", ""csharp"": ""9baa04d7e578106cc752214408607c2ac6ce5bf81b4dbeae642cf60eedac603b""}",F:\SocketServerClient\results\rework-campaign-20260929\0124-ctl-hard64k-aggregate-csharp,True,2313251.066666667,1690.1271732330322,,,0.2908843227835852,,True,closed-loop,826135,826135,0,826135,0,0,0,2.146303,4.259839,6.995967,27.9585,4.259839,826135,0.0,826113,5423,,,,0.5578511600713625,,3.8090689675551688,138.80524974731733,1652.261450314586,,2,0,0,0.821,60.421875,0.0,403.455,118.783,800
125,easy-paced,easy-reuse-paced,EASY — steady arrivals at 50% of the slower server's capacity,EASY retain-reuse,tcp,retain-reuse,cpp,cpp,0,easy64k,easy,16,64,12868.383,steady,4194304,8,30,15,,0.043994883623595354,0.05446754411597745,,"{""cpp"": ""37338867390e2af7b43a99b2206f023cb50ae63424aeadd6fcca668f3e763057"", ""csharp"": ""9baa04d7e578106cc752214408607c2ac6ce5bf81b4dbeae642cf60eedac603b""}",F:\SocketServerClient\results\rework-campaign-20260929\0125-easy-reuse-paced-cpp,True,5141800.766666667,803.1129390398661,,,0.0,,True,scheduled,386052,385979,73,385979,0,0,0,0.190463,0.326655,4.128767,22.6859,0.324607,385979,0.022015,1004,320,0.4,281.9,0,0.6347389333198487,True,1.9368637755833462,151.1173535347778,378.1273982170587,0.0,,,,,21.28515625,0.3515625,1114.111,121.855,368
126,easy-paced,easy-reuse-paced,EASY — steady arrivals at 50% of the slower server's capacity,EASY retain-reuse,tcp,retain-reuse,csharp,cpp,0,easy64k,easy,16,64,12868.383,steady,4194304,8,30,15,,0.05552255151177862,0.07849421321376274,True,"{""cpp"": ""37338867390e2af7b43a99b2206f023cb50ae63424aeadd6fcca668f3e763057"", ""csharp"": ""9baa04d7e578106cc752214408607c2ac6ce5bf81b4dbeae642cf60eedac603b""}",F:\SocketServerClient\results\rework-campaign-20260929\0126-easy-reuse-paced-csharp,True,5140357.166666667,802.886159102122,,,0.3954289601182041,,True,scheduled,386052,385870,182,385870,0,0,0,0.198655,0.372735,6.062079,22.4601,0.368639,385870,0.020415,1502,438,0.3,88.6,0,0.6403654597408218,True,2.2808948574067056,178.0068416824319,445.4098202219294,,2,0,0,0.661,81.69921875,0.3515625,1105.919,128.255,368
127,easy-paced,easy-aggregate-paced,EASY — steady arrivals at 50% of the slower server's capacity,EASY aggregate,tcp,aggregate,csharp,cpp,0,easy64k,easy,16,64,15320.2,steady,4194304,8,30,15,,0.038680456859924266,0.05674812167756546,True,"{""cpp"": ""37338867390e2af7b43a99b2206f023cb50ae63424aeadd6fcca668f3e763057"", ""csharp"": ""9baa04d7e578106cc752214408607c2ac6ce5bf81b4dbeae642cf60eedac603b""}",F:\SocketServerClient\results\rework-campaign-20260929\0127-easy-aggregate-paced-csharp,True,6116822.166666667,955.3955652236939,,,0.38232168854130105,,True,scheduled,459606,459165,441,459165,0,0,0,0.172031,0.456703,17.104895,26.1755,0.415743,459165,0.030527,2894,1050,0.3,596.6,0,0.6892211409512035,True,2.2781049553021817,149.38801955723977,373.7967654118992,,4,0,0,1.189,57.26171875,0.0,933.887,101.631,448
128,easy-paced,easy-aggregate-paced,EASY — steady arrivals at 50% of the slower server's capacity,EASY aggregate,tcp,aggregate,cpp,cpp,0,easy64k,easy,16,64,15320.2,steady,4194304,8,30,15,,0.053423714641574575,0.08449165625274943,,"{""cpp"": ""37338867390e2af7b43a99b2206f023cb50ae63424aeadd6fcca668f3e763057"", ""csharp"": ""9baa04d7e578106cc752214408607c2ac6ce5bf81b4dbeae642cf60eedac603b""}",F:\SocketServerClient\results\rework-campaign-20260929\0128-easy-aggregate-paced-cpp,True,6121227.066666666,956.0863337834676,,,0.0,,True,scheduled,459606,459497,109,459497,0,0,0,0.157183,0.329727,3.104767,20.5902,0.327679,459497,0.053119,1381,285,0.3,321.9,0,0.6993811632457299,True,1.7898472485883137,117.28177768298814,293.4618013496952,0.0,,,,,15.44140625,0.0,948.223,89.343,448
129,easy-paced,easy-aggregate-paced,EASY — steady arrivals at 50% of the slower server's capacity,EASY aggregate,tcp,aggregate,cpp,cpp,1,easy64k,easy,16,64,15320.2,steady,4194304,8,30,15,,0.055086073499617944,0.07676321128088828,,"{""cpp"": ""37338867390e2af7b43a99b2206f023cb50ae63424aeadd6fcca668f3e763057"", ""csharp"": ""9baa04d7e578106cc752214408607c2ac6ce5bf81b4dbeae642cf60eedac603b""}",F:\SocketServerClient\results\rework-campaign-20260929\0129-easy-aggregate-paced-cpp,True,6122684.633333334,956.3131236076355,,,0.0,,True,scheduled,459606,459606,0,459606,0,0,0,0.158207,0.389119,1.495039,9.3193,0.389119,459606,0.085247,1076,52,0.3,49.2,0,0.7008668461222403,True,1.8061962906564488,118.30785498883827,296.0289798842442,0.0,,,,,15.44140625,0.0,946.175,89.343,448
130,easy-paced,easy-aggregate-paced,EASY — steady arrivals at 50% of the slower server's capacity,EASY aggregate,tcp,aggregate,csharp,cpp,1,easy64k,easy,16,64,15320.2,steady,4194304,8,30,15,,0.043399636268849226,0.06648800523710259,True,"{""cpp"": ""37338867390e2af7b43a99b2206f023cb50ae63424aeadd6fcca668f3e763057"", ""csharp"": ""9baa04d7e578106cc752214408607c2ac6ce5bf81b4dbeae642cf60eedac603b""}",F:\SocketServerClient\results\rework-campaign-20260929\0130-easy-aggregate-paced-csharp,True,6115444.033333333,955.1832876205444,,,0.39768969980032554,,True,scheduled,459606,459063,543,459063,0,0,0,0.172543,0.413695,inf,24.9369,0.386047,459063,0.031359,2519,1122,0.3,109.6,0,0.6853522635574602,True,2.2815648497211503,149.62543267481806,374.3920003367634,,5,0,0,1.428,57.578125,0.0,933.887,102.399,448
131,easy-paced,easy-reuse-paced,EASY — steady arrivals at 50% of the slower server's capacity,EASY retain-reuse,tcp,retain-reuse,cpp,cpp,1,easy64k,easy,16,64,12868.383,steady,4194304,8,30,15,,0.03699046537775401,0.05821564837236164,,"{""cpp"": ""37338867390e2af7b43a99b2206f023cb50ae63424aeadd6fcca668f3e763057"", ""csharp"": ""9baa04d7e578106cc752214408607c2ac6ce5bf81b4dbeae642cf60eedac603b""}",F:\SocketServerClient\results\rework-campaign-20260929\0131-easy-reuse-paced-cpp,True,5139919.6,802.8174747784932,,,0.0,,True,scheduled,386052,385837,215,385837,0,0,0,0.190463,0.318463,4.276223,31.6984,0.316415,385837,0.017855,680,360,0.3,102.8,0,0.636716773855827,True,1.9375908363755412,151.21346578995792,378.36711878112396,0.0,,,,,21.3203125,0.3515625,1114.111,121.855,368
132,easy-paced,easy-reuse-paced,EASY — steady arrivals at 50% of the slower server's capacity,EASY retain-reuse,tcp,retain-reuse,csharp,cpp,1,easy64k,easy,16,64,12868.383,steady,4194304,8,30,15,,0.03926265086591243,0.06288785076772328,True,"{""cpp"": ""37338867390e2af7b43a99b2206f023cb50ae63424aeadd6fcca668f3e763057"", ""csharp"": ""9baa04d7e578106cc752214408607c2ac6ce5bf81b4dbeae642cf60eedac603b""}",F:\SocketServerClient\results\rework-campaign-20260929\0132-easy-reuse-paced-csharp,True,5137696.866666666,802.4700293858846,,,0.4233570471688173,,True,scheduled,386052,385670,382,385670,0,0,0,0.199679,0.386047,28.377087,29.6121,0.372735,385670,0.015711,1899,788,0.3,81.3,0,0.6293472061441763,True,2.2404179828365827,174.97958098892835,437.8346475944729,,2,0,0,0.596,82.28515625,0.3515625,1105.919,128.511,368
133,easy-paced,easy-reuse-paced,EASY — steady arrivals at 50% of the slower server's capacity,EASY retain-reuse,tcp,retain-reuse,cpp,cpp,2,easy64k,easy,16,64,12868.383,steady,4194304,8,30,15,,0.04283438223993373,0.0668010322959534,,"{""cpp"": ""37338867390e2af7b43a99b2206f023cb50ae63424aeadd6fcca668f3e763057"", ""csharp"": ""9baa04d7e578106cc752214408607c2ac6ce5bf81b4dbeae642cf60eedac603b""}",F:\SocketServerClient\results\rework-campaign-20260929\0133-easy-reuse-paced-cpp,True,5141434.766666667,803.0546900431315,,,0.0,,True,scheduled,386052,385951,101,385951,0,0,0,0.190463,0.317439,3.063807,34.726,0.316415,385951,0.013503,663,249,0.3,48.5,0,0.6384317615539257,True,1.944828313379298,151.73558301442412,379.6738212071971,0.0,,,,,21.37109375,0.3515625,1114.111,121.855,368
134,easy-paced,easy-reuse-paced,EASY — steady arrivals at 50% of the slower server's capacity,EASY retain-reuse,tcp,retain-reuse,csharp,cpp,2,easy64k,easy,16,64,12868.383,steady,4194304,8,30,15,,0.03187407713695522,0.03975772114434775,True,"{""cpp"": ""37338867390e2af7b43a99b2206f023cb50ae63424aeadd6fcca668f3e763057"", ""csharp"": ""9baa04d7e578106cc752214408607c2ac6ce5bf81b4dbeae642cf60eedac603b""}",F:\SocketServerClient\results\rework-campaign-20260929\0134-easy-reuse-paced-csharp,True,5140210.366666666,802.8653870900472,,,0.45027680494000333,,True,scheduled,386052,385860,192,385860,0,0,0,0.199167,0.340991,5.554175,30.7244,0.334847,385860,0.012607,1533,399,0.3,1073.6,2,0.6359379459346265,False,2.2338702490798736,174.3669983931996,436.3033348544871,,2,0,0,0.488,82.01953125,0.3515625,1105.919,128.767,368
135,easy-paced,easy-aggregate-paced,EASY — steady arrivals at 50% of the slower server's capacity,EASY aggregate,tcp,aggregate,cpp,cpp,2,easy64k,easy,16,64,15320.2,steady,4194304,8,30,15,,0.032295558718890914,0.054987272319249735,,"{""cpp"": ""37338867390e2af7b43a99b2206f023cb50ae63424aeadd6fcca668f3e763057"", ""csharp"": ""9baa04d7e578106cc752214408607c2ac6ce5bf81b4dbeae642cf60eedac603b""}",F:\SocketServerClient\results\rework-campaign-20260929\0135-easy-aggregate-paced-cpp,True,6122684.633333334,956.3131236076355,,,0.0,,True,scheduled,459606,459606,0,459606,0,0,0,0.157183,0.283647,1.097727,9.1494,0.283647,459606,0.024703,525,43,0.4,44.2,0,0.6913422910914796,True,1.8010499416929306,118.0018863983499,295.2633876948884,0.0,,,,,15.4375,0.0,948.223,89.343,448
136,easy-paced,easy-aggregate-paced,EASY — steady arrivals at 50% of the slower server's capacity,EASY aggregate,tcp,aggregate,csharp,cpp,2,easy64k,easy,16,64,15320.2,steady,4194304,8,30,15,,0.041875077421611985,0.058349303944900094,True,"{""cpp"": ""37338867390e2af7b43a99b2206f023cb50ae63424aeadd6fcca668f3e763057"", ""csharp"": ""9baa04d7e578106cc752214408607c2ac6ce5bf81b4dbeae642cf60eedac603b""}",F:\SocketServerClient\results\rework-campaign-20260929\0136-easy-aggregate-paced-csharp,True,6117734.1,955.5411469459534,,,0.358855785061882,,True,scheduled,459606,459235,371,459235,0,0,0,0.172031,0.437247,11.730943,23.5531,0.420863,459235,0.051711,2222,871,0.3,153.5,0,0.6939640916792372,True,2.279915089215231,149.4673206528248,373.9964499538434,,4,0,0,1.269,57.609375,0.0,933.887,101.631,448
137,easy-paced,easy-aggregate-paced,EASY — steady arrivals at 50% of the slower server's capacity,EASY aggregate,tcp,aggregate,csharp,cpp,3,easy64k,easy,16,64,15320.2,steady,4194304,8,30,15,,0.028764501021574903,0.038409107912143525,True,"{""cpp"": ""37338867390e2af7b43a99b2206f023cb50ae63424aeadd6fcca668f3e763057"", ""csharp"": ""9baa04d7e578106cc752214408607c2ac6ce5bf81b4dbeae642cf60eedac603b""}",F:\SocketServerClient\results\rework-campaign-20260929\0137-easy-aggregate-paced-csharp,True,6122684.633333334,956.3131236076355,,,0.38051181257436484,,True,scheduled,459606,459606,0,459606,0,0,0,0.171519,0.312319,1.286143,3.0043,0.312319,459606,0.025215,780,0,0.4,119.4,0,0.686757613117844,True,2.236447228592768,146.52495833387727,366.6335929026128,,4,0,0,1.189,57.3125,0.0,935.935,101.631,448
138,easy-paced,easy-aggregate-paced,EASY — steady arrivals at 50% of the slower server's capacity,EASY aggregate,tcp,aggregate,cpp,cpp,3,easy64k,easy,16,64,15320.2,steady,4194304,8,30,15,,0.030999831672857015,0.048528682947576104,,"{""cpp"": ""37338867390e2af7b43a99b2206f023cb50ae63424aeadd6fcca668f3e763057"", ""csharp"": ""9baa04d7e578106cc752214408607c2ac6ce5bf81b4dbeae642cf60eedac603b""}",F:\SocketServerClient\results\rework-campaign-20260929\0138-easy-aggregate-paced-cpp,True,6122671.333333333,956.311042881012,,,0.0,,True,scheduled,459606,459606,0,459606,0,0,0,0.157183,0.267263,0.565247,2.6789,0.267263,459606,0.018815,197,0,0.3,68.3,0,0.6898439651408713,True,1.775845715191646,116.37005391574523,291.18022935165743,0.0,,,,,15.43359375,0.0,948.223,89.343,448
139,easy-paced,easy-reuse-paced,EASY — steady arrivals at 50% of the slower server's capacity,EASY retain-reuse,tcp,retain-reuse,csharp,cpp,3,easy64k,easy,16,64,12868.383,steady,4194304,8,30,15,,0.033140707748623516,0.05224469264975118,True,"{""cpp"": ""37338867390e2af7b43a99b2206f023cb50ae63424aeadd6fcca668f3e763057"", ""csharp"": ""9baa04d7e578106cc752214408607c2ac6ce5bf81b4dbeae642cf60eedac603b""}",F:\SocketServerClient\results\rework-campaign-20260929\0139-easy-reuse-paced-csharp,True,5140729.133333334,802.9444239934286,,,0.4302649634048592,,True,scheduled,386052,385898,154,385898,0,0,0,0.199679,0.338943,6.291455,21.1373,0.333823,385898,0.013119,1479,466,0.4,175.5,0,0.6338506112178588,True,2.2312083144284607,174.10688834873463,435.6514207916402,,2,0,0,0.491,82.04296875,0.3515625,1105.919,128.255,368
140,easy-paced,easy-reuse-paced,EASY — steady arrivals at 50% of the slower server's capacity,EASY retain-reuse,tcp,retain-reuse,cpp,cpp,3,easy64k,easy,16,64,12868.383,steady,4194304,8,30,15,,0.024716556598614353,0.042334675151612794,,"{""cpp"": ""37338867390e2af7b43a99b2206f023cb50ae63424aeadd6fcca668f3e763057"", ""csharp"": ""9baa04d7e578106cc752214408607c2ac6ce5bf81b4dbeae642cf60eedac603b""}",F:\SocketServerClient\results\rework-campaign-20260929\0140-easy-reuse-paced-cpp,True,5142777.433333334,803.2648523330688,,,0.0,,True,scheduled,386052,386052,0,386052,0,0,0,0.190463,0.287743,0.509951,3.856,0.287743,386052,0.009503,206,0,0.4,39.7,0,0.6308753834433941,True,1.9346252048597878,150.8864090847865,377.549218806916,0.0,,,,,21.296875,0.3515625,1114.111,121.855,368
141,easy-paced,easy-aggregate-paced,EASY — steady arrivals at 50% of the slower server's capacity,EASY aggregate,tcp,aggregate,csharp,cpp,4,easy64k,easy,16,64,15320.2,steady,4194304,8,30,15,,0.025648522941578728,0.03637418520848723,True,"{""cpp"": ""37338867390e2af7b43a99b2206f023cb50ae63424aeadd6fcca668f3e763057"", ""csharp"": ""9baa04d7e578106cc752214408607c2ac6ce5bf81b4dbeae642cf60eedac603b""}",F:\SocketServerClient\results\rework-campaign-20260929\0141-easy-aggregate-paced-csharp,True,6122671.333333333,956.311042881012,,,0.3623647760716207,,True,scheduled,459606,459606,0,459606,0,0,0,0.170495,0.276479,1.343487,2.8583,0.276479,459606,0.014207,806,0,0.3,47.2,0,0.6900924069110681,True,2.2307754584877313,146.18499323333464,365.7829349144397,,4,0,0,1.229,57.26171875,0.0,935.935,101.119,448
142,easy-paced,easy-aggregate-paced,EASY — steady arrivals at 50% of the slower server's capacity,EASY aggregate,tcp,aggregate,cpp,cpp,4,easy64k,easy,16,64,15320.2,steady,4194304,8,30,15,,0.025489033493827112,0.0421417365346519,,"{""cpp"": ""37338867390e2af7b43a99b2206f023cb50ae63424aeadd6fcca668f3e763057"", ""csharp"": ""9baa04d7e578106cc752214408607c2ac6ce5bf81b4dbeae642cf60eedac603b""}",F:\SocketServerClient\results\rework-campaign-20260929\0142-easy-aggregate-paced-cpp,True,6122684.633333334,956.3131236076355,,,0.0,,True,scheduled,459606,459606,0,459606,0,0,0,0.157183,0.257023,0.548863,2.7248,0.257023,459606,0.015519,192,0,0.3,87.4,0,0.69231651282407,True,1.7873230840768404,117.08398062688477,292.96661112682096,0.0,,,,,15.44140625,0.0,948.223,89.087,448
143,easy-paced,easy-reuse-paced,EASY — steady arrivals at 50% of the slower server's capacity,EASY retain-reuse,tcp,retain-reuse,cpp,cpp,4,easy64k,easy,16,64,12868.383,steady,4194304,8,30,15,,0.02071870043159082,0.03739974369028581,,"{""cpp"": ""37338867390e2af7b43a99b2206f023cb50ae63424aeadd6fcca668f3e763057"", ""csharp"": ""9baa04d7e578106cc752214408607c2ac6ce5bf81b4dbeae642cf60eedac603b""}",F:\SocketServerClient\results\rework-campaign-20260929\0143-easy-reuse-paced-cpp,True,5142777.433333334,803.2648523330688,,,0.0,,True,scheduled,386052,386052,0,386052,0,0,0,0.188927,0.296959,0.480255,2.3823,0.296959,386052,0.009631,142,0,0.4,47.1,0,0.6356081442256205,True,1.917164993380838,149.51029913068706,374.10590511608035,0.0,,,,,21.41796875,0.3515625,1114.111,121.599,368
144,easy-paced,easy-reuse-paced,EASY — steady arrivals at 50% of the slower server's capacity,EASY retain-reuse,tcp,retain-reuse,csharp,cpp,4,easy64k,easy,16,64,12868.383,steady,4194304,8,30,15,,0.02314191829727063,0.03695914048072502,True,"{""cpp"": ""37338867390e2af7b43a99b2206f023cb50ae63424aeadd6fcca668f3e763057"", ""csharp"": ""9baa04d7e578106cc752214408607c2ac6ce5bf81b4dbeae642cf60eedac603b""}",F:\SocketServerClient\results\rework-campaign-20260929\0144-easy-reuse-paced-csharp,True,5142777.433333334,803.2648523330688,,,0.4630469472893327,,True,scheduled,386052,386052,0,386052,0,0,0,0.198655,0.313343,1.576959,3.0452,0.313343,386052,0.009631,939,0,0.3,1305.0,4,0.6266020216106787,False,2.212659466865937,172.5803777729425,431.83204640361845,,3,0,0,0.769,82.22265625,0.3515625,1105.919,128.767,368
145,easy-paced,easy-reuse-paced,EASY — steady arrivals at 50% of the slower server's capacity,EASY retain-reuse,tcp,retain-reuse,csharp,cpp,5,easy64k,easy,16,64,12868.383,steady,4194304,8,30,15,,0.022904032707215215,0.03265935546053863,True,"{""cpp"": ""37338867390e2af7b43a99b2206f023cb50ae63424aeadd6fcca668f3e763057"", ""csharp"": ""9baa04d7e578106cc752214408607c2ac6ce5bf81b4dbeae642cf60eedac603b""}",F:\SocketServerClient\results\rework-campaign-20260929\0145-easy-reuse-paced-csharp,True,5142777.433333334,803.2648523330688,,,0.4414355503714825,,True,scheduled,386052,386052,0,386052,0,0,0,0.197631,0.310271,1.478655,2.6405,0.310271,386052,0.009631,770,0,0.4,41.7,0,0.6325008099829241,True,2.2344865401090024,174.28027830447712,436.0855515511213,,2,0,0,0.517,82.35546875,0.3515625,1110.015,127.999,368
146,easy-paced,easy-reuse-paced,EASY — steady arrivals at 50% of the slower server's capacity,EASY retain-reuse,tcp,retain-reuse,cpp,cpp,5,easy64k,easy,16,64,12868.383,steady,4194304,8,30,15,,0.026942608572336726,0.044195937718715245,,"{""cpp"": ""37338867390e2af7b43a99b2206f023cb50ae63424aeadd6fcca668f3e763057"", ""csharp"": ""9baa04d7e578106cc752214408607c2ac6ce5bf81b4dbeae642cf60eedac603b""}",F:\SocketServerClient\results\rework-campaign-20260929\0146-easy-reuse-paced-cpp,True,5142777.433333334,803.2648523330688,,,0.0,,True,scheduled,386052,386052,0,386052,0,0,0,0.189951,0.297983,0.505855,3.5427,0.297983,386052,0.009631,158,0,0.3,39.7,0,0.6355887804072854,True,1.9145105034998007,149.34840384196949,373.70080938774674,0.0,,,,,21.3125,0.3515625,1114.111,121.855,368
147,easy-paced,easy-aggregate-paced,EASY — steady arrivals at 50% of the slower server's capacity,EASY aggregate,tcp,aggregate,csharp,cpp,5,easy64k,easy,16,64,15320.2,steady,4194304,8,30,15,,0.024300241314719178,0.038422253618217266,True,"{""cpp"": ""37338867390e2af7b43a99b2206f023cb50ae63424aeadd6fcca668f3e763057"", ""csharp"": ""9baa04d7e578106cc752214408607c2ac6ce5bf81b4dbeae642cf60eedac603b""}",F:\SocketServerClient\results\rework-campaign-20260929\0147-easy-aggregate-paced-csharp,True,6122684.633333334,956.3131236076355,,,0.35174577694312453,,True,scheduled,459606,459606,0,459606,0,0,0,0.169983,0.278527,1.253375,2.8685,0.278527,459606,0.014207,713,0,0.3,39.6,0,0.6873890737684547,True,2.229445531199553,146.08300370317184,365.52773751798776,,4,0,0,1.141,57.5546875,0.0,935.935,100.863,448
148,easy-paced,easy-aggregate-paced,EASY — steady arrivals at 50% of the slower server's capacity,EASY aggregate,tcp,aggregate,cpp,cpp,5,easy64k,easy,16,64,15320.2,steady,4194304,8,30,15,,0.02549943989031888,0.040118998290887,,"{""cpp"": ""37338867390e2af7b43a99b2206f023cb50ae63424aeadd6fcca668f3e763057"", ""csharp"": ""9baa04d7e578106cc752214408607c2ac6ce5bf81b4dbeae642cf60eedac603b""}",F:\SocketServerClient\results\rework-campaign-20260929\0148-easy-aggregate-paced-cpp,True,6122684.633333334,956.3131236076355,,,0.0,,True,scheduled,459606,459606,0,459606,0,0,0,0.157183,0.258559,0.610303,3.9124,0.258559,459606,0.015711,234,0,0.3,67.5,0,0.6912388513718299,True,1.7747560257214032,116.26806438558243,290.9250319552055,0.0,,,,,15.4375,0.0,948.223,89.087,448
149,easy-paced,easy-aggregate-paced,EASY — steady arrivals at 50% of the slower server's capacity,EASY aggregate,tcp,aggregate,cpp,cpp,6,easy64k,easy,16,64,15320.2,steady,4194304,8,30,15,,0.021781338987750462,0.032130032617376764,,"{""cpp"": ""37338867390e2af7b43a99b2206f023cb50ae63424aeadd6fcca668f3e763057"", ""csharp"": ""9baa04d7e578106cc752214408607c2ac6ce5bf81b4dbeae642cf60eedac603b""}",F:\SocketServerClient\results\rework-campaign-20260929\0149-easy-aggregate-paced-cpp,True,6122684.633333334,956.3131236076355,,,0.0,,True,scheduled,459606,459606,0,459606,0,0,0,0.157183,0.252415,0.610303,3.6569,0.252415,459606,0.013119,234,0,0.3,583.8,0,0.6880138041429298,True,1.765659594786878,115.69012371465995,289.4789133753112,0.0,,,,,15.4375,0.0,948.223,89.087,448
150,easy-paced,easy-aggregate-paced,EASY — steady arrivals at 50% of the slower server's capacity,EASY aggregate,tcp,aggregate,csharp,cpp,6,easy64k,easy,16,64,15320.2,steady,4194304,8,30,15,,0.04591581491251715,0.064019073611962,True,"{""cpp"": ""37338867390e2af7b43a99b2206f023cb50ae63424aeadd6fcca668f3e763057"", ""csharp"": ""9baa04d7e578106cc752214408607c2ac6ce5bf81b4dbeae642cf60eedac603b""}",F:\SocketServerClient\results\rework-campaign-20260929\0150-easy-aggregate-paced-csharp,True,6112078.433333334,954.656931177775,,,0.36874675285773745,,True,scheduled,459606,458810,796,458810,0,0,0,0.173055,0.657407,inf,29.2694,0.503807,458810,0.050303,3695,1654,0.3,309.2,0,0.695587199289344,True,2.3007539944044266,151.0361042697413,377.9214804631825,,4,0,0,1.246,58.16796875,0.0,933.887,102.143,446
151,easy-paced,easy-reuse-paced,EASY — steady arrivals at 50% of the slower server's capacity,EASY retain-reuse,tcp,retain-reuse,csharp,cpp,6,easy64k,easy,16,64,12868.383,steady,4194304,8,30,15,,0.023424319701298865,0.03866590474772724,True,"{""cpp"": ""37338867390e2af7b43a99b2206f023cb50ae63424aeadd6fcca668f3e763057"", ""csharp"": ""9baa04d7e578106cc752214408607c2ac6ce5bf81b4dbeae642cf60eedac603b""}",F:\SocketServerClient\results\rework-campaign-20260929\0151-easy-reuse-paced-csharp,True,5139958.066666666,802.8237145105998,,,0.42676239969199986,,True,scheduled,386052,385840,212,385840,0,0,0,0.197631,0.336895,7.471103,32.811,0.330751,385840,0.011231,1330,473,0.3,114.6,0,0.6310850440960348,True,2.2286164912873168,173.93058003317438,435.210126769246,,2,0,0,0.484,81.90234375,0.3515625,1110.015,128.255,368
152,easy-paced,easy-reuse-paced,EASY — steady arrivals at 50% of the slower server's capacity,EASY retain-reuse,tcp,retain-reuse,cpp,cpp,6,easy64k,easy,16,64,12868.383,steady,4194304,8,30,15,,0.03467619105176996,0.054138878145439016,,"{""cpp"": ""37338867390e2af7b43a99b2206f023cb50ae63424aeadd6fcca668f3e763057"", ""csharp"": ""9baa04d7e578106cc752214408607c2ac6ce5bf81b4dbeae642cf60eedac603b""}",F:\SocketServerClient\results\rework-campaign-20260929\0152-easy-reuse-paced-cpp,True,5142777.433333334,803.2648523330688,,,0.0,,True,scheduled,386052,386052,0,386052,0,0,0,0.189951,0.304127,0.710655,7.5814,0.304127,386052,0.013503,247,10,0.4,122.9,0,0.6361266901431634,True,1.9508864939470534,152.18157139452717,380.78998463358477,0.0,,,,,21.328125,0.3515625,1114.111,121.855,368
153,hard-sustained,hard-allocate-poisson,HARD — Poisson arrivals at 70% of the slower server's capacity,HARD retain-allocate,tcp,retain-allocate,csharp,cpp,0,hardmix,hard,16,64,5026.817,poisson,4194304,64,60,20,,0.05034281556874359,0.08369341411929003,True,"{""cpp"": ""37338867390e2af7b43a99b2206f023cb50ae63424aeadd6fcca668f3e763057"", ""csharp"": ""9baa04d7e578106cc752214408607c2ac6ce5bf81b4dbeae642cf60eedac603b""}",F:\SocketServerClient\results\rework-campaign-20260929\0153-hard-allocate-poisson-csharp,True,1217657.8666666667,889.9441850185394,,,1327.026934523836,,True,scheduled,301616,301104,512,301104,0,0,0,0.753663,12.910591,inf,52.5733,11.829247,301104,1.167359,124392,12624,1.0,781.6,0,0.6532377145715381,True,2.5628192950510336,512.4371479621659,2111.8226730503675,,1579,893,829,1161.412,391.69921875,16.600092887878418,2621.439,261.631,288
154,hard-sustained,hard-allocate-poisson,HARD — Poisson arrivals at 70% of the slower server's capacity,HARD retain-allocate,tcp,retain-allocate,cpp,cpp,0,hardmix,hard,16,64,5026.817,poisson,4194304,64,60,20,,0.05836277887171899,0.09278660876378579,,"{""cpp"": ""37338867390e2af7b43a99b2206f023cb50ae63424aeadd6fcca668f3e763057"", ""csharp"": ""9baa04d7e578106cc752214408607c2ac6ce5bf81b4dbeae642cf60eedac603b""}",F:\SocketServerClient\results\rework-campaign-20260929\0154-hard-allocate-poisson-cpp,True,1219090.7,891.000254424413,,,1325.983251604864,,True,scheduled,301616,301468,148,301468,0,0,0,0.494591,3.170303,22.282239,44.676,3.121151,301468,1.298431,79035,1255,1.203,961.9,0,0.6439281242023026,True,1.9145249160957547,382.34779479082357,1575.7576175980926,10.310493982777608,,,,,229.796875,15.762984275817871,2793.471,198.143,288
155,hard-sustained,hard-reuse-poisson,HARD — Poisson arrivals at 70% of the slower server's capacity,HARD retain-reuse,tcp,retain-reuse,cpp,cpp,0,hardmix,hard,16,64,5540.57,poisson,4194304,64,60,20,,0.03321451671775832,0.06044651042052852,,"{""cpp"": ""37338867390e2af7b43a99b2206f023cb50ae63424aeadd6fcca668f3e763057"", ""csharp"": ""9baa04d7e578106cc752214408607c2ac6ce5bf81b4dbeae642cf60eedac603b""}",F:\SocketServerClient\results\rework-campaign-20260929\0155-hard-reuse-poisson-cpp,True,1344896.2,982.9633325417836,,,0.9309429083839524,,True,scheduled,332539,332539,0,332539,0,0,0,0.486399,2.777087,4.784127,23.4819,2.777087,332539,1.134591,83251,298,1.303,936.3,0,0.6711659009754143,True,1.9881736222478015,359.96717678227213,1483.417449292489,0.00021651595752678635,,,,,880.9296875,60.1546630859375,2441.215,179.711,320
156,hard-sustained,hard-reuse-poisson,HARD — Poisson arrivals at 70% of the slower server's capacity,HARD retain-reuse,tcp,retain-reuse,csharp,cpp,0,hardmix,hard,16,64,5540.57,poisson,4194304,64,60,20,,0.029057129133703483,0.050010204575552525,True,"{""cpp"": ""37338867390e2af7b43a99b2206f023cb50ae63424aeadd6fcca668f3e763057"", ""csharp"": ""9baa04d7e578106cc752214408607c2ac6ce5bf81b4dbeae642cf60eedac603b""}",F:\SocketServerClient\results\rework-campaign-20260929\0156-hard-reuse-poisson-csharp,True,1344896.2,982.9633325417836,,,1.7172961215532823,,True,scheduled,332539,332539,0,332539,0,0,0,0.673791,4.022271,6.275071,10.5656,4.022271,332539,1.026047,120896,1247,1.0,894.6,0,0.6648944207226127,True,2.7334060826857507,494.8197805370197,2039.1422997649397,,1,0,0,0.388,1074.671875,60.02197265625,2342.911,225.791,320
157,hard-sustained,hard-allocate-poisson,HARD — Poisson arrivals at 70% of the slower server's capacity,HARD retain-allocate,tcp,retain-allocate,csharp,cpp,1,hardmix,hard,16,64,5026.817,poisson,4194304,64,60,20,,0.04436772710271804,0.06604334261185801,True,"{""cpp"": ""37338867390e2af7b43a99b2206f023cb50ae63424aeadd6fcca668f3e763057"", ""csharp"": ""9baa04d7e578106cc752214408607c2ac6ce5bf81b4dbeae642cf60eedac603b""}",F:\SocketServerClient\results\rework-campaign-20260929\0157-hard-allocate-poisson-csharp,True,1218946.4166666667,890.8873065630595,,,1327.0883756618068,,True,scheduled,301616,301414,202,301414,0,0,0,0.749567,10.846207,23.855103,32.8,10.485759,301414,1.060863,123188,9827,0.8,1098.5,1,0.6466435378182316,False,2.5499110790357213,509.26632472280653,2098.695281476738,,1585,896,832,1131.045,388.48046875,16.135860443115234,2646.015,220.159,288
158,hard-sustained,hard-allocate-poisson,HARD — Poisson arrivals at 70% of the slower server's capacity,HARD retain-allocate,tcp,retain-allocate,cpp,cpp,1,hardmix,hard,16,64,5026.817,poisson,4194304,64,60,20,,0.04503577569619103,0.05329584068403302,,"{""cpp"": ""37338867390e2af7b43a99b2206f023cb50ae63424aeadd6fcca668f3e763057"", ""csharp"": ""9baa04d7e578106cc752214408607c2ac6ce5bf81b4dbeae642cf60eedac603b""}",F:\SocketServerClient\results\rework-campaign-20260929\0158-hard-allocate-poisson-cpp,True,1219762.9666666666,891.4904211521149,,,1326.0030073363068,,True,scheduled,301616,301616,0,301616,0,0,0,0.481279,2.752511,3.776511,9.0658,2.752511,301616,0.946175,75545,51,1.103,617.4,0,0.6419687342258765,True,1.8746468531797025,374.182321229643,1542.0120124576024,10.310762691634396,,,,,229.05078125,15.585317611694336,2719.743,202.751,288
